,Target variable,Score
0,0,8.249622e-05
1,0,1.3255234e-06
2,0,5.3313283e-06
3,0,3.6248996e-06
4,0,7.0589103e-06
5,0,8.4877144e-07
6,0,0.00059269386
7,0,4.6186457e-08
8,0,5.5286982e-06
9,0,1.06291814e-07
10,0,9.436996e-07
11,0,0.0011366816
12,0,0.0073607024
13,0,2.988128e-06
14,0,5.1699993e-07
15,0,7.613318e-07
16,0,0.00094676035
17,0,5.8061933e-06
18,0,0.016798085
19,0,1.3230847e-05
20,0,8.97109e-05
21,0,1.4261151e-06
22,0,4.4405308e-05
23,0,9.1636235e-07
24,0,6.349575e-06
25,0,3.08559e-06
26,0,2.3894212e-05
27,0,4.877971e-05
28,0,7.713796e-08
29,0,2.0600264e-06
30,0,7.310383e-05
31,0,8.552753e-05
32,0,1.1435067e-06
33,0,3.099741e-06
34,0,7.783665e-06
35,0,3.2508528e-06
36,0,0.52828765
37,0,2.4562047e-05
38,0,9.164235e-06
39,0,7.094346e-05
40,0,4.5340632e-05
41,0,1.0171975e-05
42,0,1.4983839e-05
43,0,0.0017291403
44,0,0.00011300462
45,0,2.3093642e-07
46,0,5.3388336e-05
47,0,5.3178184e-07
48,0,1.5182029e-07
49,0,0.000104445426
50,0,1.9825651e-05
51,0,2.9191253e-06
52,0,3.4481636e-05
53,0,7.825002e-06
54,0,5.6487306e-06
55,0,1.4185086e-05
56,0,0.0007719083
57,0,8.34595e-05
58,0,2.6211635e-06
59,0,1.6739516e-05
60,0,1.1692033e-05
61,0,7.528596e-05
62,0,2.3715297e-06
63,0,0.00025179776
64,0,1.1345915e-05
65,0,3.9504616e-06
66,0,0.00018669566
67,0,1.0557071e-07
68,0,2.0176973e-05
69,0,0.000184502
70,0,1.9912572e-06
71,0,4.0893174e-05
72,0,3.9536284e-05
73,0,6.9569064e-06
74,0,1.3546902e-05
75,0,3.5674482e-05
76,0,2.8461538e-05
77,0,4.865968e-07
78,0,4.488401e-05
79,0,1.7800623e-05
80,0,2.2560176e-05
81,0,0.0009378479
82,0,0.0007726789
83,0,1.3118873e-05
84,0,1.8776298e-05
85,0,1.3695433e-06
86,0,6.4180036e-05
87,0,1.4117995e-06
88,0,1.6348724e-06
89,0,2.5267747e-05
90,0,2.8963507e-06
91,0,2.358743e-06
92,0,6.8329623e-06
93,0,1.3250495e-05
94,0,2.6655453e-06
95,0,7.1954305e-06
96,0,1.00552825e-05
97,0,2.4140636e-05
98,0,0.00041224834
99,0,0.0002746832
100,0,2.1145174e-06
101,0,7.0000256e-06
102,0,9.1181363e-07
103,0,4.1464617e-05
104,0,2.3890134e-05
105,0,2.2291695e-07
106,0,9.62781e-06
107,0,3.8740196e-05
108,0,0.00031665422
109,0,3.2528336e-05
110,0,2.6205962e-06
111,0,6.510045e-05
112,0,9.914744e-06
113,0,0.0003896347
114,0,1.39208105e-05
115,0,4.441905e-06
116,0,6.0026523e-05
117,0,0.092051364
118,0,2.0493599e-07
119,0,9.84409e-07
120,0,3.990264e-06
121,0,3.5418275e-06
122,0,5.5134627e-05
123,0,4.460051e-06
124,0,5.0663616e-06
125,0,2.5783522e-05
126,0,0.0011928055
127,0,3.6858538e-08
128,0,0.00030104225
129,0,4.340439e-05
130,0,1.8796418e-05
131,0,2.224751e-06
132,0,1.0926061e-05
133,0,0.00081012055
134,0,8.537919e-07
135,0,5.7074438e-05
136,0,8.853065e-06
137,0,8.791763e-06
138,0,8.163147e-07
139,0,3.9613307e-05
140,0,0.0011331873
141,0,4.8486663e-07
142,0,7.703561e-05
143,0,4.844446e-07
144,0,4.4681157e-05
145,0,5.996153e-05
146,0,1.2322593e-05
147,0,0.00018103793
148,0,0.00053407194
149,0,3.42638e-07
150,0,0.0011473392
151,0,8.5746547e-07
152,0,1.3454678e-05
153,0,2.1888854e-06
154,0,0.00011463927
155,0,3.90968e-06
156,0,1.631054e-07
157,0,0.0014082936
158,0,2.3325094e-05
159,0,0.00013116718
160,0,0.00024917338
161,0,4.475159e-06
162,0,3.8012752e-07
163,0,0.00014980054
164,0,8.452911e-06
165,0,7.355914e-05
166,0,0.00027274556
167,0,3.6966617e-06
168,0,1.8515886e-05
169,0,2.0016128e-06
170,0,0.11186794
171,0,2.1014503e-06
172,0,0.0001944012
173,0,1.1220054e-05
174,0,3.4483148e-06
175,0,9.347604e-07
176,0,0.00018498182
177,0,6.16746e-05
178,0,2.655019e-06
179,0,5.009449e-07
180,0,1.6782114e-05
181,0,5.074677e-05
182,0,8.611659e-06
183,0,1.8208148e-06
184,0,8.1567896e-07
185,0,2.4742954e-05
186,0,7.260217e-05
187,0,8.5415304e-05
188,0,2.8367706e-06
189,0,2.9781165e-06
190,0,2.5809033e-05
191,0,1.7009916e-05
192,0,9.958256e-07
193,0,2.3037926e-05
194,0,9.701517e-05
195,0,8.6136315e-05
196,0,0.00014410437
197,0,3.822091e-05
198,0,1.018782e-06
199,0,3.7385224e-05
200,0,2.6984917e-05
201,0,1.1362719e-05
202,0,2.0202149e-06
203,0,1.5064491e-05
204,0,0.00035737295
205,0,7.4159393e-06
206,0,0.00019437229
207,0,1.5028761e-05
208,0,0.0042389315
209,0,8.840494e-06
210,0,9.133297e-06
211,0,1.8265802e-06
212,0,7.1521737e-07
213,0,9.593747e-07
214,0,2.1985357e-05
215,0,6.07829e-05
216,0,3.7093537e-07
217,0,4.495872e-06
218,0,1.0915083e-05
219,0,7.405738e-05
220,0,5.2108662e-05
221,0,0.000105364146
222,0,0.00015263802
223,0,3.9860342e-06
224,0,0.00016575374
225,0,1.8678002e-05
226,0,1.0788692e-05
227,0,0.00019966972
228,0,7.411906e-05
229,0,0.00039104014
230,0,1.5242656e-06
231,0,2.59032e-05
232,0,4.9881296e-06
233,0,7.4311674e-06
234,0,2.2088782e-06
235,0,1.9392492e-06
236,0,0.0001568483
237,0,4.578669e-05
238,0,4.2388515e-06
239,0,4.617568e-06
240,0,5.4352813e-06
241,0,3.21662e-07
242,0,1.5415231e-06
243,0,0.00021560727
244,0,3.9137856e-05
245,0,0.00010576377
246,0,6.843207e-05
247,0,6.483622e-05
248,0,0.00024769036
249,0,8.8054225e-07
250,0,5.435338e-06
251,0,1.9063001e-06
252,0,1.3118633e-06
253,0,8.190134e-06
254,0,0.00093912386
255,0,4.2140996e-06
256,0,2.1018064e-05
257,0,5.9650245e-07
258,0,0.00026186256
259,0,6.021325e-05
260,0,1.7983372e-06
261,0,5.6544644e-07
262,0,4.959414e-07
263,0,1.5756068e-07
264,0,5.136251e-06
265,0,6.178085e-07
266,0,2.3510354e-06
267,0,2.2890017e-05
268,0,2.566845e-07
269,0,4.682537e-08
270,0,5.9012277e-06
271,0,1.4159325e-05
272,0,4.3976517e-05
273,0,1.313273e-05
274,0,8.694982e-06
275,0,9.79204e-07
276,0,1.738047e-06
277,0,2.0112058e-05
278,0,0.0006470158
279,0,1.3719826e-06
280,0,4.8114703e-06
281,0,0.00074386905
282,0,1.0460932e-05
283,0,2.0346102e-05
284,0,2.517409e-07
285,0,2.9737234e-06
286,0,1.9327432e-05
287,0,2.2579614e-05
288,0,0.0001383365
289,0,3.7725315e-06
290,0,2.2807935e-05
291,0,6.2945833e-06
292,0,4.4815322e-05
293,0,1.706031e-05
294,0,9.384823e-06
295,0,0.0012002937
296,0,0.00011886287
297,0,8.820908e-05
298,0,3.4469733e-06
299,0,9.034875e-06
300,0,0.0003260069
301,0,9.7716336e-05
302,0,0.011995257
303,0,8.609466e-06
304,0,0.000109670145
305,0,1.5137635e-05
306,0,1.3719826e-06
307,0,0.00013192934
308,0,3.6036636e-06
309,0,0.0014971445
310,0,1.8920625e-06
311,0,1.0475147e-05
312,0,8.631919e-06
313,0,1.7779943e-05
314,0,3.2777574e-05
315,0,9.3518465e-06
316,0,9.431168e-05
317,0,2.878368e-05
318,0,4.4912573e-05
319,0,0.00085220684
320,0,1.5175284e-06
321,0,8.440159e-05
322,0,9.323458e-06
323,0,2.790392e-06
324,0,7.530941e-06
325,0,4.1160724e-06
326,0,4.2838693e-07
327,0,0.11239101
328,0,7.45222e-07
329,0,3.0129402e-06
330,0,2.4117721e-06
331,0,1.665185e-05
332,0,2.2858649e-06
333,0,8.423036e-07
334,0,1.4764407e-07
335,0,0.0005093861
336,0,4.197758e-05
337,0,7.380914e-05
338,0,7.087681e-06
339,0,7.497015e-07
340,0,0.0020445902
341,0,0.24907835
342,0,4.8658144e-06
343,0,3.3089718e-06
344,0,6.93725e-07
345,0,2.7515189e-05
346,0,2.0768715e-07
347,0,2.6753708e-06
348,0,6.727888e-05
349,0,1.982696e-06
350,0,0.00025409533
351,0,2.554268e-05
352,0,1.11087125e-07
353,0,1.7009681e-06
354,0,3.6148518e-05
355,0,3.666859e-06
356,0,1.790446e-05
357,0,2.9766854e-06
358,0,8.78314e-06
359,0,0.00019572713
360,0,3.0597323e-05
361,0,0.001572904
362,0,6.612481e-05
363,0,1.7503293e-05
364,0,1.0876368e-05
365,0,2.563501e-06
366,0,0.00010162189
367,0,1.1721228e-05
368,0,1.2261648e-06
369,0,0.00010838039
370,0,0.000881925
371,0,1.3785819e-05
372,0,4.837811e-05
373,0,2.345724e-05
374,0,1.2329679e-07
375,0,3.5530116e-05
376,0,8.090017e-06
377,0,3.0418053e-06
378,0,6.0382245e-05
379,0,1.0499691e-05
380,0,2.4809203e-06
381,0,6.5202344e-06
382,0,2.3994362e-05
383,0,1.890831e-07
384,0,0.0004347942
385,0,0.000100383695
386,0,2.3922894e-06
387,0,5.5455116e-06
388,0,2.09684e-06
389,0,0.0001258819
390,0,8.921308e-06
391,1,2.533998e-06
392,0,1.0568772e-06
393,0,5.4675813e-05
394,0,6.861989e-06
395,0,2.716066e-05
396,0,2.7603985e-06
397,0,4.560578e-06
398,0,4.6918816e-05
399,0,7.830412e-05
400,0,3.8765767e-05
401,0,2.5615338e-06
402,0,1.592986e-05
403,0,5.321329e-07
404,0,2.6682972e-06
405,0,6.90664e-06
406,0,1.1692473e-06
407,0,3.6728186e-05
408,0,7.78879e-05
409,0,7.1492264e-05
410,0,1.4307141e-05
411,0,0.0005282931
412,0,1.6289275e-06
413,0,1.6485092e-05
414,0,0.00015947825
415,0,1.948091e-05
416,0,1.578661e-05
417,0,0.00016474232
418,0,4.2398562e-05
419,0,4.217949e-07
420,0,3.2929027e-05
421,0,1.1158547e-06
422,0,0.00026901273
423,0,2.7977974e-05
424,0,1.7114868e-05
425,0,1.3843985e-05
426,0,6.455103e-06
427,0,1.022903e-06
428,0,3.3363492e-06
429,0,2.4138195e-05
430,0,2.782388e-06
431,0,0.0008567693
432,0,0.000285959
433,0,7.5445273e-06
434,0,3.4464178e-06
435,0,5.2274845e-05
436,0,4.790459e-07
437,0,1.3739582e-07
438,0,6.2798405e-05
439,0,0.0003595532
440,0,2.0432626e-06
441,0,8.93598e-06
442,0,2.3932866e-06
443,0,0.000116613934
444,0,3.8525224e-05
445,0,5.46037e-05
446,0,5.9162508e-06
447,0,0.0014090234
448,0,8.156282e-06
449,0,3.6444837e-07
450,0,0.00029596474
451,0,1.6344891e-06
452,0,0.0008654068
453,0,0.00014611593
454,0,1.8662868e-05
455,0,1.0820118e-05
456,0,2.7496068e-05
457,0,3.466584e-05
458,0,2.3750677e-05
459,0,4.324713e-07
460,0,0.00016065485
461,0,8.461368e-07
462,0,0.0043590614
463,0,2.6437094e-08
464,0,0.00019076951
465,0,1.2545156e-05
466,0,1.6560109e-05
467,0,0.00091876724
468,0,3.1394818e-06
469,0,0.00015661502
470,0,0.0006261888
471,0,0.00012553032
472,0,2.0600264e-06
473,0,2.2535127e-05
474,0,3.1702032e-06
475,0,5.1029915e-06
476,0,1.4044584e-05
477,0,1.1261551e-05
478,0,8.598126e-06
479,0,3.5385732e-05
480,0,1.6704213e-06
481,0,5.601593e-06
482,0,0.00077274255
483,0,1.3874252e-05
484,0,0.00012696141
485,0,6.586829e-05
486,0,6.4836166e-07
487,0,1.8100114e-06
488,0,0.00024010178
489,0,6.251832e-06
490,0,0.00013119433
491,0,7.094968e-05
492,0,0.00016714388
493,0,7.850034e-06
494,0,3.4363362e-05
495,0,0.00044275247
496,0,0.00014874966
497,0,5.9123363e-06
498,0,0.000114990056
499,0,0.000112663656
500,0,2.4098634e-05
501,0,4.1585594e-05
502,0,0.00016680014
503,0,1.988325e-05
504,0,0.0003677399
505,0,5.4760447e-05
506,0,0.00019627994
507,0,0.00078342645
508,0,7.115945e-07
509,0,4.2262336e-06
510,0,4.458588e-06
511,0,6.244304e-05
512,0,8.9278044e-05
513,0,3.0708492e-05
514,0,0.00021393548
515,0,0.0022498555
516,0,5.5748977e-05
517,0,0.00010126078
518,0,7.5829644e-07
519,0,2.7049173e-06
520,0,8.457241e-06
521,0,6.3008897e-06
522,0,2.1317408e-05
523,0,3.0465571e-05
524,0,4.0592913e-05
525,0,7.445553e-06
526,0,5.587028e-06
527,0,8.993208e-06
528,0,0.000110087465
529,0,4.327153e-06
530,0,3.5111374e-05
531,0,0.00056457677
532,0,1.8138708e-05
533,0,0.00022179374
534,0,8.04875e-05
535,0,3.8359617e-06
536,0,2.5580901e-05
537,0,4.2473715e-05
538,0,1.3463803e-05
539,0,0.0005608516
540,0,0.00013718879
541,1,0.9992756
542,0,2.7083144e-05
543,0,0.003172992
544,0,2.9741415e-05
545,0,4.256412e-06
546,0,1.7179673e-05
547,0,1.3324308e-06
548,0,1.1837742e-05
549,0,5.5524655e-05
550,0,5.8732065e-05
551,0,0.00024621078
552,0,2.8982106e-07
553,0,7.398406e-06
554,0,9.6168515e-05
555,0,6.754909e-06
556,0,5.8095367e-05
557,0,4.357036e-07
558,0,3.000233e-05
559,0,3.0296228e-06
560,0,1.2069537e-05
561,0,3.1276312e-07
562,0,9.492812e-06
563,0,0.00040001346
564,0,9.028079e-06
565,0,3.2283394e-06
566,0,1.3315807e-05
567,0,2.3052539e-07
568,0,1.0955233e-05
569,0,8.400381e-05
570,0,0.00018216623
571,0,0.0012684128
572,0,0.00010727518
573,0,2.167432e-05
574,0,3.023798e-05
575,0,4.4692224e-06
576,0,0.0001929569
577,0,6.4274784e-05
578,0,2.5095635e-05
579,0,5.5775836e-06
580,0,1.5993593e-05
581,0,1.3808633e-05
582,0,8.346087e-06
583,0,1.4735974e-05
584,0,1.0111633e-05
585,0,7.2790394e-06
586,0,0.00019943855
587,0,0.0005408046
588,0,0.0023280692
589,0,8.5665915e-06
590,0,1.3474786e-05
591,0,9.4345005e-06
592,0,6.1549906e-07
593,0,0.001141658
594,0,5.8924043e-06
595,0,3.8954062e-05
596,0,7.589859e-07
597,0,2.8476414e-05
598,0,7.7219365e-06
599,0,6.6137335e-07
600,0,3.1231648e-06
601,0,4.2218013e-05
602,0,0.00018970059
603,0,1.2342999e-05
604,0,8.904318e-06
605,0,4.994227e-06
606,0,0.0002572673
607,0,0.00046908983
608,0,2.0145653e-05
609,0,0.00092964404
610,0,9.95073e-06
611,0,0.0017209288
612,0,7.997504e-06
613,0,2.5234474e-06
614,0,6.1422643e-06
615,0,6.786341e-06
616,0,0.0016919078
617,0,5.3546806e-05
618,0,2.830264e-07
619,0,0.00013495763
620,0,3.97831e-06
621,0,0.00018482492
622,0,4.673321e-07
623,0,0.0017311794
624,0,2.4837752e-06
625,0,8.810753e-05
626,0,2.901319e-05
627,0,6.153613e-05
628,0,3.6740207e-07
629,0,4.426405e-07
630,0,3.7662227e-05
631,0,3.0227573e-05
632,0,0.00032303832
633,0,6.2704735e-06
634,0,8.344287e-05
635,0,2.375335e-05
636,0,5.8694436e-06
637,0,5.0304166e-06
638,0,0.2892442
639,0,2.9096143e-06
640,0,1.6246164e-05
641,0,3.8553667e-06
642,0,0.00077216804
643,0,0.00083916035
644,0,5.557116e-06
645,0,7.981733e-06
646,0,2.7842998e-05
647,0,3.3446482e-05
648,0,2.4113324e-05
649,0,0.00010511627
650,0,0.00044279004
651,0,5.6115795e-07
652,0,7.0642445e-06
653,0,7.1736895e-06
654,0,1.1584433e-06
655,0,0.00028629098
656,0,0.00013906405
657,0,7.9763225e-07
658,0,8.7564265e-05
659,0,5.0451854e-06
660,0,9.6993335e-06
661,0,4.9667547e-06
662,0,8.1732895e-07
663,0,0.00013200924
664,0,1.7416327e-05
665,0,7.3662322e-06
666,0,0.0051864567
667,0,3.5404835e-05
668,0,1.8572016e-06
669,0,1.2446296e-05
670,0,1.1544274e-05
671,0,2.6355732e-05
672,0,0.0004955152
673,0,1.563329e-06
674,0,9.234772e-06
675,0,5.140965e-05
676,0,0.001255136
677,0,1.4834505e-05
678,0,4.4121907e-06
679,0,2.5215342e-05
680,0,0.00012272653
681,0,5.712733e-06
682,0,0.00030426326
683,0,9.8201795e-05
684,0,5.9382846e-06
685,0,1.4838538e-05
686,0,7.761504e-05
687,0,1.6522834e-05
688,0,0.00067968125
689,0,2.7645926e-06
690,0,0.00019922301
691,0,2.2650936e-05
692,0,3.550556e-05
693,0,9.2258495e-05
694,0,2.8795557e-06
695,0,1.5210799e-05
696,0,1.3750419e-05
697,0,0.00011295495
698,0,6.049827e-05
699,0,1.3059955e-05
700,0,1.3589253e-05
701,0,0.000112374604
702,0,7.4815266e-06
703,0,3.1741572e-06
704,0,1.0019644e-05
705,0,6.596613e-08
706,0,3.538772e-06
707,0,1.0538593e-05
708,0,4.2269014e-05
709,0,3.5102432e-05
710,0,0.00028557293
711,0,0.0009963139
712,0,1.1360368e-05
713,0,0.0003437144
714,0,1.0511978e-06
715,0,5.9079855e-07
716,0,0.0003218131
717,0,0.00083787285
718,0,3.8120954e-05
719,0,8.598332e-06
720,0,1.7165813e-06
721,0,0.000820684
722,0,2.2199843e-06
723,0,3.995794e-07
724,0,3.013492e-05
725,0,2.7783366e-07
726,0,2.290574e-05
727,0,5.1589694e-05
728,0,2.3588572e-07
729,0,0.000106007916
730,0,7.070932e-07
731,0,3.7547077e-05
732,0,1.6657616e-05
733,0,4.9352566e-05
734,0,6.5656444e-05
735,0,6.705282e-07
736,0,3.6974892e-05
737,0,1.836374e-07
738,0,3.6498852e-07
739,0,3.963628e-06
740,0,4.595309e-05
741,0,2.4195842e-06
742,0,5.6383236e-05
743,0,2.7938568e-05
744,0,4.0322828e-08
745,0,0.0003816234
746,0,3.553377e-07
747,0,2.922203e-05
748,0,7.5746334e-06
749,0,2.0053086e-07
750,0,1.846526e-05
751,0,2.8777362e-07
752,0,0.00011897388
753,0,0.006561209
754,0,2.8238115e-05
755,0,0.0008068356
756,0,6.898888e-05
757,0,3.2454966e-05
758,0,9.229673e-06
759,0,5.7913894e-06
760,0,2.3098444e-07
761,0,9.590568e-05
762,0,1.9729614e-06
763,0,0.0009885042
764,0,3.0798205e-05
765,0,6.3546366e-05
766,0,0.00014508038
767,0,0.00013761553
768,0,0.00019839521
769,0,6.913731e-06
770,0,2.1415091e-05
771,0,2.8594122e-06
772,0,0.0017752241
773,0,0.00027856455
774,0,0.00017830973
775,0,5.1711513e-06
776,0,2.4270537e-06
777,0,3.9234324e-06
778,0,0.00010550771
779,0,4.0285084e-07
780,0,3.2584612e-08
781,0,0.0001206562
782,0,1.0656663e-06
783,0,3.0220508e-06
784,0,3.6541733e-06
785,0,1.5691261e-06
786,0,0.001785835
787,0,3.2475396e-05
788,0,1.11371255e-05
789,0,1.7671906e-05
790,0,1.1417814e-05
791,0,1.1140716e-06
792,0,1.8786131e-05
793,0,1.2063e-05
794,0,0.0010677823
795,0,0.0005271025
796,0,4.896281e-08
797,0,0.00019938056
798,0,1.2115677e-05
799,0,1.6517854e-05
800,0,0.0002475258
801,0,2.1316669e-06
802,0,1.3799589e-05
803,0,5.6974714e-06
804,0,0.00017192298
805,0,3.8346905e-05
806,0,8.065482e-06
807,0,6.0508864e-06
808,0,0.0005334454
809,0,5.1364175e-05
810,0,3.7427203e-06
811,0,0.00037147928
812,0,0.00022634697
813,0,6.9486186e-06
814,0,8.249e-05
815,0,1.5224498e-06
816,0,2.051925e-05
817,0,3.3679466e-06
818,0,9.0146445e-05
819,0,3.2835374e-06
820,0,3.2463384e-05
821,0,2.5162566e-07
822,0,0.00013099707
823,0,5.5875284e-06
824,0,1.8150208e-06
825,0,0.0016579563
826,0,0.00025172046
827,0,1.9626455e-05
828,0,9.5559415e-05
829,0,1.36135595e-05
830,0,0.00071375625
831,0,2.3135393e-05
832,0,7.4515e-05
833,0,0.0029969593
834,0,9.943006e-05
835,0,1.8467196e-06
836,0,2.9452879e-06
837,0,1.501821e-06
838,0,1.1635693e-05
839,0,1.1817943e-08
840,0,1.2149149e-05
841,0,4.770013e-06
842,0,1.3162646e-06
843,0,1.3674429e-05
844,0,0.00010752158
845,0,0.000114497896
846,0,4.7076032e-06
847,0,5.106152e-07
848,0,7.639494e-07
849,0,8.6752996e-05
850,0,1.8028166e-05
851,0,1.705917e-05
852,0,0.00037108603
853,0,9.1800575e-05
854,0,9.052037e-06
855,0,3.503812e-05
856,0,1.7011173e-06
857,0,2.6456544e-07
858,0,2.0908094e-06
859,0,5.630259e-05
860,0,6.430502e-06
861,0,2.4494866e-05
862,0,4.487301e-06
863,0,3.0362025e-05
864,0,9.578571e-07
865,0,6.160674e-06
866,0,1.865518e-05
867,0,1.8136348e-06
868,0,2.1512831e-05
869,0,3.4412322e-05
870,0,3.7097006e-06
871,0,0.0005501062
872,0,0.00032749813
873,0,2.0507943e-05
874,0,1.1564329e-05
875,0,4.259106e-05
876,0,9.090396e-06
877,0,2.3394065e-05
878,0,3.5167454e-06
879,0,4.4423774e-05
880,0,9.715458e-05
881,0,2.737149e-06
882,0,1.680901e-06
883,0,0.0008121224
884,0,1.0056912e-06
885,0,4.3314532e-07
886,0,3.301792e-05
887,0,7.4259355e-05
888,0,1.5499402e-06
889,0,6.479449e-05
890,0,1.984173e-05
891,0,0.00018403692
892,0,1.0636027e-05
893,0,0.00015260746
894,0,9.1745e-05
895,0,4.2941912e-05
896,0,9.072917e-05
897,0,2.943008e-06
898,0,3.4911576e-05
899,0,4.3237487e-05
900,0,3.8816384e-07
901,0,9.1816e-07
902,0,7.1002046e-07
903,0,7.110274e-07
904,0,1.3452536e-06
905,0,2.335021e-06
906,0,1.2957487e-07
907,0,2.094535e-05
908,0,5.4212105e-06
909,0,2.5297668e-05
910,0,0.0009542834
911,0,0.0014300777
912,0,1.16430975e-07
913,0,0.00019996522
914,0,2.4706496e-06
915,0,3.864923e-06
916,0,0.00017218727
917,0,1.7889822e-06
918,0,7.78879e-05
919,0,3.411875e-05
920,0,8.160558e-05
921,0,8.639957e-06
922,0,1.0256194e-05
923,0,2.3269327e-05
924,0,8.6892686e-07
925,0,1.3388656e-05
926,0,2.2477327e-05
927,0,0.00011789705
928,0,3.4903069e-06
929,0,3.6045865e-05
930,0,0.0002494674
931,0,6.488126e-08
932,0,1.9684676e-06
933,0,2.999283e-05
934,0,6.675396e-07
935,0,1.2417783e-05
936,0,9.902923e-06
937,0,0.0001102523
938,0,1.6014543e-06
939,0,8.2623366e-05
940,0,4.0584204e-05
941,0,6.132689e-06
942,0,3.738408e-05
943,0,1.4905445e-06
944,0,0.0001016152
945,0,2.2402098e-06
946,0,3.7408012e-05
947,0,7.2786424e-05
948,0,0.00019798156
949,0,0.00016660194
950,0,1.0229381e-05
951,0,1.5508422e-06
952,0,1.4171413e-06
953,0,1.0682482e-05
954,0,4.082374e-05
955,0,4.132932e-07
956,0,0.00094529026
957,0,1.6142055e-06
958,0,9.3459823e-07
959,0,6.8030095e-05
960,0,6.229971e-06
961,0,1.9124973e-07
962,0,1.6409755e-06
963,0,5.9176614e-07
964,0,0.0035689333
965,0,3.5477096e-06
966,0,1.4047436e-05
967,0,6.2945833e-06
968,0,4.298971e-08
969,0,2.1552709e-05
970,0,3.5567375e-06
971,0,4.4627035e-05
972,0,3.820688e-05
973,0,0.0010276277
974,0,5.2807063e-06
975,0,1.8724194e-06
976,0,1.5825145e-06
977,0,0.00021465837
978,0,7.3825264e-05
979,0,4.537953e-06
980,0,1.0734872e-05
981,0,1.1613326e-06
982,0,3.3451892e-07
983,0,2.8182507e-05
984,0,4.77283e-06
985,0,1.8690065e-05
986,0,3.669248e-07
987,0,0.0016042618
988,0,3.2371754e-05
989,0,4.6951714e-05
990,0,0.0002517591
991,0,2.2812112e-05
992,0,8.2540675e-05
993,0,3.1358343e-06
994,0,2.8254335e-06
995,0,6.611629e-06
996,0,5.727e-05
997,0,9.146728e-06
998,0,1.4439415e-05
999,0,7.851411e-06
1000,0,8.257618e-05
1001,0,1.4627186e-05
1002,0,8.5432947e-07
1003,0,6.3129995e-08
1004,0,1.1924315e-06
1005,0,4.7386966e-06
1006,0,2.7765012e-07
1007,0,1.8885537e-05
1008,0,2.4895144e-05
1009,0,0.00010286996
1010,0,1.0481306e-06
1011,0,4.3754517e-05
1012,0,1.8521854e-05
1013,0,7.59568e-07
1014,0,2.2664353e-05
1015,0,9.456238e-05
1016,0,6.231049e-07
1017,0,4.083589e-05
1018,0,1.668932e-05
1019,0,1.7242735e-05
1020,0,1.6867329e-05
1021,0,3.5899997e-05
1022,0,4.031809e-06
1023,0,8.368144e-05
1024,0,0.00031931832
1025,0,9.415613e-05
1026,0,6.6328283e-07
1027,0,2.5745848e-07
1028,0,9.361132e-08
1029,0,1.30047465e-05
1030,0,6.9467893e-07
1031,0,0.00028056145
1032,0,2.9796205e-05
1033,0,1.8218344e-06
1034,0,0.0053648963
1035,0,3.3694556e-07
1036,0,3.2421307e-05
1037,0,1.301606e-06
1038,0,6.0341376e-05
1039,0,9.786655e-06
1040,0,1.967229e-06
1041,0,2.7101255e-06
1042,0,0.002930285
1043,0,0.0002467906
1044,0,0.00017572714
1045,0,2.0714842e-06
1046,0,0.0001578808
1047,0,9.4812494e-05
1048,0,2.9987485e-05
1049,0,3.885327e-07
1050,0,0.000105648454
1051,0,0.0012991398
1052,0,3.8016544e-05
1053,0,5.850141e-06
1054,0,0.0001010988
1055,0,1.5078534e-05
1056,0,2.0710083e-06
1057,0,1.5544445e-05
1058,0,2.2819117e-06
1059,0,1.5105472e-06
1060,0,6.255619e-06
1061,0,7.960706e-06
1062,0,0.00061291433
1063,0,8.74668e-06
1064,0,3.4514142e-06
1065,0,0.0024957838
1066,0,9.060381e-05
1067,0,1.5137442e-07
1068,0,4.9863673e-05
1069,0,3.660287e-06
1070,0,1.09922385e-05
1071,0,0.00010925783
1072,0,0.00031463377
1073,0,2.727848e-05
1074,0,4.5945642e-05
1075,0,0.00010179977
1076,0,2.045862e-05
1077,0,8.327904e-06
1078,0,4.6996815e-06
1079,0,2.0476793e-05
1080,0,0.00014064698
1081,0,8.111022e-06
1082,0,0.00011277812
1083,0,3.434783e-05
1084,0,9.918044e-06
1085,0,2.6163434e-06
1086,0,2.013868e-05
1087,0,0.00040954034
1088,0,9.108132e-06
1089,0,0.00011431887
1090,0,2.2939567e-08
1091,0,7.3474434e-06
1092,0,6.7539486e-06
1093,0,0.00076364697
1094,0,4.951851e-05
1095,0,0.0001476825
1096,0,3.26736e-06
1097,0,1.5244505e-05
1098,0,0.002576544
1099,0,3.6020538e-05
1100,0,2.4885127e-05
1101,0,1.039977e-06
1102,0,5.9879985e-06
1103,0,1.2230431e-05
1104,0,1.0335766e-05
1105,0,5.4809934e-06
1106,0,6.524543e-07
1107,0,9.860961e-05
1108,0,1.5287103e-05
1109,0,5.4967317e-05
1110,0,3.623192e-06
1111,0,3.329478e-05
1112,0,1.35058035e-05
1113,0,1.2944525e-05
1114,0,2.593348e-05
1115,0,1.1924659e-05
1116,0,9.0450405e-05
1117,0,0.00052538776
1118,0,1.4123517e-06
1119,0,7.809451e-06
1120,0,0.0005577041
1121,0,3.873022e-05
1122,0,5.8162577e-06
1123,0,0.00056346663
1124,0,1.4143481e-05
1125,0,1.0403212e-06
1126,0,1.16986685e-05
1127,0,2.508231e-06
1128,0,3.4308664e-07
1129,0,3.5553232e-06
1130,0,9.820038e-07
1131,0,2.6966545e-06
1132,0,2.2993172e-05
1133,0,1.827973e-05
1134,0,0.00018830952
1135,0,0.00012616429
1136,0,0.00015523173
1137,0,6.9563494e-06
1138,0,1.2229452e-05
1139,0,7.9315015e-08
1140,0,2.9487608e-05
1141,0,0.0008545047
1142,0,1.2115988e-06
1143,0,0.0005344037
1144,0,2.589085e-06
1145,0,9.324177e-06
1146,0,5.3668216e-05
1147,0,2.2702122e-06
1148,0,0.0001455787
1149,0,1.4563564e-06
1150,0,7.814346e-06
1151,0,3.6975855e-06
1152,0,3.6643523e-05
1153,0,1.1038396e-06
1154,0,1.0816487e-05
1155,0,1.443987e-06
1156,0,1.3275677e-05
1157,0,8.232703e-06
1158,0,2.8643882e-07
1159,0,0.0005904701
1160,0,0.0015058855
1161,0,1.2401086e-06
1162,0,1.6253243e-06
1163,0,1.8000437e-05
1164,0,1.5874436e-06
1165,0,9.411565e-05
1166,0,2.5117738e-06
1167,0,2.4926262e-06
1168,0,3.4148474e-05
1169,0,5.2568344e-06
1170,0,0.00011969841
1171,0,0.00023296852
1172,0,0.0026296885
1173,0,0.00012966445
1174,0,6.53278e-07
1175,0,1.5749414e-06
1176,0,7.1118525e-06
1177,0,0.0013350022
1178,0,0.00016988357
1179,0,5.161156e-07
1180,0,0.00089839083
1181,0,0.00015295885
1182,0,1.4803545e-07
1183,0,4.3410737e-06
1184,0,0.00012596331
1185,0,0.00031535243
1186,0,0.00012094498
1187,0,7.277407e-05
1188,0,1.0701254e-05
1189,0,0.00018005581
1190,0,9.5092735e-05
1191,0,1.4533093e-05
1192,0,2.0197824e-05
1193,0,0.00015419493
1194,0,9.347994e-06
1195,0,0.00015967789
1196,0,1.4202641e-05
1197,0,7.46206e-05
1198,0,7.370293e-05
1199,0,1.6109565e-05
1200,0,3.3731334e-07
1201,0,2.7376557e-06
1202,0,1.5764246e-06
1203,0,3.6756886e-05
1204,0,3.5176457e-05
1205,0,7.779191e-06
1206,0,4.6188932e-05
1207,0,0.00020983127
1208,0,0.00015510405
1209,0,3.620353e-06
1210,0,3.206677e-05
1211,0,0.00010515727
1212,0,7.628816e-06
1213,0,8.180853e-06
1214,0,1.7363554e-06
1215,0,5.524865e-07
1216,0,3.7400878e-05
1217,0,9.629583e-06
1218,0,1.4882969e-05
1219,0,2.3887126e-06
1220,0,0.00019663942
1221,0,1.3873761e-05
1222,0,1.3696296e-06
1223,0,3.9171948e-05
1224,0,1.0431245e-05
1225,0,7.4978116e-06
1226,0,3.5979147e-07
1227,0,6.5052723e-06
1228,0,2.8892888e-05
1229,0,0.000513575
1230,0,6.343992e-05
1231,0,4.348903e-05
1232,0,0.00017657771
1233,0,2.3946723e-05
1234,0,0.00022417237
1235,0,3.5470635e-05
1236,0,0.00024584905
1237,0,8.2910896e-07
1238,0,0.000116338146
1239,0,7.655103e-06
1240,0,3.3185097e-05
1241,0,2.0280373e-05
1242,0,8.105942e-07
1243,0,0.00012855191
1244,0,0.0003243199
1245,0,1.0928145e-05
1246,0,4.1988073e-06
1247,0,2.3253313e-05
1248,0,2.7622184e-07
1249,0,9.68498e-05
1250,0,1.4819778e-06
1251,0,5.221845e-05
1252,0,3.3523218e-06
1253,0,0.00027235164
1254,0,5.7056535e-05
1255,0,2.4817324e-05
1256,0,7.034161e-06
1257,0,8.759732e-07
1258,0,5.702558e-05
1259,0,2.043984e-05
1260,0,0.00020279507
1261,0,4.133655e-09
1262,0,5.0436893e-06
1263,0,1.6221486e-05
1264,0,7.131426e-06
1265,0,6.264744e-07
1266,0,0.00010909667
1267,0,3.9355255e-06
1268,0,0.00029241393
1269,0,7.774325e-06
1270,0,0.0001962732
1271,0,0.00015920599
1272,0,1.5983302e-05
1273,0,7.8579046e-07
1274,0,7.4017585e-06
1275,0,6.415213e-06
1276,0,0.00011530628
1277,0,9.417744e-06
1278,0,0.00063893956
1279,0,9.4741483e-07
1280,0,2.660707e-07
1281,0,0.0003588083
1282,0,0.0003487066
1283,0,4.625002e-05
1284,0,1.0636432e-05
1285,0,5.444415e-07
1286,0,1.6436317e-06
1287,0,2.2587452e-05
1288,0,8.256699e-06
1289,0,0.0009300281
1290,0,4.1769213e-06
1291,0,0.0001010988
1292,0,3.4785557e-05
1293,0,8.389053e-05
1294,0,5.5322316e-06
1295,0,0.0002639395
1296,0,1.4627956e-06
1297,0,3.914823e-05
1298,0,3.8360802e-05
1299,0,4.711515e-07
1300,0,1.706031e-05
1301,0,0.0001104555
1302,0,6.319086e-05
1303,0,1.02169215e-05
1304,0,0.0007162921
1305,0,1.0675506e-05
1306,0,1.23773825e-05
1307,0,3.0052265e-06
1308,0,8.051802e-07
1309,0,0.00011975583
1310,0,5.507116e-07
1311,0,4.904183e-06
1312,0,3.903674e-06
1313,0,1.4118859e-05
1314,0,0.0008069125
1315,0,0.00063545315
1316,0,1.9167182e-06
1317,0,9.680576e-05
1318,0,5.457564e-05
1319,0,8.126476e-06
1320,0,0.0061485763
1321,0,5.6696063e-06
1322,0,4.2222924e-05
1323,0,9.587449e-06
1324,0,0.00048253458
1325,0,3.7633505e-05
1326,0,2.597922e-07
1327,0,2.740724e-05
1328,0,9.2299764e-05
1329,0,6.067713e-06
1330,0,9.172366e-06
1331,0,8.277501e-05
1332,0,2.397494e-07
1333,0,1.3367478e-05
1334,0,0.00058446324
1335,0,8.970423e-05
1336,0,0.000383736
1337,0,1.6166092e-05
1338,0,6.746282e-06
1339,0,1.2875555e-05
1340,0,0.0016168993
1341,0,3.3299918e-06
1342,0,1.0693735e-05
1343,0,3.498817e-05
1344,0,1.9310206e-05
1345,0,8.424129e-07
1346,0,1.976758e-06
1347,0,5.2960862e-05
1348,0,5.3204085e-06
1349,0,0.00024299829
1350,0,5.0460326e-06
1351,0,4.890934e-05
1352,0,1.0186781e-06
1353,0,1.5176126e-05
1354,0,0.00029240613
1355,0,3.7965503e-06
1356,0,0.000100918965
1357,0,6.463941e-07
1358,0,2.2837206e-05
1359,0,6.551822e-07
1360,0,9.89555e-06
1361,0,3.9830175e-06
1362,0,1.3323201e-05
1363,0,0.000117288844
1364,0,3.1519255e-06
1365,0,0.0005521933
1366,0,2.4706313e-05
1367,0,6.212012e-05
1368,0,0.00049650756
1369,0,5.0443046e-05
1370,0,5.520653e-06
1371,0,0.00069412554
1372,0,7.8242865e-06
1373,0,1.3721862e-05
1374,0,5.7676778e-05
1375,0,3.248082e-06
1376,0,0.0002104538
1377,0,7.401996e-05
1378,0,4.96036e-08
1379,0,2.0449395e-05
1380,0,7.901882e-05
1381,0,2.6408994e-05
1382,0,1.3295088e-05
1383,0,0.0018172183
1384,0,8.80449e-07
1385,0,1.2107913e-06
1386,0,0.00038203908
1387,0,0.00028132455
1388,0,0.00041907383
1389,0,6.018191e-05
1390,0,5.3155014e-07
1391,0,0.00011859907
1392,0,9.654662e-05
1393,0,2.3870205e-06
1394,0,9.900144e-07
1395,0,4.752113e-05
1396,0,3.4921566e-05
1397,0,3.0037114e-07
1398,0,0.00011200435
1399,0,4.8867012e-05
1400,0,0.027397286
1401,0,3.3902223e-05
1402,0,6.4894775e-06
1403,0,6.4160877e-06
1404,0,1.0908434e-05
1405,0,0.0001562092
1406,0,5.310961e-05
1407,0,3.195151e-07
1408,0,5.237834e-05
1409,0,4.8793063e-05
1410,0,0.0003433663
1411,0,1.077332e-05
1412,0,3.2093692e-05
1413,0,2.35614e-05
1414,0,5.4153275e-05
1415,0,4.5910252e-05
1416,0,8.154245e-06
1417,0,2.1313172e-06
1418,0,2.31726e-07
1419,0,0.00015003642
1420,0,5.187273e-06
1421,0,1.7428537e-06
1422,0,5.991466e-05
1423,0,9.416846e-06
1424,0,4.8052616e-06
1425,0,4.5087987e-08
1426,0,2.5620233e-05
1427,0,5.789114e-05
1428,0,4.557726e-06
1429,0,9.861698e-07
1430,0,9.153204e-07
1431,0,1.2769043e-06
1432,0,7.299716e-07
1433,0,2.2301516e-05
1434,0,8.588637e-06
1435,0,0.00012943333
1436,0,2.3276061e-06
1437,0,4.823135e-05
1438,0,0.0004548383
1439,0,0.0012290278
1440,0,8.781105e-06
1441,0,3.7303707e-05
1442,0,8.659887e-06
1443,0,1.1432785e-05
1444,0,1.658709e-05
1445,0,6.440583e-07
1446,0,0.00014509076
1447,0,5.283908e-07
1448,0,1.00498855e-05
1449,0,2.4286928e-06
1450,0,2.6982627e-05
1451,0,4.1332382e-06
1452,0,0.00012447733
1453,0,1.9293217e-05
1454,0,1.4252341e-06
1455,0,0.00020808993
1456,0,1.9312232e-05
1457,0,1.6710328e-05
1458,0,7.617988e-05
1459,0,2.7626975e-06
1460,0,3.771229e-05
1461,0,1.0040754e-06
1462,0,4.548312e-06
1463,0,0.001167266
1464,0,1.7132663e-07
1465,0,1.5475694e-05
1466,0,3.072325e-05
1467,0,3.295846e-05
1468,0,1.5889455e-05
1469,0,2.3542781e-05
1470,0,3.4661545e-05
1471,0,1.1383783e-05
1472,0,7.877849e-07
1473,0,1.0093896e-05
1474,0,0.0040341
1475,0,7.9775856e-07
1476,0,3.363805e-05
1477,0,1.443223e-06
1478,0,1.7532897e-05
1479,0,3.1150357e-05
1480,0,8.337288e-05
1481,0,2.5105237e-06
1482,0,7.03771e-06
1483,0,8.542426e-06
1484,0,3.2370674e-06
1485,0,1.5543528e-06
1486,0,7.431999e-05
1487,0,2.7499698e-07
1488,0,5.1615604e-07
1489,0,2.784454e-05
1490,0,4.8923784e-08
1491,0,9.333745e-05
1492,0,2.0524809e-05
1493,0,0.00011309475
1494,0,2.278124e-05
1495,0,6.6318426e-05
1496,0,6.319737e-05
1497,0,3.5353244e-06
1498,0,2.5526828e-05
1499,0,5.5660905e-05
1500,0,5.3782406e-07
1501,0,0.0007474903
1502,0,5.891387e-06
1503,0,7.8147015e-05
1504,0,5.7231457e-05
1505,0,1.8002728e-06
1506,0,3.9276194e-05
1507,0,3.685099e-06
1508,0,3.2842233e-06
1509,0,9.1195017e-07
1510,0,4.4377877e-05
1511,0,1.2299367e-07
1512,0,1.294841e-06
1513,0,2.068238e-07
1514,0,1.4233773e-06
1515,0,0.0006623921
1516,0,1.7644207e-06
1517,0,1.0543298e-05
1518,0,3.9260935e-06
1519,0,0.0002843414
1520,0,0.024088064
1521,0,1.5193082e-06
1522,0,3.6578515e-06
1523,0,9.833837e-08
1524,0,0.00019096042
1525,0,0.00017360505
1526,0,7.0756255e-06
1527,0,3.0431018e-05
1528,0,7.961867e-07
1529,0,8.866635e-06
1530,0,4.164961e-05
1531,0,1.80848e-05
1532,0,2.9946244e-05
1533,0,3.4218756e-05
1534,0,3.9864567e-06
1535,0,0.00032298107
1536,0,1.0539096e-05
1537,0,0.000270441
1538,0,0.0009850144
1539,0,5.888343e-06
1540,0,5.780491e-05
1541,0,3.6200631e-06
1542,0,2.0451813e-05
1543,0,5.049503e-05
1544,0,0.00027621872
1545,0,4.3734617e-05
1546,0,6.5038885e-06
1547,0,1.999868e-05
1548,0,3.7883765e-06
1549,0,0.00035077284
1550,0,2.4011279e-05
1551,0,1.9607022e-07
1552,0,1.03521415e-05
1553,0,0.0003142854
1554,0,3.291694e-07
1555,0,9.9020726e-05
1556,0,0.00024390958
1557,0,0.00028580337
1558,0,2.4974925e-06
1559,0,1.2615682e-06
1560,0,2.8982106e-07
1561,0,5.734033e-05
1562,0,5.343784e-06
1563,0,8.0384496e-05
1564,0,8.154036e-07
1565,0,7.931893e-06
1566,0,1.446392e-06
1567,0,2.7828506e-05
1568,0,1.3452816e-05
1569,0,2.82855e-06
1570,0,0.000103682534
1571,0,1.26507e-05
1572,0,6.1316946e-06
1573,0,0.000105945466
1574,0,0.00013064117
1575,0,2.0296742e-05
1576,0,3.068725e-06
1577,0,1.4052421e-05
1578,0,1.5505492e-07
1579,0,7.4350373e-06
1580,0,2.012551e-05
1581,0,8.929778e-06
1582,0,4.69801e-06
1583,0,5.4345564e-05
1584,0,1.7374306e-05
1585,0,2.0616324e-05
1586,0,2.3038194e-06
1587,0,0.00015372677
1588,0,4.590375e-08
1589,0,5.390097e-07
1590,0,2.6957368e-06
1591,0,8.700117e-06
1592,0,1.154499e-05
1593,0,6.7651505e-05
1594,0,1.1942469e-05
1595,0,1.4307386e-05
1596,0,2.5545625e-05
1597,0,0.0004982513
1598,0,1.3462432e-06
1599,0,3.1477323e-06
1600,0,4.0171693e-05
1601,0,7.306759e-05
1602,0,0.0001402471
1603,0,2.8128834e-06
1604,0,4.333908e-05
1605,0,1.34916945e-05
1606,0,9.87412e-07
1607,0,4.5585668e-05
1608,0,2.8100683e-05
1609,0,1.3417262e-05
1610,0,2.526642e-05
1611,0,5.6611184e-06
1612,0,7.079264e-06
1613,0,2.9821735e-05
1614,0,4.561212e-07
1615,0,1.4935453e-07
1616,0,7.3234633e-06
1617,0,5.890853e-05
1618,0,5.2694068e-05
1619,0,1.59974e-07
1620,0,5.8488863e-06
1621,0,5.0850198e-05
1622,0,6.932554e-06
1623,0,9.690657e-07
1624,0,8.099126e-06
1625,0,4.5392975e-05
1626,0,2.8134467e-05
1627,0,9.337454e-06
1628,0,1.2147968e-05
1629,0,9.233877e-05
1630,0,3.041158e-05
1631,0,4.0486263e-09
1632,0,7.14329e-06
1633,0,1.161021e-05
1634,0,2.3435252e-06
1635,0,5.7676123e-05
1636,0,0.0005091631
1637,0,9.961136e-06
1638,0,1.1774735e-05
1639,0,0.00010847271
1640,0,2.4668802e-06
1641,0,0.00048661593
1642,0,7.586337e-06
1643,0,2.1766493e-06
1644,0,3.755886e-05
1645,0,1.2070308e-05
1646,0,1.4984553e-05
1647,0,3.6276328e-05
1648,0,0.00014616038
1649,0,7.560969e-07
1650,0,0.00014559744
1651,0,3.19676e-05
1652,0,9.327749e-08
1653,0,1.5835436e-05
1654,0,4.356579e-07
1655,0,2.0513264e-05
1656,0,7.5344537e-06
1657,0,0.00012066655
1658,0,3.5368932e-05
1659,0,1.8423554e-05
1660,0,1.0816869e-05
1661,0,5.8783053e-06
1662,0,3.5990048e-05
1663,0,2.225586e-05
1664,0,5.0223407e-05
1665,0,1.0960623e-06
1666,0,3.8834405e-05
1667,0,1.41539385e-05
1668,0,0.0009238085
1669,0,2.2762626e-06
1670,0,6.421303e-05
1671,0,0.000621945
1672,0,1.9485557e-05
1673,0,2.3999855e-05
1674,0,0.00015786408
1675,0,5.44812e-06
1676,0,1.1141141e-05
1677,0,4.2192092e-05
1678,0,2.0517214e-06
1679,0,2.7222484e-06
1680,0,6.840888e-09
1681,0,3.061941e-07
1682,0,0.0008541783
1683,0,0.017214512
1684,0,0.0005315246
1685,0,0.00032853917
1686,0,0.00012791423
1687,0,2.2027714e-06
1688,0,7.4408827e-06
1689,0,4.722861e-05
1690,0,8.317261e-05
1691,0,7.920486e-05
1692,0,1.2145384e-05
1693,0,0.0010124051
1694,0,1.8736268e-05
1695,0,2.4780942e-07
1696,0,0.00038607465
1697,0,1.4519712e-05
1698,0,1.5353551e-06
1699,0,9.1156275e-05
1700,0,2.2480479e-05
1701,0,0.000110638495
1702,0,1.9793857e-05
1703,0,5.879606e-07
1704,0,5.948847e-05
1705,0,3.937102e-06
1706,0,3.0226909e-06
1707,0,1.0858293e-05
1708,0,9.352578e-06
1709,0,2.9628152e-05
1710,0,1.5752925e-05
1711,0,0.00018741908
1712,0,9.719972e-05
1713,0,9.568185e-06
1714,0,2.3130586e-05
1715,0,3.964177e-07
1716,0,0.001378614
1717,0,4.7433082e-07
1718,0,4.7307676e-06
1719,0,6.9776975e-06
1720,0,0.00035708942
1721,0,1.47273895e-05
1722,0,5.82879e-06
1723,0,2.8754396e-06
1724,0,6.2336203e-06
1725,0,0.00021763965
1726,0,9.632214e-07
1727,0,0.0011679638
1728,0,1.560509e-05
1729,0,1.3165259e-05
1730,0,4.677468e-06
1731,0,0.00023274984
1732,0,1.9919942e-06
1733,0,0.000101605896
1734,0,0.00027999067
1735,0,2.6012592e-07
1736,0,4.875234e-06
1737,0,9.732817e-07
1738,0,2.5597706e-06
1739,0,0.0002769653
1740,0,0.00021423002
1741,0,3.4656828e-06
1742,0,0.00071216933
1743,0,5.488201e-06
1744,0,1.1126636e-05
1745,0,4.767089e-06
1746,0,1.1962554e-05
1747,0,4.6265325e-07
1748,0,4.6464478e-07
1749,0,0.000397422
1750,0,0.00013762248
1751,0,3.1859545e-06
1752,0,9.236806e-06
1753,0,0.0004840802
1754,0,1.3859869e-06
1755,0,5.38491e-06
1756,0,2.93738e-05
1757,0,6.6212765e-06
1758,0,5.0806593e-06
1759,0,6.5297927e-06
1760,0,6.844232e-07
1761,0,5.9995047e-05
1762,0,0.004824261
1763,0,2.882045e-06
1764,0,1.3685023e-05
1765,0,0.0005812384
1766,0,2.4060033e-05
1767,0,0.00028697334
1768,0,4.930308e-05
1769,0,0.00014165575
1770,0,0.00040998624
1771,0,2.2881179e-05
1772,0,9.626356e-05
1773,0,0.026346343
1774,0,7.434194e-06
1775,1,0.99999297
1776,0,1.3546776e-06
1777,0,1.1415343e-05
1778,0,3.6315118e-06
1779,0,1.1495068e-05
1780,0,2.2092195e-06
1781,0,4.8513994e-06
1782,0,0.0037470541
1783,0,1.5555659e-06
1784,0,0.00024396098
1785,0,8.812405e-06
1786,0,7.952519e-06
1787,0,1.8075722e-06
1788,0,7.459001e-05
1789,0,7.8816534e-05
1790,0,3.2360304e-06
1791,0,4.387339e-05
1792,0,1.7281533e-06
1793,0,0.0009715493
1794,0,1.731266e-06
1795,0,4.666641e-06
1796,0,3.969268e-05
1797,0,2.1977019e-06
1798,0,0.0003182073
1799,0,2.5946836e-06
1800,0,2.8557467e-06
1801,0,2.5323856e-05
1802,0,0.00018539997
1803,0,5.083221e-05
1804,0,6.8544193e-09
1805,0,0.00017985866
1806,0,8.476063e-06
1807,0,4.394545e-06
1808,0,0.002120746
1809,0,0.00016951788
1810,0,0.0030587574
1811,0,5.8325377e-06
1812,0,0.0008252095
1813,0,1.2168884e-06
1814,0,1.667437e-06
1815,0,2.5041895e-06
1816,0,3.3121516e-05
1817,0,2.7450727e-07
1818,0,0.0020326048
1819,0,0.00021504165
1820,0,0.00015973256
1821,0,0.00094372354
1822,0,6.323225e-07
1823,0,4.0915104e-08
1824,0,2.8148206e-05
1825,0,1.3987584e-06
1826,0,3.893988e-06
1827,0,1.0060865e-05
1828,0,0.0010332312
1829,0,0.00031710163
1830,0,1.663587e-06
1831,0,1.0096486e-06
1832,0,3.8469127e-05
1833,0,2.1372958e-05
1834,0,7.7935445e-05
1835,0,2.590876e-05
1836,0,1.4438176e-06
1837,0,6.225487e-06
1838,0,5.556553e-07
1839,0,7.0590863e-07
1840,0,5.5271714e-05
1841,0,0.00083945063
1842,0,0.000107052605
1843,0,6.758369e-06
1844,0,2.1988748e-07
1845,0,9.2543974e-07
1846,0,3.902814e-06
1847,0,6.33545e-05
1848,0,3.9837314e-06
1849,0,7.467957e-07
1850,0,6.1353444e-06
1851,0,5.573994e-05
1852,0,1.791898e-05
1853,0,0.011344346
1854,0,0.0002356053
1855,0,4.1998364e-06
1856,0,2.9143994e-05
1857,0,3.4107582e-06
1858,0,2.515806e-06
1859,0,7.1329174e-05
1860,0,4.3583677e-06
1861,0,7.846647e-05
1862,0,1.5856114e-06
1863,0,1.1280615e-07
1864,0,2.837604e-06
1865,0,9.82613e-06
1866,0,0.00018777074
1867,0,3.8030876e-08
1868,0,1.605861e-05
1869,0,1.3541438e-05
1870,0,5.2945008e-05
1871,0,6.018497e-07
1872,0,1.8875204e-05
1873,0,0.00033271432
1874,0,3.3510782e-06
1875,0,3.729263e-06
1876,0,1.04422825e-05
1877,0,2.5989233e-05
1878,0,2.5626991e-06
1879,0,7.047859e-05
1880,0,5.847057e-07
1881,0,2.646812e-05
1882,0,1.7805496e-05
1883,0,0.0003558592
1884,0,2.9020744e-05
1885,0,8.9280686e-05
1886,0,3.0279818e-05
1887,0,1.8697612e-07
1888,0,3.7465163e-06
1889,0,2.9140658e-06
1890,0,4.040972e-05
1891,0,8.2934275e-06
1892,0,7.574756e-06
1893,0,1.5628711e-05
1894,0,8.953365e-05
1895,0,7.943669e-05
1896,0,0.00029972347
1897,0,2.6074013e-05
1898,0,8.299923e-06
1899,0,0.00011969133
1900,0,1.4938746e-06
1901,0,4.2389183e-05
1902,0,8.663446e-06
1903,0,9.467678e-06
1904,0,8.117646e-06
1905,0,9.0005145e-05
1906,0,0.00027594971
1907,0,2.9234714e-05
1908,0,9.0910025e-06
1909,0,8.677653e-06
1910,0,0.00079571706
1911,0,0.00015185903
1912,0,3.148855e-06
1913,0,4.7950223e-05
1914,0,3.5409594e-06
1915,0,2.1163623e-05
1916,0,5.445204e-07
1917,0,1.4332118e-05
1918,0,6.838445e-05
1919,0,0.000101796366
1920,0,7.1778966e-05
1921,0,3.838608e-06
1922,0,3.4706304e-06
1923,0,2.2971105e-06
1924,0,5.112258e-07
1925,0,4.3963937e-06
1926,0,8.630693e-05
1927,0,9.802739e-06
1928,0,5.7761267e-06
1929,0,2.2713382e-06
1930,0,7.1915065e-06
1931,0,1.1894436e-05
1932,0,1.548764e-05
1933,0,3.8809972e-05
1934,0,5.0551113e-05
1935,0,1.3867076e-06
1936,0,3.90143e-08
1937,0,7.156989e-06
1938,0,1.2434017e-05
1939,0,0.00059771526
1940,0,5.834866e-05
1941,0,1.5477113e-05
1942,0,1.5610225e-05
1943,0,0.00012882506
1944,0,3.3413453e-05
1945,0,1.3333853e-06
1946,0,3.366745e-05
1947,0,4.22012e-06
1948,0,1.3883789e-06
1949,0,7.885208e-06
1950,0,8.3393765e-08
1951,0,5.7534926e-06
1952,0,0.00025274736
1953,0,3.9621277e-06
1954,0,5.784688e-06
1955,0,8.297995e-07
1956,0,0.0001411912
1957,0,9.665381e-08
1958,0,3.994913e-06
1959,0,1.6085247e-05
1960,0,5.558922e-07
1961,0,4.914942e-06
1962,0,0.00019324248
1963,0,0.00012321257
1964,0,0.0021560807
1965,0,0.00015756121
1966,0,3.3614745e-06
1967,0,2.0083617e-05
1968,0,0.00021232318
1969,0,6.6753337e-06
1970,0,6.515871e-05
1971,0,6.955964e-05
1972,0,3.5788566e-05
1973,0,0.003912905
1974,0,3.2695938e-05
1975,0,8.4271705e-05
1976,0,5.0033006e-05
1977,0,0.0005469994
1978,0,1.8756647e-05
1979,0,0.00034141008
1980,0,5.9481772e-05
1981,0,4.877066e-06
1982,0,5.5823043e-06
1983,0,0.00020972126
1984,0,1.0251403e-05
1985,0,7.8543875e-05
1986,0,2.9357725e-05
1987,0,0.00013593727
1988,0,2.8024594e-06
1989,0,5.0666046e-07
1990,0,0.0007620455
1991,0,0.00035470963
1992,0,3.671586e-05
1993,0,6.394648e-05
1994,0,3.0479112e-05
1995,0,4.669628e-06
1996,0,7.420672e-06
1997,0,8.6188975e-06
1998,0,0.00047993613
1999,0,2.0390949e-06
2000,0,5.242466e-05
2001,0,0.00015102739
2002,0,6.3142886e-07
2003,0,1.2612851e-05
2004,0,1.3684958e-07
2005,0,4.9082544e-05
2006,0,2.0991303e-05
2007,0,3.2383023e-06
2008,0,1.3848474e-05
2009,0,0.00028233297
2010,0,1.9707818e-06
2011,0,1.9909929e-05
2012,0,0.00039691615
2013,0,0.0006155581
2014,0,0.00011448458
2015,0,3.2027826e-06
2016,0,1.1161176e-05
2017,0,0.0001627305
2018,0,6.323225e-07
2019,0,2.3537597e-05
2020,0,0.00018577033
2021,0,4.267099e-07
2022,0,9.63668e-05
2023,0,6.742789e-06
2024,0,6.80653e-07
2025,0,1.5439138e-05
2026,0,3.0757466e-05
2027,0,2.47003e-06
2028,0,8.860845e-08
2029,0,6.6002053e-07
2030,0,3.3714903e-05
2031,0,5.8892865e-06
2032,0,2.4934205e-05
2033,0,1.6453224e-06
2034,0,0.0005665311
2035,0,4.8742277e-05
2036,0,1.6189033e-05
2037,0,2.621888e-05
2038,0,9.8976725e-06
2039,0,0.00010135198
2040,0,7.0512338e-06
2041,0,4.673584e-06
2042,0,1.7908394e-06
2043,0,8.1093907e-07
2044,0,3.3957946e-05
2045,0,4.8256193e-06
2046,0,2.95478e-06
2047,0,5.9829363e-05
2048,0,7.891294e-06
2049,0,0.002338303
2050,0,0.0007308703
2051,0,3.4196182e-05
2052,0,4.471729e-06
2053,0,1.0353593e-05
2054,0,2.3277173e-06
2055,0,0.0005366908
2056,0,0.0048383833
2057,0,0.00040813512
2058,0,2.3872231e-05
2059,0,3.5257548e-07
2060,0,0.00033954676
2061,0,0.00040727502
2062,0,1.0648221e-06
2063,0,3.971711e-07
2064,0,1.8560615e-05
2065,0,4.0763325e-06
2066,0,4.762477e-07
2067,0,8.625752e-07
2068,0,3.0076235e-06
2069,0,8.8963884e-07
2070,0,0.0004645138
2071,0,4.3598584e-07
2072,0,2.9170495e-05
2073,0,1.4200855e-05
2074,0,5.0551176e-07
2075,0,0.000102882324
2076,0,5.0581934e-06
2077,0,0.00013081981
2078,0,4.948906e-07
2079,0,2.1060137e-05
2080,0,7.0229135e-06
2081,0,5.296922e-06
2082,0,0.00022838841
2083,0,1.149748e-05
2084,0,1.8803198e-06
2085,0,2.9177781e-06
2086,0,1.4473411e-05
2087,0,1.6084372e-05
2088,0,3.3187657e-06
2089,0,2.6039943e-06
2090,0,4.1796193e-05
2091,0,1.9811876e-06
2092,0,3.4263976e-06
2093,0,6.0408045e-05
2094,0,8.95129e-06
2095,0,5.847057e-07
2096,0,0.000114678194
2097,0,0.00021471486
2098,0,1.8018814e-05
2099,0,1.6560616e-06
2100,0,3.2032265e-05
2101,0,2.261726e-06
2102,0,3.7360027e-05
2103,0,0.000351355
2104,0,8.1732895e-07
2105,0,0.0014014648
2106,0,1.5420068e-05
2107,1,0.9945194
2108,0,4.834989e-07
2109,0,1.0178925e-06
2110,0,4.4649705e-06
2111,0,8.984096e-06
2112,0,3.5172286e-06
2113,0,8.473097e-06
2114,0,1.6140828e-05
2115,0,0.00041174266
2116,0,0.00062238914
2117,0,4.647998e-05
2118,0,4.431271e-05
2119,0,2.0412611e-07
2120,0,6.3554726e-05
2121,0,3.1884665e-05
2122,0,4.0261475e-05
2123,0,3.1792755e-05
2124,0,1.5182655e-05
2125,0,8.943857e-06
2126,0,1.3254868e-05
2127,0,7.34072e-06
2128,0,1.0291839e-05
2129,0,1.0423789e-06
2130,0,1.3536932e-05
2131,0,1.8340144e-06
2132,0,6.9590824e-05
2133,0,4.5037636e-05
2134,0,1.4749991e-05
2135,0,1.5250788e-05
2136,0,0.00078357547
2137,0,4.7840404e-06
2138,0,1.7833542e-06
2139,0,5.6517925e-05
2140,0,7.0237975e-06
2141,0,3.9159473e-05
2142,0,5.1905655e-08
2143,0,3.6805675e-05
2144,0,2.7583364e-05
2145,0,3.715429e-07
2146,0,1.5882478e-07
2147,0,9.867015e-06
2148,0,4.2999514e-07
2149,0,1.6931139e-07
2150,0,4.762477e-07
2151,0,2.0188252e-05
2152,0,1.688425e-06
2153,0,4.6022333e-06
2154,0,0.0019200797
2155,0,7.333191e-06
2156,0,4.5244437e-07
2157,0,3.026481e-06
2158,0,9.963568e-06
2159,0,0.000826334
2160,0,6.150163e-05
2161,0,3.0526244e-06
2162,0,0.00017001647
2163,0,0.00013874339
2164,0,0.0012478794
2165,0,1.2589273e-05
2166,0,1.8645683e-06
2167,0,3.8188522e-05
2168,0,0.0024270352
2169,0,2.320744e-06
2170,0,9.315452e-07
2171,0,9.691767e-07
2172,0,5.875256e-06
2173,0,2.8491573e-05
2174,0,5.3179247e-07
2175,0,1.9407514e-06
2176,0,0.00075357617
2177,0,2.9483277e-05
2178,0,0.00010690479
2179,0,0.0029351108
2180,0,0.00015603428
2181,0,2.6983885e-06
2182,0,2.9929086e-05
2183,0,1.2431788e-05
2184,0,0.0001041568
2185,0,3.5326964e-05
2186,0,9.145673e-06
2187,0,2.3236562e-06
2188,0,5.669762e-07
2189,0,0.00073218474
2190,0,5.053636e-05
2191,0,8.5261235e-08
2192,0,6.359935e-07
2193,0,1.8239066e-06
2194,0,0.00011229533
2195,0,6.470306e-08
2196,0,7.379233e-06
2197,0,0.00035762787
2198,0,1.0545349e-05
2199,0,1.7007881e-06
2200,0,8.84315e-06
2201,0,0.000117511736
2202,0,5.018931e-06
2203,0,1.1869462e-05
2204,0,0.0012501088
2205,0,3.2217704e-05
2206,0,0.0003492689
2207,0,0.00010437753
2208,0,2.4779509e-05
2209,0,2.6261145e-05
2210,0,1.1351478e-05
2211,0,0.00030529013
2212,0,1.0936516e-05
2213,0,4.5300917e-06
2214,0,1.7471873e-05
2215,0,8.8903935e-06
2216,0,0.00016588022
2217,0,0.0004010924
2218,0,1.5623988e-05
2219,0,6.704432e-06
2220,0,5.659742e-06
2221,0,1.935523e-05
2222,0,1.3195727e-05
2223,0,1.5410909e-06
2224,0,0.00049068336
2225,0,0.0009208557
2226,0,1.0380923e-06
2227,0,3.0378036e-09
2228,0,5.7713914e-06
2229,0,7.0223984e-07
2230,0,4.1887742e-07
2231,0,2.6483558e-06
2232,0,5.4616353e-06
2233,0,4.4749245e-06
2234,0,4.1160724e-06
2235,0,5.6416193e-06
2236,0,9.532765e-06
2237,0,7.108335e-07
2238,0,8.4269705e-05
2239,0,7.6873885e-06
2240,0,9.383462e-05
2241,0,0.00079188123
2242,0,1.0162788e-07
2243,0,7.956266e-06
2244,0,8.5771164e-05
2245,0,2.1763215e-05
2246,0,7.769211e-06
2247,0,0.00015792431
2248,0,2.8580562e-05
2249,0,0.0001705939
2250,0,8.4160183e-07
2251,0,3.6266179e-06
2252,0,7.5335633e-06
2253,0,8.015036e-06
2254,0,5.0460662e-06
2255,0,4.1350004e-06
2256,0,1.8696967e-06
2257,0,0.0023850652
2258,0,5.2727677e-07
2259,0,1.1886328e-05
2260,0,4.1549865e-06
2261,0,0.00010994668
2262,0,0.0004988577
2263,0,5.003491e-07
2264,0,4.6027776e-06
2265,0,0.00040150652
2266,0,8.260756e-06
2267,0,2.5514219e-05
2268,0,2.2651031e-07
2269,0,1.6662287e-05
2270,0,0.00041799757
2271,0,1.106863e-05
2272,0,1.0986462e-06
2273,0,1.2848129e-05
2274,0,7.2369294e-05
2275,0,7.9949734e-07
2276,0,0.006829464
2277,0,5.2808928e-06
2278,0,1.4703715e-05
2279,0,7.983712e-07
2280,0,3.8727376e-05
2281,0,6.4282694e-06
2282,0,4.7145943e-05
2283,0,5.3311614e-05
2284,0,0.0003350702
2285,0,6.4700833e-07
2286,0,8.2346254e-05
2287,1,0.9998963
2288,0,7.0020283e-06
2289,0,1.8528834e-05
2290,0,6.0566373e-07
2291,0,3.3659207e-06
2292,0,2.0002121e-06
2293,0,1.3569491e-05
2294,0,2.84039e-06
2295,0,3.296491e-05
2296,0,4.0638657e-05
2297,0,0.00047123613
2298,0,2.0042193e-05
2299,0,4.943199e-07
2300,0,1.0282167e-05
2301,0,1.6737951e-05
2302,0,6.603003e-06
2303,0,8.645701e-05
2304,0,3.9821293e-07
2305,0,1.3938354e-06
2306,0,2.6293297e-05
2307,0,5.547197e-07
2308,0,1.1462873e-05
2309,0,1.8398392e-06
2310,0,1.1582247e-06
2311,0,4.4248995e-06
2312,0,0.003895955
2313,0,0.0152960885
2314,0,1.3621403e-05
2315,0,0.00023830257
2316,0,0.00021724614
2317,0,3.2800276e-07
2318,0,0.00034719417
2319,0,4.0180485e-08
2320,0,4.0841147e-05
2321,0,0.0022859352
2322,0,0.0001931743
2323,0,0.00015274489
2324,0,1.0346055e-06
2325,0,0.0025690359
2326,0,8.303415e-06
2327,0,8.3538005e-08
2328,0,2.8488937e-05
2329,0,8.321457e-06
2330,0,3.6370544e-05
2331,0,1.6858e-05
2332,0,2.138515e-05
2333,0,3.4803907e-05
2334,0,4.3933827e-07
2335,0,4.3990317e-06
2336,0,0.016095918
2337,0,8.983075e-05
2338,0,4.83497e-05
2339,0,1.7015166e-06
2340,0,1.0554808e-05
2341,0,0.0003060268
2342,0,2.759547e-05
2343,0,2.0376542e-06
2344,0,7.1330173e-06
2345,0,1.4071182e-05
2346,0,7.857247e-06
2347,1,0.9952004
2348,0,0.00051419635
2349,0,9.784245e-07
2350,0,3.1666397e-05
2351,0,1.4514866e-05
2352,0,8.028385e-06
2353,0,3.2736446e-06
2354,0,5.1301424e-08
2355,0,7.643067e-06
2356,0,2.846105e-05
2357,0,2.004571e-05
2358,0,2.1733764e-05
2359,0,2.7783924e-06
2360,0,2.8943052e-07
2361,0,9.3812705e-06
2362,0,6.473051e-05
2363,0,6.349536e-05
2364,0,3.3311673e-05
2365,0,0.00019494712
2366,0,2.1107953e-05
2367,0,3.3972035e-05
2368,0,1.8323884e-06
2369,0,2.1934447e-05
2370,0,8.285103e-06
2371,0,8.654851e-06
2372,0,1.6602346e-05
2373,0,2.2358377e-07
2374,0,3.280184e-05
2375,0,2.9396447e-06
2376,0,2.1187594e-05
2377,0,4.7477524e-06
2378,0,0.0001228879
2379,0,5.7157496e-05
2380,0,5.5442695e-05
2381,0,3.913246e-06
2382,0,7.1810346e-06
2383,0,2.361658e-06
2384,0,4.205861e-06
2385,0,0.00036264624
2386,0,0.00012963219
2387,0,8.0735335e-05
2388,0,2.0945365e-07
2389,0,3.2183954e-05
2390,0,0.00012791423
2391,0,5.747818e-05
2392,0,3.1467083e-05
2393,0,5.00663e-06
2394,0,1.38748865e-05
2395,0,7.6576714e-07
2396,0,0.00016736078
2397,0,9.170119e-06
2398,0,1.1328693e-06
2399,0,1.011578e-05
2400,0,2.5678244e-06
2401,0,3.7730457e-05
2402,0,3.0030551e-05
2403,0,0.00019450505
2404,0,1.2345834e-07
2405,0,0.0001444596
2406,0,0.065870725
2407,0,1.1659196e-05
2408,0,2.0497382e-06
2409,0,9.926276e-06
2410,0,0.00012941271
2411,0,0.00021440168
2412,0,3.082409e-05
2413,0,2.6565313e-06
2414,0,0.0003423533
2415,0,6.169348e-08
2416,0,6.9754283e-06
2417,0,0.0006698134
2418,0,0.00013292769
2419,0,3.0407025e-05
2420,0,1.690319e-05
2421,0,3.2184693e-05
2422,0,2.1821572e-05
2423,0,0.00010858014
2424,0,4.234745e-05
2425,0,4.7082907e-05
2426,0,2.9848623e-05
2427,0,0.00014771418
2428,0,1.3074117e-07
2429,0,0.00017154733
2430,0,3.8743597e-06
2431,0,6.128875e-05
2432,0,2.5769384e-06
2433,0,1.0921287e-06
2434,0,5.6411795e-05
2435,0,4.1216404e-05
2436,0,1.9105362e-05
2437,0,8.629021e-06
2438,0,7.442703e-07
2439,0,1.9055168e-06
2440,0,3.4707555e-05
2441,0,0.00014148337
2442,0,0.00013639471
2443,0,1.3733035e-06
2444,0,9.602933e-06
2445,0,4.336233e-06
2446,0,1.8136649e-05
2447,0,1.0592894e-05
2448,0,1.296527e-05
2449,0,9.794554e-06
2450,0,9.267326e-05
2451,0,7.357477e-06
2452,0,0.0015711549
2453,0,0.0011545187
2454,0,7.1303396e-07
2455,0,0.0002496404
2456,0,0.00019944368
2457,0,2.3026487e-06
2458,0,9.539858e-06
2459,0,0.00015980095
2460,0,9.5521886e-05
2461,0,0.00014117974
2462,0,0.00029699077
2463,0,0.0003683715
2464,0,1.2578844e-05
2465,0,5.9547263e-05
2466,0,0.00018842643
2467,0,9.521943e-06
2468,0,6.4245285e-07
2469,0,2.6782707e-06
2470,0,0.0002624902
2471,0,8.156282e-06
2472,0,4.4417775e-06
2473,0,4.3717577e-07
2474,0,2.2436036e-05
2475,0,1.8809009e-06
2476,0,1.6974735e-05
2477,0,1.5126566e-05
2478,0,3.5527508e-05
2479,0,0.00013737062
2480,0,2.502986e-05
2481,0,4.8262496e-06
2482,0,0.00043771853
2483,0,9.315452e-07
2484,0,4.7452177e-06
2485,0,1.135638e-07
2486,0,1.7087953e-06
2487,0,5.360265e-05
2488,0,2.4774165e-06
2489,0,5.383059e-07
2490,0,2.3317536e-07
2491,0,5.054683e-06
2492,0,4.692853e-05
2493,0,6.6522266e-06
2494,0,0.00010433673
2495,0,2.0311032e-05
2496,0,9.705058e-07
2497,0,0.00027286704
2498,0,1.3264655e-05
2499,0,1.4218766e-06
2500,0,6.821906e-06
2501,0,9.414718e-06
2502,0,2.2662109e-08
2503,0,4.763172e-06
2504,0,4.751896e-05
2505,0,5.501814e-05
2506,0,6.680655e-05
2507,0,5.413e-07
2508,0,1.1938461e-05
2509,0,4.965905e-05
2510,0,0.00011771439
2511,0,0.00046524385
2512,0,5.8624614e-06
2513,0,2.6768515e-05
2514,0,3.7347868e-06
2515,0,0.00011241093
2516,0,0.0019485969
2517,0,9.356333e-06
2518,0,2.52375e-05
2519,0,3.612908e-05
2520,0,0.00017806694
2521,0,1.9239706e-06
2522,0,0.000247309
2523,0,3.5755447e-06
2524,0,2.6275e-05
2525,0,0.00014151778
2526,0,7.094248e-07
2527,0,1.1425267e-06
2528,0,0.00021020752
2529,0,1.4055128e-05
2530,0,0.0002096005
2531,0,8.87373e-05
2532,0,6.598541e-05
2533,0,3.2742096e-06
2534,0,4.146547e-06
2535,0,5.45134e-07
2536,0,5.0595336e-05
2537,0,2.6367004e-06
2538,0,0.0014190659
2539,0,3.4953368e-06
2540,0,1.3370117e-05
2541,0,6.406049e-05
2542,0,0.0060510547
2543,0,1.5000524e-05
2544,0,8.3504136e-07
2545,0,4.6948357e-05
2546,0,2.1425241e-05
2547,0,8.7657085e-05
2548,0,2.39291e-05
2549,0,6.854211e-05
2550,0,7.887939e-05
2551,0,0.00033991077
2552,0,1.4431747e-05
2553,0,5.322113e-06
2554,0,0.00010925325
2555,0,4.5801175e-06
2556,0,3.014113e-05
2557,0,2.549818e-06
2558,0,2.9248688e-06
2559,0,6.276931e-05
2560,0,0.00043406655
2561,0,1.7673845e-05
2562,0,4.368063e-06
2563,0,1.0163299e-06
2564,0,1.3841609e-05
2565,0,0.00073494535
2566,0,4.86931e-07
2567,0,7.201922e-05
2568,0,5.924488e-06
2569,0,1.0511978e-06
2570,0,5.3076343e-05
2571,0,3.96005e-06
2572,0,5.1489433e-06
2573,0,9.2983886e-05
2574,0,2.8290574e-06
2575,0,1.8507148e-05
2576,0,6.0313014e-05
2577,0,4.7353988e-06
2578,0,3.2949808e-06
2579,0,2.9800856e-06
2580,0,0.00023655112
2581,0,3.0402189e-06
2582,0,8.300108e-07
2583,0,0.0029540816
2584,0,0.0005070567
2585,0,3.4366767e-06
2586,0,2.8282042e-05
2587,0,1.9460447e-06
2588,0,8.3618215e-06
2589,0,3.5385486e-07
2590,0,0.0013926114
2591,0,2.4033017e-07
2592,0,5.878238e-07
2593,0,3.6253154e-05
2594,0,1.9281777e-05
2595,0,1.2492804e-07
2596,0,1.752646e-06
2597,0,6.49992e-06
2598,0,3.9847004e-05
2599,0,2.82814e-06
2600,0,0.00014245481
2601,0,5.9293266e-06
2602,0,1.1640122e-05
2603,0,2.6688835e-05
2604,0,1.2168884e-06
2605,0,0.015400566
2606,0,4.890864e-05
2607,0,4.590375e-08
2608,0,3.7173928e-07
2609,0,0.0001585467
2610,0,7.030306e-05
2611,0,9.843526e-07
2612,0,4.8415873e-06
2613,0,1.7993245e-05
2614,0,0.00010464381
2615,0,4.9282157e-06
2616,0,0.00038024902
2617,0,9.179025e-06
2618,0,6.5990787e-07
2619,0,2.5660866e-06
2620,0,0.00013846371
2621,0,6.4696394e-07
2622,0,4.8910555e-05
2623,0,7.019253e-05
2624,0,0.0005166193
2625,0,7.804142e-05
2626,0,2.322581e-05
2627,0,1.4264974e-06
2628,0,2.4158053e-06
2629,0,1.2420887e-06
2630,0,0.00015381783
2631,0,4.1968255e-05
2632,0,3.9490345e-07
2633,0,0.0011554742
2634,0,6.90286e-06
2635,0,8.5114897e-07
2636,0,2.8242212e-06
2637,0,1.6524156e-05
2638,0,5.230171e-06
2639,0,4.775669e-05
2640,0,0.0009676629
2641,0,0.0008527998
2642,0,3.519686e-05
2643,0,0.00017323201
2644,0,9.019723e-06
2645,0,1.1071204e-05
2646,0,3.4829186e-06
2647,0,4.850419e-06
2648,0,3.898301e-05
2649,0,1.1883246e-05
2650,0,1.2039231e-06
2651,0,3.1059108e-06
2652,0,4.6302143e-06
2653,0,2.066114e-05
2654,0,2.0840291e-06
2655,0,9.370844e-06
2656,0,1.7533248e-06
2657,0,0.0016348797
2658,0,2.804347e-06
2659,0,9.612379e-06
2660,0,3.9605035e-05
2661,0,3.113515e-05
2662,0,5.1490708e-05
2663,0,6.729394e-07
2664,0,1.1925622e-06
2665,0,5.312156e-05
2666,0,6.6054145e-06
2667,0,3.6238032e-07
2668,0,8.14337e-05
2669,0,5.763257e-06
2670,0,2.5363818e-06
2671,0,8.5713524e-05
2672,0,1.7872597e-06
2673,0,3.6074048e-06
2674,0,0.00086306856
2675,0,1.4269451e-05
2676,0,3.2952823e-06
2677,0,1.337194e-05
2678,0,1.6167896e-05
2679,0,1.2704713e-06
2680,0,0.00025714835
2681,0,5.3809046e-05
2682,0,4.92613e-06
2683,0,3.8937236e-05
2684,0,2.596889e-07
2685,0,4.4190456e-05
2686,0,9.897843e-06
2687,0,2.2811306e-05
2688,0,3.1962663e-05
2689,0,1.4823206e-05
2690,0,0.0008007602
2691,0,7.822906e-06
2692,0,1.3143625e-07
2693,0,0.00086065906
2694,0,2.3861783e-05
2695,0,8.44623e-05
2696,0,4.852908e-06
2697,0,4.6004693e-06
2698,0,0.00016689862
2699,0,0.0002908519
2700,0,2.3397655e-05
2701,0,2.378851e-05
2702,0,4.3107262e-05
2703,0,7.2248667e-06
2704,0,6.199312e-05
2705,0,0.0001329964
2706,0,0.0001818809
2707,0,1.6308613e-05
2708,0,2.9588098e-06
2709,0,1.3065209e-06
2710,0,2.4075067e-05
2711,0,1.747314e-05
2712,0,3.246487e-05
2713,0,7.6132405e-06
2714,0,5.034608e-07
2715,0,2.220308e-06
2716,0,4.3554486e-05
2717,0,0.00080328144
2718,0,0.0021352323
2719,0,0.001998692
2720,0,3.6158706e-06
2721,0,1.9563615e-07
2722,0,0.00013160454
2723,0,0.00022282792
2724,0,7.595959e-06
2725,0,1.5438887e-05
2726,0,5.4148295e-06
2727,0,1.0277216e-05
2728,0,1.8645966e-05
2729,0,3.2545813e-06
2730,0,0.00011353138
2731,0,1.9143097e-05
2732,0,4.4070894e-05
2733,0,6.730916e-05
2734,0,1.879011e-05
2735,0,2.1257069e-08
2736,0,1.1955461e-05
2737,0,0.00047959088
2738,0,0.00035711497
2739,0,1.7473505e-05
2740,0,9.909848e-06
2741,0,1.4356632e-05
2742,0,1.15675275e-05
2743,0,3.8344966e-05
2744,0,0.0001340294
2745,0,0.00013655997
2746,0,8.7696213e-07
2747,0,1.3147578e-06
2748,0,4.939862e-06
2749,0,0.0008617763
2750,0,5.024668e-06
2751,0,0.0054648593
2752,0,4.8147806e-05
2753,0,7.9853035e-06
2754,0,1.4748627e-05
2755,0,3.231244e-05
2756,0,3.5672918e-05
2757,0,1.4259003e-06
2758,0,0.00012665488
2759,0,2.8479494e-06
2760,0,1.0698356e-05
2761,0,0.0008098898
2762,0,6.820508e-06
2763,0,1.0194181e-07
2764,0,9.824095e-07
2765,0,0.004011575
2766,0,0.00010979896
2767,0,7.0444253e-06
2768,0,3.2328562e-06
2769,0,5.7678048e-05
2770,0,1.6069056e-05
2771,0,1.03149305e-05
2772,0,4.4623316e-06
2773,0,5.2835814e-05
2774,0,8.036551e-06
2775,0,3.276476e-07
2776,0,0.00012908748
2777,0,4.2195344e-07
2778,0,3.1962754e-05
2779,0,4.2956493e-05
2780,0,6.780807e-05
2781,0,0.0010132785
2782,0,4.788753e-05
2783,0,2.035314e-06
2784,0,1.666043e-06
2785,0,0.0017511158
2786,0,2.1661258e-06
2787,0,7.478452e-05
2788,0,1.8030365e-05
2789,0,1.0365686e-05
2790,0,4.1289477e-06
2791,0,2.2106896e-07
2792,0,2.256801e-05
2793,0,8.28053e-06
2794,0,5.252665e-05
2795,0,0.0023888303
2796,0,7.9057034e-05
2797,0,2.0044372e-05
2798,0,3.9367155e-06
2799,0,4.645003e-05
2800,0,1.8070034e-06
2801,0,6.791426e-05
2802,0,0.00043728482
2803,0,2.122266e-05
2804,0,1.1148741e-06
2805,0,0.0006691269
2806,0,2.066914e-05
2807,0,6.9073205e-05
2808,0,1.3417213e-06
2809,0,5.8100763e-06
2810,0,0.00010642278
2811,0,5.7903126e-06
2812,0,1.8048378e-05
2813,0,0.00011533124
2814,0,1.2768677e-06
2815,0,5.3565294e-05
2816,0,3.778786e-06
2817,0,4.422144e-05
2818,0,4.6646965e-06
2819,0,2.0305744e-05
2820,0,1.9587076e-05
2821,0,3.5568494e-06
2822,0,1.1510306e-05
2823,0,1.0856736e-06
2824,0,3.738679e-05
2825,0,0.00011338533
2826,0,4.9381564e-05
2827,0,4.0124587e-07
2828,0,6.6933467e-07
2829,0,1.1304829e-05
2830,0,1.3873021e-05
2831,0,0.0068164775
2832,0,1.092062e-06
2833,0,2.6030979e-05
2834,0,0.0043032356
2835,0,9.826437e-05
2836,0,3.8111175e-05
2837,0,8.322211e-06
2838,0,4.372375e-07
2839,0,1.4582632e-06
2840,0,1.7795515e-05
2841,0,7.923568e-05
2842,0,7.9476814e-07
2843,0,1.1610243e-05
2844,0,2.8997421e-05
2845,0,0.00016727112
2846,0,0.001332664
2847,0,8.087432e-06
2848,0,0.0001145348
2849,0,0.0034869914
2850,0,3.1108026e-05
2851,0,2.0224847e-05
2852,0,8.810021e-05
2853,0,0.000108056774
2854,0,0.0039472794
2855,0,2.4802887e-06
2856,0,9.752192e-06
2857,1,0.0005994299
2858,0,4.01426e-06
2859,0,1.1958433e-06
2860,0,7.508743e-05
2861,0,3.4583852e-07
2862,0,8.6567e-06
2863,0,7.5999054e-07
2864,0,7.8317735e-06
2865,0,1.805065e-05
2866,0,0.0005930555
2867,0,5.9427515e-05
2868,0,3.5154849e-06
2869,0,4.9061913e-05
2870,0,5.539644e-06
2871,0,3.7602722e-06
2872,0,0.00011455665
2873,0,0.000328956
2874,0,3.549036e-06
2875,0,2.1509488e-05
2876,0,0.000111247005
2877,0,0.00043876792
2878,0,2.0335756e-06
2879,0,5.654998e-08
2880,0,2.4506394e-07
2881,0,1.4746659e-05
2882,0,5.2436308e-06
2883,0,5.2406313e-06
2884,0,3.7447986e-05
2885,0,2.066853e-05
2886,0,4.999626e-06
2887,0,3.2887522e-06
2888,0,4.1836024e-06
2889,0,5.438642e-05
2890,0,5.148074e-05
2891,0,4.762477e-07
2892,0,4.465818e-06
2893,0,5.0250565e-05
2894,0,5.0689316e-05
2895,0,3.396091e-06
2896,0,4.8359016e-05
2897,0,1.4718802e-06
2898,0,0.00065024424
2899,0,6.793567e-07
2900,0,1.914044e-06
2901,0,2.0827754e-06
2902,0,0.00013281593
2903,0,7.3302355e-05
2904,0,1.2539189e-05
2905,0,4.4689084e-05
2906,0,1.3133032e-05
2907,0,1.8438635e-05
2908,0,3.21865e-05
2909,0,4.0603086e-06
2910,0,8.093011e-06
2911,0,0.00022696027
2912,0,4.3357036e-06
2913,0,1.0306634e-06
2914,0,4.925932e-06
2915,0,9.804956e-06
2916,0,1.973744e-05
2917,0,2.3794944e-07
2918,0,1.1696158e-05
2919,0,9.581791e-06
2920,0,0.000121681966
2921,0,3.3430645e-08
2922,0,4.8293157e-05
2923,0,4.721145e-06
2924,0,4.4813936e-07
2925,0,3.3931676e-06
2926,0,1.4415145e-06
2927,0,6.4451074e-06
2928,0,6.8186678e-06
2929,0,3.3473414e-06
2930,0,9.326694e-06
2931,0,6.9743046e-06
2932,0,3.4331813e-06
2933,0,6.171258e-06
2934,0,6.153768e-06
2935,0,6.971079e-06
2936,0,4.6461416e-08
2937,0,5.8011454e-07
2938,0,5.3089284e-06
2939,0,6.355206e-05
2940,0,5.5856897e-05
2941,0,2.3900295e-05
2942,0,7.814808e-06
2943,0,1.4809195e-06
2944,0,1.5756068e-07
2945,0,0.0022069528
2946,0,0.0024245072
2947,0,1.5696872e-07
2948,0,9.153135e-05
2949,0,4.7858975e-07
2950,0,3.3218846e-06
2951,0,1.2935658e-07
2952,0,2.519141e-06
2953,0,0.0007863772
2954,0,8.175497e-05
2955,0,1.5896524e-07
2956,0,5.0233226e-05
2957,0,8.918017e-06
2958,0,3.2214073e-06
2959,0,2.902332e-07
2960,0,0.00012676907
2961,0,8.643179e-06
2962,0,1.7607359e-05
2963,0,1.2334268e-05
2964,0,6.15832e-05
2965,0,7.342753e-07
2966,0,9.406327e-06
2967,0,0.0001505209
2968,0,0.00019679603
2969,0,3.0010192e-06
2970,0,3.6103076e-05
2971,0,6.754735e-06
2972,0,7.6985526e-07
2973,0,0.00051150867
2974,0,2.5233263e-05
2975,0,3.057107e-05
2976,0,4.9216454e-05
2977,0,4.5538618e-05
2978,0,7.72312e-05
2979,0,0.00025426134
2980,0,0.00021034709
2981,0,6.467261e-06
2982,0,2.3894256e-05
2983,0,4.7858673e-05
2984,0,6.167883e-05
2985,0,6.0278535e-06
2986,0,9.713089e-06
2987,0,0.0006102729
2988,0,0.00027416126
2989,0,1.0599265e-06
2990,0,3.1512734e-06
2991,0,4.088487e-05
2992,0,8.0730635e-05
2993,0,1.0682339e-05
2994,0,2.4782934e-05
2995,0,1.902785e-05
2996,0,6.2729737e-06
2997,0,1.3318349e-06
2998,0,2.554938e-05
2999,0,4.854709e-07
3000,0,1.00787365e-05
3001,0,4.254683e-06
3002,0,7.3647007e-06
3003,0,4.940771e-06
3004,0,4.160518e-06
3005,0,5.1075698e-05
3006,0,3.7408012e-05
3007,0,3.934966e-06
3008,0,2.8665587e-05
3009,0,1.1570461e-07
3010,0,1.2708215e-06
3011,0,6.6430853e-06
3012,0,0.00025365528
3013,0,2.7584394e-05
3014,0,8.684863e-06
3015,0,8.134028e-06
3016,0,2.4638919e-06
3017,0,1.7662504e-05
3018,0,0.00016244959
3019,0,9.39688e-07
3020,0,2.1309482e-07
3021,0,4.3032023e-06
3022,0,1.527661e-05
3023,0,0.00012602398
3024,0,0.000118169424
3025,0,2.0662046e-05
3026,0,1.3448496e-06
3027,0,1.9628756e-05
3028,0,0.0007882761
3029,0,7.167421e-07
3030,0,3.8107068e-05
3031,0,5.4106895e-06
3032,0,9.4646195e-05
3033,0,5.8543496e-06
3034,0,3.6115384e-07
3035,0,3.8510236e-05
3036,0,7.060526e-05
3037,0,5.861032e-05
3038,0,0.00050773507
3039,0,7.420672e-06
3040,0,3.328297e-05
3041,0,1.0265079e-05
3042,0,0.0015045131
3043,0,1.4779426e-06
3044,0,8.841597e-07
3045,0,7.700154e-05
3046,0,0.00017319336
3047,0,1.857285e-05
3048,0,3.3045515e-05
3049,0,0.00010515978
3050,0,0.0005948719
3051,0,0.00029056668
3052,0,0.00017304132
3053,0,3.1774664e-05
3054,0,0.00029844235
3055,0,1.0589808e-06
3056,0,2.4700896e-05
3057,0,4.780948e-07
3058,0,0.0011485416
3059,0,8.7694454e-05
3060,0,6.520079e-05
3061,0,1.3889813e-06
3062,0,8.894965e-06
3063,0,4.106598e-05
3064,0,1.6753953e-05
3065,0,1.2916854e-05
3066,0,7.528316e-05
3067,0,2.9874138e-05
3068,0,4.7607473e-06
3069,0,2.579075e-05
3070,0,0.00010764386
3071,0,2.5753826e-07
3072,0,3.8213402e-05
3073,0,9.2510277e-07
3074,0,0.00025071518
3075,0,1.629069e-05
3076,0,0.0003914997
3077,0,6.0349926e-08
3078,0,2.8417608e-06
3079,0,2.9738906e-06
3080,0,6.985638e-05
3081,0,0.00020792967
3082,0,5.350097e-05
3083,0,1.912567e-05
3084,0,2.672732e-05
3085,0,3.1791726e-05
3086,0,7.0761325e-07
3087,0,4.4646004e-06
3088,0,3.2274285e-05
3089,0,3.7827333e-05
3090,0,4.472602e-07
3091,0,6.0984305e-05
3092,0,3.1925714e-07
3093,0,0.004305841
3094,0,8.7011285e-06
3095,0,1.3044308e-05
3096,0,5.670866e-06
3097,0,1.4373495e-05
3098,0,1.5409836e-06
3099,0,2.2828717e-06
3100,0,1.7082834e-06
3101,0,3.7940124e-05
3102,0,5.7318384e-06
3103,0,1.1424752e-05
3104,0,0.000103192506
3105,0,8.951103e-05
3106,0,3.2994521e-06
3107,0,2.6013806e-06
3108,0,2.447e-05
3109,0,0.0001149496
3110,0,1.024049e-06
3111,0,5.6332392e-05
3112,0,0.000384873
3113,0,8.154198e-06
3114,0,5.01421e-05
3115,0,0.00013554172
3116,0,4.0667105e-06
3117,0,4.464636e-05
3118,0,6.14892e-05
3119,0,5.7791633e-05
3120,0,0.00013619715
3121,0,0.0002897415
3122,0,2.4383635e-06
3123,0,7.3310794e-06
3124,0,3.9380463e-09
3125,0,7.908125e-06
3126,0,9.642061e-06
3127,0,0.00024378311
3128,0,0.00011874573
3129,0,1.51085305e-05
3130,0,2.5505376e-06
3131,0,4.680239e-06
3132,0,0.00012549442
3133,0,1.1389595e-06
3134,0,4.052031e-06
3135,0,3.190115e-05
3136,0,7.135618e-07
3137,0,0.0001395425
3138,0,8.029288e-06
3139,0,3.1027344e-06
3140,0,9.8916826e-05
3141,0,2.9484139e-07
3142,0,1.7680015e-05
3143,0,1.1524671e-07
3144,0,1.4206882e-05
3145,0,3.43948e-05
3146,0,1.7331296e-07
3147,0,1.3385197e-05
3148,0,7.15323e-05
3149,0,2.4034165e-05
3150,0,1.309998e-06
3151,0,0.00012018895
3152,0,1.160224e-05
3153,0,1.5762136e-05
3154,0,1.7301836e-05
3155,0,2.6801263e-05
3156,0,7.845271e-05
3157,0,0.00015344282
3158,0,4.99307e-06
3159,0,1.37030975e-05
3160,0,3.1238444e-05
3161,0,0.00050538837
3162,0,9.260779e-06
3163,0,1.6841965e-05
3164,0,7.726894e-06
3165,0,6.198308e-06
3166,0,4.2222644e-05
3167,0,0.00041272747
3168,0,8.734568e-05
3169,0,3.4713514e-05
3170,0,0.0002627639
3171,0,3.26736e-06
3172,0,4.698624e-06
3173,0,2.0421196e-05
3174,0,5.0657677e-06
3175,0,6.962754e-06
3176,0,0.0008238586
3177,0,0.0002061251
3178,0,0.00040438684
3179,0,5.522029e-05
3180,0,4.6998252e-06
3181,0,2.0636387e-06
3182,0,4.613461e-05
3183,0,1.880967e-05
3184,0,6.530739e-06
3185,0,1.3930386e-05
3186,0,2.5815376e-07
3187,0,0.0015387683
3188,0,4.311047e-05
3189,0,0.00021600831
3190,0,6.0182956e-06
3191,0,2.8386372e-05
3192,0,0.00012438348
3193,0,1.0932783e-05
3194,0,0.0001532653
3195,0,2.794403e-07
3196,0,3.4879179e-06
3197,0,2.010111e-05
3198,0,3.5176996e-05
3199,0,1.6444689e-06
3200,0,8.8863046e-05
3201,0,3.8346905e-05
3202,0,8.439798e-06
3203,0,2.1289758e-05
3204,0,1.38788955e-05
3205,0,1.45456415e-05
3206,0,9.5009216e-07
3207,0,1.9430279e-07
3208,0,7.0696697e-06
3209,0,0.00021967922
3210,0,0.0011272088
3211,0,3.021881e-05
3212,0,2.733453e-06
3213,0,3.8970716e-06
3214,0,1.5222886e-06
3215,0,5.7803427e-06
3216,0,0.00010850468
3217,0,2.376035e-05
3218,0,0.00016521188
3219,0,1.8218344e-06
3220,0,9.253364e-06
3221,0,4.25334e-06
3222,0,2.9803186e-06
3223,0,0.0021915524
3224,0,7.800042e-05
3225,0,0.00046667454
3226,0,8.072546e-06
3227,0,4.718134e-05
3228,0,1.9965512e-06
3229,0,3.466531e-07
3230,0,9.135535e-06
3231,0,4.1639873e-06
3232,0,0.0027570636
3233,0,1.573027e-05
3234,0,0.00031174527
3235,0,1.3504349e-05
3236,0,1.4976673e-07
3237,0,0.00017004272
3238,0,1.2598305e-05
3239,0,3.3076215e-06
3240,0,4.1876945e-05
3241,0,2.0592859e-06
3242,0,0.00030598656
3243,0,3.6298664e-07
3244,0,3.48792e-05
3245,0,1.5419039e-06
3246,0,1.182798e-05
3247,0,5.9019698e-05
3248,0,4.928949e-05
3249,0,2.7132833e-07
3250,0,3.0129402e-06
3251,0,1.161073e-05
3252,0,1.7575334e-05
3253,0,3.7364362e-07
3254,0,9.469955e-05
3255,0,8.437624e-05
3256,0,2.469722e-05
3257,0,0.00035187037
3258,0,2.5450795e-08
3259,0,0.00014482993
3260,0,8.659887e-06
3261,0,2.0935126e-05
3262,0,6.5437736e-05
3263,0,2.338784e-05
3264,0,5.2607455e-05
3265,0,9.160391e-07
3266,0,1.3207549e-05
3267,0,1.4226704e-05
3268,0,1.5233343e-06
3269,0,8.746079e-05
3270,0,2.9844865e-05
3271,0,4.6983328e-06
3272,0,5.7156514e-05
3273,0,7.11342e-07
3274,0,4.9703604e-06
3275,0,7.973668e-07
3276,0,0.000397897
3277,0,6.612481e-05
3278,0,1.5041129e-06
3279,0,1.195448e-05
3280,0,2.5964657e-06
3281,0,9.370567e-06
3282,0,5.45207e-06
3283,0,1.5528193e-06
3284,0,0.0022629802
3285,0,1.891303e-06
3286,0,3.0951564e-06
3287,0,0.0002553468
3288,0,2.122438e-05
3289,0,4.94425e-07
3290,0,9.084821e-05
3291,0,0.0073977914
3292,0,6.2834574e-06
3293,0,0.000366436
3294,0,6.19413e-05
3295,0,9.063959e-05
3296,0,2.5304496e-05
3297,0,3.909322e-06
3298,0,8.1520675e-06
3299,0,0.00031243855
3300,0,3.3697586e-06
3301,0,4.641934e-05
3302,0,9.834586e-06
3303,0,9.393365e-06
3304,0,8.232319e-06
3305,0,1.4982354e-05
3306,0,2.7638926e-05
3307,0,6.5509346e-07
3308,0,2.1773014e-05
3309,0,3.237339e-06
3310,0,4.6711044e-05
3311,0,3.1232157e-05
3312,0,1.2636256e-05
3313,0,1.2097066e-05
3314,0,3.5876021e-06
3315,0,2.7799665e-06
3316,0,0.0006579207
3317,0,1.3331182e-06
3318,0,4.6943824e-06
3319,0,4.1558673e-05
3320,0,4.9560192e-08
3321,0,2.9885955e-06
3322,0,4.8457805e-05
3323,0,1.3389015e-06
3324,0,0.0010161633
3325,0,2.0525245e-07
3326,0,0.0002873668
3327,0,5.3965696e-06
3328,0,0.00022978082
3329,0,1.1877067e-06
3330,0,6.335687e-06
3331,0,6.3125217e-06
3332,0,1.2569315e-06
3333,0,0.00013447553
3334,0,6.850213e-07
3335,0,0.0002348907
3336,0,0.00014834372
3337,0,2.2767208e-06
3338,0,3.7472957e-05
3339,0,0.00021164831
3340,0,1.3396486e-06
3341,0,2.9555758e-07
3342,0,5.813195e-05
3343,0,1.6579849e-06
3344,0,4.9989318e-05
3345,0,0.00027800686
3346,0,1.1224624e-06
3347,0,1.217649e-05
3348,0,0.00019668553
3349,0,8.194322e-06
3350,0,5.643041e-05
3351,0,2.1387204e-06
3352,0,6.101648e-05
3353,0,2.8855686e-05
3354,0,2.879707e-06
3355,0,3.233994e-05
3356,0,0.0041904794
3357,0,1.3219659e-06
3358,0,2.1491396e-06
3359,0,7.091728e-05
3360,0,4.6030978e-06
3361,0,8.983678e-08
3362,0,2.2703507e-06
3363,0,1.5546464e-06
3364,0,0.00015667222
3365,0,2.4125773e-06
3366,0,1.1939997e-05
3367,0,3.733581e-05
3368,0,1.2597236e-07
3369,0,0.00041283295
3370,0,1.7577214e-07
3371,0,6.410981e-06
3372,0,2.6004307e-05
3373,0,1.8719693e-05
3374,0,2.4947692e-06
3375,0,0.00052791776
3376,0,3.984822e-05
3377,0,5.3422867e-05
3378,0,1.1764602e-07
3379,0,1.0792427e-05
3380,0,0.00014312101
3381,0,7.913911e-06
3382,0,8.511243e-05
3383,0,2.903658e-07
3384,0,9.809423e-07
3385,0,8.26759e-06
3386,0,3.8944486e-06
3387,0,5.1182665e-06
3388,0,3.6006847e-07
3389,0,1.4020959e-06
3390,0,1.2925254e-06
3391,0,6.7386037e-07
3392,0,0.0006606848
3393,0,2.2066758e-06
3394,0,6.0470124e-05
3395,0,4.091479e-06
3396,0,2.382211e-05
3397,0,5.6198874e-06
3398,0,8.7107546e-05
3399,0,2.3233051e-05
3400,0,0.0012125139
3401,0,3.8823414e-06
3402,0,0.00013118032
3403,0,4.3697557e-05
3404,0,0.00039840408
3405,0,0.00029467407
3406,0,2.992377e-06
3407,0,0.0014558051
3408,0,1.1728104e-05
3409,0,6.546578e-06
3410,0,0.0005891717
3411,0,2.38217e-06
3412,0,3.7660286e-07
3413,0,5.158945e-05
3414,0,4.083994e-05
3415,0,0.0001450263
3416,0,4.7368794e-05
3417,0,7.8229505e-06
3418,0,6.699257e-05
3419,0,3.440241e-06
3420,0,4.348497e-05
3421,0,0.0013886224
3422,0,6.5396996e-08
3423,0,6.597541e-05
3424,0,4.655726e-05
3425,0,4.5388344e-05
3426,0,7.5192725e-06
3427,0,5.832966e-06
3428,0,1.9159095e-05
3429,0,8.744619e-06
3430,0,0.00017447161
3431,0,2.6635735e-07
3432,0,6.0305626e-07
3433,0,5.445124e-05
3434,0,2.6178532e-07
3435,0,1.0569312e-05
3436,0,7.786643e-05
3437,0,0.00011045308
3438,0,8.04824e-06
3439,0,2.0812186e-05
3440,0,7.866763e-05
3441,0,0.00032825957
3442,0,1.8717857e-06
3443,0,0.000737482
3444,0,4.0167597e-05
3445,0,2.0485739e-05
3446,0,5.7927253e-05
3447,0,6.0008506e-07
3448,0,7.740338e-07
3449,0,2.9071518e-05
3450,0,4.2575826e-05
3451,0,0.00010342678
3452,0,0.0010301227
3453,0,6.7676476e-05
3454,0,0.00022310855
3455,0,0.00097316166
3456,0,0.0002624747
3457,0,7.0227004e-05
3458,0,0.00015958138
3459,0,4.374291e-06
3460,0,1.2147006e-05
3461,0,1.2382129e-05
3462,0,9.397576e-06
3463,0,6.9036497e-07
3464,0,1.4278422e-05
3465,0,0.00057916774
3466,0,0.00069479697
3467,0,8.8496045e-06
3468,0,2.0217249e-05
3469,0,3.6298664e-07
3470,0,0.00011847971
3471,0,1.9833774e-07
3472,0,6.805201e-06
3473,0,0.0004954687
3474,0,7.2520175e-05
3475,0,3.7500195e-06
3476,0,0.00046270853
3477,0,4.809741e-06
3478,0,1.7036989e-06
3479,0,1.3360594e-07
3480,0,9.6794036e-05
3481,0,0.0002498995
3482,0,6.6480396e-05
3483,0,6.371512e-07
3484,0,5.631125e-07
3485,0,2.9618519e-05
3486,0,5.459099e-06
3487,0,6.578026e-06
3488,0,7.6001015e-05
3489,0,1.8582205e-05
3490,0,2.2428726e-07
3491,0,9.903762e-07
3492,0,0.0006521524
3493,0,1.591982e-05
3494,0,2.2828912e-05
3495,0,0.0021256327
3496,0,3.7418638e-06
3497,0,8.2461165e-06
3498,0,1.9317316e-05
3499,0,0.0002449205
3500,0,4.6074024e-06
3501,0,6.2112245e-05
3502,0,3.9008575e-07
3503,0,3.112244e-06
3504,0,0.0008179371
3505,0,5.880397e-05
3506,0,5.186366e-05
3507,0,2.3817089e-05
3508,0,5.294996e-05
3509,0,1.7031618e-05
3510,0,4.2130698e-05
3511,0,7.0890123e-06
3512,0,1.9192395e-05
3513,0,6.439079e-05
3514,0,1.6273266e-06
3515,0,1.1756221e-05
3516,0,6.26297e-05
3517,0,7.4278228e-06
3518,0,1.2828864e-06
3519,0,1.8660197e-05
3520,0,2.7651702e-06
3521,0,1.3890006e-05
3522,0,0.00036504967
3523,0,4.862892e-07
3524,0,9.846651e-05
3525,0,0.00083354115
3526,0,4.914287e-07
3527,0,1.4485438e-05
3528,0,0.000108182656
3529,0,7.2130183e-06
3530,0,1.6317495e-07
3531,0,3.9214947e-06
3532,0,1.6902995e-05
3533,0,3.310175e-05
3534,0,8.7355766e-05
3535,0,7.199216e-05
3536,0,4.4236845e-06
3537,0,5.5628465e-07
3538,0,5.1525685e-06
3539,0,1.3306097e-06
3540,0,3.1856353e-06
3541,0,3.4256686e-06
3542,0,1.7414534e-07
3543,0,2.4984305e-07
3544,0,8.899538e-06
3545,0,5.8712245e-05
3546,0,4.2361808e-06
3547,0,4.3203474e-07
3548,0,4.102869e-06
3549,0,0.00019199267
3550,0,4.2077263e-06
3551,0,3.10043e-06
3552,0,2.6487346e-06
3553,0,1.3432509e-07
3554,0,3.0595773e-05
3555,0,1.0101802e-06
3556,0,2.8214157e-05
3557,0,3.2776637e-07
3558,0,1.3037555e-05
3559,0,6.555928e-05
3560,0,0.0001106539
3561,0,1.2729401e-05
3562,0,5.28636e-06
3563,0,1.3900084e-06
3564,0,1.3283513e-07
3565,0,0.00014053492
3566,0,0.00086129736
3567,0,2.2097524e-06
3568,0,3.61415e-07
3569,0,7.731472e-06
3570,0,1.3167769e-05
3571,0,6.2106624e-06
3572,0,0.00083094876
3573,0,1.1109429e-05
3574,0,4.2138938e-05
3575,0,6.144975e-05
3576,0,0.008209856
3577,0,5.2222676e-05
3578,0,3.2856504e-05
3579,0,4.244982e-05
3580,0,3.6540165e-05
3581,0,2.9986455e-05
3582,0,0.00010354144
3583,0,1.3076916e-05
3584,0,1.1213229e-05
3585,0,3.5647176e-06
3586,0,3.637748e-05
3587,0,6.211108e-07
3588,0,0.00011719248
3589,0,3.5651017e-06
3590,0,1.6412728e-06
3591,0,3.5310964e-05
3592,0,2.586634e-07
3593,0,1.8585393e-05
3594,0,3.5070712e-05
3595,0,0.00052440586
3596,0,9.3286445e-07
3597,0,4.639164e-05
3598,0,1.4375635e-06
3599,0,3.9340885e-06
3600,0,6.281991e-05
3601,0,4.85119e-05
3602,0,2.0012856e-05
3603,0,5.0209605e-06
3604,0,0.0001872037
3605,0,1.2466078e-06
3606,0,5.183424e-05
3607,0,5.5680707e-06
3608,0,2.6324215e-06
3609,0,0.00015271912
3610,0,2.5584783e-05
3611,0,2.0991683e-05
3612,0,1.9564412e-05
3613,0,7.7239765e-06
3614,0,4.1591707e-07
3615,0,1.2176071e-06
3616,0,2.7283348e-05
3617,0,4.753062e-06
3618,0,1.9857061e-05
3619,0,8.759902e-06
3620,0,0.00015198636
3621,0,1.0823916e-05
3622,0,7.173066e-05
3623,0,1.2537538e-05
3624,0,0.00036997086
3625,0,2.1392596e-05
3626,0,3.771114e-06
3627,0,6.500281e-05
3628,0,1.0142045e-05
3629,0,0.0004047374
3630,0,9.133297e-06
3631,0,2.9473558e-06
3632,0,4.059271e-06
3633,0,4.2069496e-07
3634,0,0.00011729433
3635,0,1.6135578e-05
3636,0,3.149169e-07
3637,0,5.3408444e-06
3638,0,2.0119492e-06
3639,0,1.9028357e-05
3640,0,0.000118807795
3641,0,2.6704433e-07
3642,0,2.232167e-07
3643,0,1.0030944e-05
3644,0,7.105929e-07
3645,0,3.308594e-05
3646,0,1.7616666e-06
3647,0,9.2135986e-07
3648,0,0.00074409274
3649,0,0.00014724112
3650,0,0.0045088036
3651,0,5.351582e-05
3652,0,8.096184e-06
3653,0,0.00020412334
3654,0,9.998179e-05
3655,0,2.9465795e-05
3656,0,8.153654e-06
3657,0,0.0023279442
3658,0,1.1668101e-06
3659,0,2.5981552e-05
3660,0,2.5033657e-06
3661,0,2.2521204e-05
3662,0,2.9203197e-06
3663,0,4.1944105e-07
3664,0,0.00013120346
3665,0,5.063281e-07
3666,0,0.0002678115
3667,0,4.9787724e-07
3668,0,3.639622e-05
3669,0,2.405246e-07
3670,0,1.16497495e-05
3671,0,2.8348722e-07
3672,0,2.2329716e-05
3673,0,4.3558804e-05
3674,0,3.6935948e-05
3675,0,0.00093441317
3676,0,0.000245997
3677,0,3.0113779e-05
3678,0,4.5293393e-05
3679,0,1.5974112e-05
3680,0,3.5705247e-07
3681,0,5.722116e-07
3682,0,0.0031134202
3683,0,5.7236262e-05
3684,0,4.1948667e-07
3685,0,0.0002168637
3686,0,1.3126893e-06
3687,0,0.00018496331
3688,0,8.274769e-07
3689,0,0.009536185
3690,0,5.177392e-05
3691,0,1.6925313e-07
3692,0,3.9646035e-05
3693,0,8.043679e-05
3694,0,0.00021405116
3695,0,3.5609528e-06
3696,0,0.00048342955
3697,0,7.888947e-06
3698,0,3.7768223e-06
3699,0,7.015851e-06
3700,0,3.0581246e-05
3701,0,1.0173461e-06
3702,0,3.292738e-06
3703,0,0.0015396476
3704,0,1.3530169e-05
3705,0,2.666003e-06
3706,0,1.3289167e-05
3707,0,2.3802375e-05
3708,0,1.2826649e-06
3709,0,3.8981038e-05
3710,0,7.146882e-07
3711,0,5.666811e-07
3712,0,6.473592e-06
3713,0,0.00011144928
3714,0,9.2427916e-05
3715,0,5.0278567e-07
3716,0,9.471507e-06
3717,0,1.34799275e-05
3718,0,5.400403e-05
3719,0,1.0468856e-05
3720,0,0.00020230086
3721,0,1.9457408e-07
3722,0,7.891626e-05
3723,0,2.1430733e-06
3724,0,1.4761997e-05
3725,0,0.0009976394
3726,0,3.4644097e-05
3727,0,9.153491e-06
3728,0,2.3714578e-05
3729,0,0.0012209557
3730,0,9.0423055e-06
3731,0,5.8838746e-06
3732,0,1.7773098e-06
3733,0,8.29294e-07
3734,0,0.00011879907
3735,0,2.903043e-05
3736,0,1.9249897e-07
3737,0,6.8057784e-06
3738,0,2.9117466e-05
3739,0,1.3332696e-05
3740,0,0.00057214755
3741,0,6.991372e-06
3742,0,1.8831467e-07
3743,0,1.2576398e-05
3744,0,1.5804331e-06
3745,0,2.446824e-06
3746,0,2.6961045e-05
3747,0,3.9142947e-06
3748,0,4.8461457e-05
3749,0,3.650035e-06
3750,0,3.2816965e-06
3751,0,5.006726e-06
3752,0,3.9935374e-05
3753,0,1.4390558e-06
3754,0,0.0041274694
3755,0,1.930497e-06
3756,0,4.0487394e-06
3757,0,0.0013701753
3758,0,3.1919092e-06
3759,0,0.00066701724
3760,0,0.000553078
3761,0,1.5723241e-06
3762,0,0.00021375992
3763,0,4.6115824e-06
3764,0,7.542531e-07
3765,0,0.0073720757
3766,0,7.0838876e-05
3767,0,2.2208134e-05
3768,0,6.324537e-06
3769,0,2.0964257e-05
3770,0,4.1626095e-06
3771,0,4.508985e-06
3772,0,0.0011501559
3773,0,2.642437e-06
3774,0,7.578463e-05
3775,0,6.8886357e-06
3776,0,8.584279e-08
3777,0,4.796517e-06
3778,0,1.0971688e-06
3779,0,0.00014980098
3780,0,3.2744626e-06
3781,0,2.6273074e-07
3782,0,1.0465741e-05
3783,0,0.13637073
3784,0,0.00012752622
3785,0,9.095095e-06
3786,0,7.549202e-07
3787,0,4.7157682e-05
3788,0,1.1923772e-05
3789,0,1.9470455e-05
3790,0,2.7259713e-07
3791,0,2.7677052e-08
3792,0,4.394319e-05
3793,0,1.1211668e-05
3794,0,1.7323296e-06
3795,0,1.6699801e-06
3796,0,3.504836e-07
3797,0,2.2269107e-05
3798,0,2.2081087e-05
3799,0,2.4227122e-05
3800,0,1.6360143e-05
3801,0,4.0824248e-06
3802,0,4.2138694e-05
3803,0,2.7770473e-05
3804,0,1.4892608e-05
3805,0,4.0733867e-06
3806,0,1.9566203e-05
3807,0,2.4400932e-05
3808,0,1.6764583e-05
3809,0,6.4539934e-05
3810,0,0.0013107767
3811,0,1.1281071e-05
3812,0,3.5747187e-05
3813,0,9.752192e-06
3814,0,7.782997e-06
3815,0,6.874204e-07
3816,0,0.00020113512
3817,0,1.842387e-05
3818,0,7.2528396e-06
3819,0,0.00024421277
3820,0,1.0599371e-05
3821,0,0.00013646651
3822,0,2.6319572e-06
3823,0,2.9094375e-07
3824,0,1.9552717e-05
3825,0,1.2834083e-05
3826,0,1.6922868e-05
3827,0,1.4344081e-05
3828,0,0.009057271
3829,0,4.0128098e-06
3830,0,0.00085043727
3831,0,5.345568e-06
3832,0,1.940589e-05
3833,0,1.664315e-05
3834,0,5.172523e-06
3835,0,9.466116e-06
3836,0,1.7676592e-05
3837,0,1.6200659e-06
3838,0,1.6067064e-05
3839,0,1.5480863e-06
3840,0,6.2460014e-05
3841,0,4.4364508e-05
3842,0,1.827e-06
3843,0,2.5108013e-06
3844,0,6.1337437e-07
3845,0,4.343122e-05
3846,0,7.802989e-06
3847,0,0.66729677
3848,0,1.0345019e-06
3849,0,0.00025728103
3850,0,2.3936368e-08
3851,0,1.6443828e-05
3852,0,1.4936325e-06
3853,0,0.00014818467
3854,0,1.14221275e-05
3855,0,1.9893625e-05
3856,0,9.172593e-06
3857,0,5.7692898e-05
3858,0,7.62011e-05
3859,0,1.9911097e-07
3860,0,5.6380854e-06
3861,0,3.1582745e-06
3862,0,1.9986503e-06
3863,0,0.000121158526
3864,0,6.898405e-06
3865,0,7.086043e-05
3866,0,2.0718202e-05
3867,0,2.2835706e-05
3868,0,1.4261668e-05
3869,0,1.8695716e-06
3870,0,5.4182303e-05
3871,0,0.0014573032
3872,0,4.6353175e-06
3873,0,0.0005272572
3874,0,3.6841254e-07
3875,0,6.0561993e-05
3876,0,7.414921e-06
3877,0,2.7737724e-06
3878,0,3.6596518e-07
3879,0,0.019029489
3880,0,1.3837477e-05
3881,0,9.0744504e-07
3882,0,1.8837108e-07
3883,0,4.2346755e-07
3884,0,5.912329e-05
3885,0,3.890421e-06
3886,0,1.207748e-06
3887,0,2.7199254e-05
3888,0,2.0132438e-05
3889,0,9.463113e-05
3890,0,3.6739294e-07
3891,0,0.0016644241
3892,0,0.0002434015
3893,0,1.1929971e-05
3894,0,4.876657e-06
3895,0,0.00010638249
3896,0,1.1964574e-05
3897,0,7.157893e-08
3898,0,1.0686201e-05
3899,0,1.7562033e-07
3900,0,2.8248513e-05
3901,0,0.00023170165
3902,0,0.0002869665
3903,0,7.315794e-05
3904,0,2.0058196e-05
3905,0,6.485644e-05
3906,0,0.0003176408
3907,0,2.5476813e-06
3908,0,0.0008285811
3909,0,6.296607e-05
3910,0,1.5187996e-06
3911,0,6.7124743e-06
3912,0,4.3717104e-05
3913,0,9.204043e-06
3914,0,0.00010095949
3915,0,0.00016488596
3916,0,5.343524e-06
3917,0,0.00022706328
3918,0,0.013563578
3919,0,4.424693e-06
3920,0,1.6745264e-05
3921,0,3.3358592e-06
3922,0,2.927688e-07
3923,0,1.7186093e-07
3924,0,2.8142866e-05
3925,0,1.5652325e-06
3926,0,5.1022716e-06
3927,0,7.840337e-06
3928,0,8.227641e-06
3929,0,2.513034e-06
3930,0,9.5010255e-05
3931,0,7.222113e-07
3932,0,2.5026711e-06
3933,0,1.2510617e-05
3934,0,0.00010618071
3935,0,4.3578132e-07
3936,0,6.5620106e-06
3937,0,0.011387753
3938,0,5.1633593e-05
3939,0,0.0002555767
3940,0,8.481577e-06
3941,0,3.088971e-05
3942,0,3.9737297e-05
3943,0,3.4882124e-08
3944,0,8.976559e-06
3945,0,1.17477285e-07
3946,0,0.0012050702
3947,0,5.242251e-06
3948,0,4.5985704e-05
3949,0,3.9378878e-07
3950,0,8.786843e-06
3951,0,5.662868e-06
3952,0,8.295938e-07
3953,0,3.9184128e-05
3954,0,0.00024066812
3955,0,7.831595e-08
3956,0,4.9149196e-05
3957,0,0.00016633383
3958,0,0.00010829113
3959,0,0.001396923
3960,0,1.7721275e-07
3961,0,0.00018244139
3962,0,6.6826317e-07
3963,0,0.00021461459
3964,0,1.2618337e-05
3965,0,0.00020347431
3966,0,2.9361348e-07
3967,0,5.4248985e-06
3968,0,1.5689011e-05
3969,0,2.0756074e-06
3970,0,0.00015658292
3971,0,8.7718645e-06
3972,0,0.0017850345
3973,0,2.5803245e-06
3974,0,1.7822145e-05
3975,0,0.00022743271
3976,0,0.00022851277
3977,0,0.004894926
3978,0,0.00069616263
3979,0,2.2636274e-05
3980,0,6.985238e-05
3981,0,4.001419e-07
3982,0,0.00035367522
3983,0,0.00019812223
3984,0,4.639531e-05
3985,0,8.2790797e-07
3986,0,9.325288e-06
3987,0,2.9430805e-05
3988,0,9.803413e-05
3989,0,1.30526205e-05
3990,0,1.1101357e-06
3991,0,0.00046566848
3992,0,4.842169e-07
3993,0,9.1998936e-07
3994,0,6.576391e-05
3995,0,2.911927e-05
3996,0,0.002374834
3997,0,6.367338e-05
3998,0,7.8386816e-05
3999,0,0.0010899792
4000,0,3.167228e-07
4001,0,4.987235e-06
4002,0,5.4752572e-06
4003,0,1.1654662e-05
4004,0,1.16783485e-05
4005,0,1.5837926e-05
4006,0,3.647947e-07
4007,0,5.0996064e-08
4008,0,0.00033653385
4009,0,1.41279515e-05
4010,0,2.7143467e-06
4011,0,3.2560118e-05
4012,0,1.2264888e-05
4013,0,8.971202e-06
4014,0,5.8334415e-05
4015,0,1.8922176e-06
4016,0,1.127664e-05
4017,0,0.00019823354
4018,0,9.196495e-05
4019,0,6.515231e-06
4020,0,1.1986247e-06
4021,0,2.6330208e-05
4022,0,1.0786335e-05
4023,0,2.2056838e-07
4024,0,3.8056095e-07
4025,0,4.2717306e-06
4026,0,5.680013e-05
4027,0,5.5369415e-05
4028,0,1.3172189e-06
4029,0,2.216737e-06
4030,0,5.2217845e-05
4031,0,7.1278155e-06
4032,0,7.1855436e-07
4033,0,8.9870075e-05
4034,0,3.607962e-06
4035,0,4.5028487e-06
4036,0,3.5818687e-06
4037,0,1.5204242e-06
4038,0,0.00014631181
4039,0,8.380419e-05
4040,0,3.821193e-06
4041,0,3.0564288e-06
4042,0,1.1045241e-05
4043,0,1.1635693e-05
4044,0,2.196308e-05
4045,0,4.526274e-05
4046,0,2.9840168e-05
4047,0,2.1144237e-05
4048,0,3.5284188e-07
4049,0,6.972866e-05
4050,0,8.7360095e-05
4051,0,3.1761996e-07
4052,0,3.5424625e-06
4053,0,3.185567e-05
4054,0,2.2782956e-06
4055,0,3.9801735e-06
4056,0,3.2185775e-07
4057,0,4.149955e-05
4058,0,5.380135e-05
4059,0,1.1969092e-05
4060,0,0.00015916985
4061,0,1.2258748e-05
4062,0,4.225088e-05
4063,0,8.137209e-06
4064,0,4.9172536e-06
4065,0,2.5102887e-05
4066,0,6.310036e-06
4067,0,4.009627e-06
4068,0,3.8624916e-05
4069,0,9.007126e-05
4070,0,7.0323644e-05
4071,0,1.3593857e-06
4072,0,3.2836862e-05
4073,0,3.0666848e-05
4074,1,0.9999057
4075,0,0.00013920508
4076,0,2.1292864e-05
4077,0,1.7298338e-05
4078,0,1.1775511e-05
4079,0,7.6985305e-07
4080,0,3.8361788e-05
4081,0,4.298764e-05
4082,0,2.6304333e-05
4083,0,1.4107098e-05
4084,0,0.00024439726
4085,0,6.988739e-07
4086,0,6.5880263e-06
4087,0,1.5527794e-06
4088,0,2.3184139e-05
4089,0,6.590942e-06
4090,0,9.262935e-05
4091,0,4.7690013e-05
4092,0,0.0018852656
4093,0,2.9869067e-05
4094,0,0.00032874628
4095,0,3.4734344e-07
4096,0,6.994433e-06
4097,0,4.941289e-05
4098,0,9.89673e-05
4099,0,6.0125978e-05
4100,0,1.0511978e-06
4101,0,1.0565714e-05
4102,0,2.713358e-05
4103,0,5.9463487e-06
4104,0,2.3303772e-05
4105,0,6.554549e-06
4106,0,1.4207166e-06
4107,0,1.5525038e-05
4108,0,1.6756306e-06
4109,0,0.004868711
4110,0,2.6292428e-06
4111,0,0.00030323464
4112,0,3.6822563e-05
4113,0,0.00010406308
4114,0,1.7402892e-06
4115,0,5.0563307e-05
4116,0,7.6221886e-07
4117,0,1.0459828e-06
4118,0,8.234666e-06
4119,0,1.8680139e-05
4120,0,3.001558e-05
4121,0,5.3794214e-05
4122,0,1.4252341e-06
4123,0,7.954954e-06
4124,0,0.00030033133
4125,0,2.1192385e-05
4126,0,9.595426e-06
4127,0,7.954013e-06
4128,0,2.1447997e-05
4129,0,0.00017690581
4130,0,0.0008438423
4131,0,0.00014062111
4132,0,3.86708e-05
4133,0,4.7109535e-07
4134,0,1.4934066e-05
4135,0,0.00018665295
4136,0,0.0015354728
4137,0,8.960634e-06
4138,0,6.3478524e-07
4139,0,2.787575e-06
4140,0,6.5413915e-06
4141,0,5.360684e-05
4142,0,0.05217683
4143,0,4.0177976e-05
4144,0,0.0001521846
4145,0,0.0036100876
4146,0,0.013096281
4147,0,2.9674993e-06
4148,0,3.716065e-05
4149,0,8.783657e-05
4150,0,1.649717e-05
4151,0,4.3314532e-07
4152,0,2.2655062e-05
4153,0,3.4799928e-07
4154,0,0.0005040495
4155,0,3.7353257e-05
4156,0,2.6182481e-06
4157,0,7.90854e-08
4158,0,1.6151216e-06
4159,0,4.1526096e-06
4160,0,9.320532e-06
4161,0,4.431978e-06
4162,0,0.00058731204
4163,0,0.00010402141
4164,0,1.8552885e-07
4165,0,3.6662225e-06
4166,0,1.8003477e-05
4167,0,0.0017529273
4168,0,0.0004062136
4169,0,3.673043e-05
4170,0,1.5811447e-06
4171,0,7.262211e-05
4172,0,5.31395e-08
4173,0,0.00019616357
4174,0,0.0011091992
4175,0,1.2161549e-07
4176,0,8.095234e-06
4177,0,4.9789e-06
4178,0,1.1221969e-05
4179,0,0.0037603674
4180,0,6.787464e-05
4181,0,2.2382387e-06
4182,0,5.9904152e-05
4183,0,2.6809315e-05
4184,0,0.00010530347
4185,0,7.1126334e-07
4186,0,2.0487494e-06
4187,0,4.537992e-06
4188,0,0.0001405439
4189,0,1.9385964e-06
4190,0,0.000541462
4191,0,1.6102156e-06
4192,0,5.1410825e-06
4193,0,1.3819466e-07
4194,0,1.3176073e-05
4195,0,0.00012165668
4196,0,0.0027721939
4197,0,0.0001354177
4198,0,0.0013270526
4199,0,0.0002536103
4200,0,4.818666e-06
4201,0,4.3665177e-06
4202,0,4.300617e-05
4203,0,5.027247e-06
4204,0,1.2933342e-06
4205,0,4.4232278e-05
4206,0,8.085976e-07
4207,0,0.019646037
4208,0,2.4827536e-08
4209,0,1.0729223e-05
4210,0,0.00013284126
4211,0,3.4772331e-06
4212,0,8.959728e-06
4213,0,0.001083421
4214,0,7.354902e-06
4215,0,1.9496745e-06
4216,0,8.324228e-06
4217,0,4.9654193e-07
4218,0,9.268713e-06
4219,0,8.33372e-06
4220,0,1.5822152e-05
4221,0,1.9802372e-05
4222,0,5.427439e-06
4223,0,1.3528272e-07
4224,0,1.8979539e-06
4225,0,8.835961e-05
4226,0,4.7833564e-06
4227,0,9.861935e-06
4228,0,1.0015469e-05
4229,0,0.0002276642
4230,0,0.00017602682
4231,0,0.008158452
4232,0,0.0003011327
4233,0,1.3399717e-05
4234,0,6.8946165e-06
4235,0,4.816773e-07
4236,0,1.981539e-06
4237,0,2.692263e-06
4238,0,2.5091977e-06
4239,0,3.484357e-06
4240,0,1.1254959e-06
4241,0,3.267147e-05
4242,0,2.1232378e-05
4243,0,9.5064775e-07
4244,0,1.3924913e-05
4245,0,0.00021086776
4246,0,6.2137074e-06
4247,0,0.0003909
4248,0,5.2624623e-06
4249,0,1.4307795e-06
4250,0,2.5947872e-07
4251,0,8.51319e-06
4252,0,5.1003656e-07
4253,0,7.63006e-06
4254,0,3.4572715e-06
4255,0,1.3906639e-05
4256,0,0.0005885841
4257,0,1.2606802e-05
4258,0,0.00038886527
4259,0,0.0014180378
4260,0,1.6089098e-05
4261,0,1.2468465e-05
4262,0,1.8587768e-06
4263,0,2.084699e-06
4264,0,8.2820574e-05
4265,0,3.5500925e-05
4266,0,6.607448e-07
4267,0,4.043997e-06
4268,0,2.0767675e-05
4269,0,1.1112459e-06
4270,0,8.888706e-06
4271,0,1.7394145e-08
4272,0,5.704381e-07
4273,0,8.923294e-05
4274,0,1.8602399e-05
4275,0,1.33838685e-05
4276,0,1.6950655e-06
4277,0,0.00031604196
4278,0,8.541486e-07
4279,0,3.3595388e-06
4280,0,1.13233555e-05
4281,0,2.4965254e-06
4282,0,1.9049763e-05
4283,0,0.00014501483
4284,0,0.00014106334
4285,0,6.4917636e-05
4286,0,1.2764483e-05
4287,0,1.0452236e-05
4288,0,0.0011938717
4289,0,2.3945765e-06
4290,0,4.153542e-05
4291,0,0.013279697
4292,0,0.005171952
4293,0,1.3422278e-05
4294,0,8.0626364e-07
4295,0,2.985718e-06
4296,0,1.5078706e-05
4297,0,7.89115e-07
4298,0,3.3122572e-07
4299,0,4.1610547e-05
4300,0,1.3621495e-05
4301,0,0.00024011896
4302,0,4.1268086e-05
4303,0,0.00026838048
4304,0,2.3570542e-06
4305,0,4.4990677e-05
4306,0,1.0568949e-05
4307,0,0.0001635213
4308,0,9.686854e-06
4309,0,8.80492e-06
4310,0,5.6098288e-05
4311,0,6.011596e-06
4312,0,3.8279748e-05
4313,0,3.5215795e-05
4314,0,1.5691261e-06
4315,0,4.042776e-05
4316,0,6.6665602e-06
4317,0,8.162839e-05
4318,0,1.2203029e-05
4319,0,0.00020674433
4320,0,0.0004109357
4321,0,5.1463508e-06
4322,0,0.00949114
4323,0,6.405844e-07
4324,0,2.1593462e-06
4325,0,3.6106314e-05
4326,0,0.00038282567
4327,0,1.53437e-06
4328,0,2.9085466e-05
4329,0,1.24365315e-05
4330,0,1.6882768e-06
4331,0,4.142636e-05
4332,0,4.6252626e-05
4333,0,5.9565104e-05
4334,0,0.0012016664
4335,0,1.020364e-06
4336,0,0.00054491684
4337,0,9.262087e-06
4338,0,9.347319e-07
4339,0,2.0510779e-05
4340,0,7.588165e-07
4341,0,1.4979875e-06
4342,0,0.00042507498
4343,0,2.166097e-05
4344,0,5.209259e-06
4345,0,2.2715702e-05
4346,0,6.209561e-06
4347,0,0.00045790986
4348,0,1.734032e-06
4349,0,0.0014447228
4350,0,0.00013665676
4351,0,0.00026336208
4352,0,3.545112e-05
4353,0,9.801272e-05
4354,0,1.7650651e-05
4355,0,1.08778095e-05
4356,0,3.1944044e-05
4357,0,9.111335e-05
4358,0,3.1448399e-06
4359,0,6.132652e-05
4360,0,4.7581765e-05
4361,0,3.6689157e-06
4362,0,0.00029711766
4363,0,9.221932e-06
4364,0,3.6824113e-06
4365,0,4.2155866e-06
4366,0,8.061663e-05
4367,0,2.2521888e-06
4368,0,1.661459e-05
4369,0,9.861836e-05
4370,0,4.204289e-06
4371,0,1.0759378e-05
4372,0,6.3995885e-06
4373,0,4.0107578e-05
4374,0,1.52573775e-05
4375,0,4.8692214e-06
4376,0,3.1536094e-06
4377,0,6.0281156e-05
4378,0,7.4053344e-07
4379,0,0.00058694213
4380,0,0.0006614134
4381,0,7.9720485e-06
4382,0,0.00021923479
4383,0,5.6180306e-05
4384,0,0.00016958902
4385,0,3.2563286e-05
4386,0,1.2051156e-06
4387,0,1.6728663e-05
4388,0,1.9155214e-06
4389,0,8.7489457e-07
4390,0,1.0133518e-05
4391,0,6.0382245e-05
4392,0,7.342897e-06
4393,0,2.0807303e-05
4394,0,9.928605e-06
4395,0,0.00023826712
4396,0,6.1965244e-07
4397,0,0.0013519839
4398,0,5.7301822e-06
4399,0,0.00022459381
4400,0,3.8161415e-06
4401,0,1.0707327e-05
4402,0,2.3205108e-05
4403,0,0.00079822016
4404,0,1.7807405e-07
4405,0,0.00031413324
4406,0,5.0484432e-05
4407,0,6.8656414e-07
4408,0,2.0507847e-05
4409,0,6.710575e-05
4410,0,2.6902617e-05
4411,0,6.4811127e-07
4412,0,1.2296779e-05
4413,0,2.6195514e-05
4414,0,0.0003151832
4415,0,8.0431346e-05
4416,0,7.6208976e-06
4417,0,6.932958e-05
4418,0,1.5018015e-05
4419,0,4.825693e-05
4420,0,2.2180957e-05
4421,0,7.9676276e-05
4422,0,0.00013793464
4423,0,5.164332e-07
4424,0,0.01033001
4425,0,4.1088155e-05
4426,0,0.00014856114
4427,0,2.6751231e-06
4428,0,2.3818018e-06
4429,0,3.2826358e-06
4430,0,9.114285e-07
4431,0,0.00037540996
4432,0,2.7974773e-05
4433,0,2.9253798e-07
4434,0,3.4144727e-05
4435,0,7.934524e-05
4436,0,7.1422494e-07
4437,0,3.5611392e-05
4438,0,4.04701e-06
4439,0,2.4552866e-05
4440,0,5.5251367e-05
4441,0,3.44625e-06
4442,0,5.567745e-07
4443,0,0.00081437983
4444,0,1.3745125e-07
4445,0,1.4263356e-05
4446,0,0.00043232559
4447,0,3.287161e-05
4448,0,6.0630924e-07
4449,0,2.231234e-08
4450,0,3.0131416e-05
4451,0,4.50461e-06
4452,0,9.2475166e-05
4453,0,9.812626e-05
4454,0,3.744541e-06
4455,0,1.1070942e-05
4456,0,6.323029e-06
4457,0,0.0004121674
4458,0,1.1163774e-05
4459,0,1.4074789e-06
4460,0,1.2442309e-05
4461,0,0.00031525982
4462,0,8.424254e-05
4463,0,1.1604365e-05
4464,0,0.0030562181
4465,0,1.0627743e-05
4466,0,3.1863937e-07
4467,0,0.0002272385
4468,0,2.237147e-05
4469,0,1.6731907e-06
4470,0,9.126496e-06
4471,0,3.8545917e-05
4472,0,4.6606878e-05
4473,0,2.6120679e-06
4474,0,1.8031707e-05
4475,0,0.0031514918
4476,0,1.059342e-05
4477,0,0.0002346872
4478,0,5.1167643e-07
4479,0,1.0443192e-06
4480,0,7.868307e-06
4481,0,1.1224945e-06
4482,0,7.626117e-06
4483,0,6.1305313e-06
4484,0,0.0001023342
4485,0,1.5700956e-05
4486,0,6.8607915e-06
4487,0,3.227773e-06
4488,0,3.7232105e-08
4489,0,3.3343742e-05
4490,0,0.00035116865
4491,0,9.365904e-06
4492,0,2.8728038e-05
4493,0,2.7718244e-05
4494,0,6.719636e-05
4495,0,2.8227292e-05
4496,0,0.000137546
4497,0,0.0004929836
4498,0,1.6687922e-05
4499,0,6.197984e-07
4500,0,9.434622e-05
4501,0,4.1026888e-06
4502,0,0.0001380337
4503,0,4.0472805e-06
4504,0,4.620325e-06
4505,0,2.864594e-05
4506,0,1.0989083e-05
4507,0,9.820096e-06
4508,0,0.0057676383
4509,0,7.6476994e-05
4510,0,0.00016656207
4511,0,1.3055754e-06
4512,0,4.242534e-07
4513,0,5.238999e-07
4514,0,0.0017246946
4515,0,2.4812281e-05
4516,0,4.0036575e-05
4517,0,3.1054497e-05
4518,0,0.006124055
4519,0,8.2179875e-05
4520,0,2.2902637e-05
4521,0,3.355395e-05
4522,0,8.717441e-06
4523,0,5.058825e-06
4524,0,5.061099e-07
4525,0,5.73001e-05
4526,0,4.8643346e-06
4527,0,0.0016130682
4528,0,6.934228e-05
4529,0,1.2451996e-05
4530,0,8.771731e-06
4531,0,0.00016426736
4532,0,9.083706e-06
4533,0,6.2255763e-06
4534,0,1.2844698e-05
4535,0,1.4378936e-07
4536,0,8.6161126e-05
4537,0,1.6067152e-06
4538,0,1.1043282e-05
4539,0,0.000113295406
4540,0,2.126912e-07
4541,0,0.0007710452
4542,0,5.7358357e-06
4543,0,1.071217e-05
4544,0,1.7034047e-06
4545,0,1.3829205e-05
4546,0,0.00010621048
4547,0,2.3520634e-08
4548,0,5.372768e-06
4549,0,5.393028e-05
4550,0,6.992843e-05
4551,0,0.0012980285
4552,0,1.3805203e-06
4553,0,0.00017642404
4554,0,6.518746e-07
4555,0,6.8941213e-09
4556,0,3.3329405e-05
4557,0,0.00029449884
4558,0,0.0008281849
4559,0,0.002293625
4560,0,4.375956e-06
4561,0,0.007872176
4562,0,3.5197243e-07
4563,0,0.0011087968
4564,0,1.7813282e-07
4565,0,1.7594167e-06
4566,0,2.8259046e-05
4567,0,1.1950843e-05
4568,0,3.684441e-08
4569,0,1.05175095e-05
4570,0,2.2350639e-07
4571,0,1.0670443e-06
4572,0,4.3615216e-07
4573,0,3.8859678e-08
4574,0,0.000100116406
4575,0,1.8562243e-06
4576,0,4.936057e-06
4577,0,0.00010530347
4578,0,1.8408241e-07
4579,0,0.00012359935
4580,0,3.6948702e-05
4581,0,0.00038762778
4582,0,5.7055234e-07
4583,0,9.596304e-05
4584,0,0.0001600007
4585,0,7.7560486e-08
4586,0,3.4766133e-06
4587,0,1.5350462e-05
4588,0,6.306288e-05
4589,0,3.8407143e-05
4590,0,1.3678334e-06
4591,0,6.208287e-05
4592,0,7.3667553e-07
4593,0,6.1176825e-06
4594,0,8.375916e-06
4595,0,1.1593282e-05
4596,0,5.2811114e-08
4597,0,5.940332e-05
4598,0,1.2536917e-05
4599,0,0.00015319399
4600,0,2.5905001e-06
4601,0,0.005535884
4602,0,2.7260878e-05
4603,0,2.5790965e-07
4604,0,1.966025e-06
4605,0,4.3295004e-05
4606,0,1.8301604e-05
4607,0,3.857106e-06
4608,0,6.8210863e-07
4609,0,3.683552e-05
4610,0,4.7453665e-07
4611,0,1.3112644e-05
4612,0,5.772762e-07
4613,0,4.3659904e-05
4614,0,2.9027386e-05
4615,0,9.950318e-05
4616,0,6.5730087e-06
4617,0,2.9611508e-07
4618,0,2.7952153e-06
4619,0,7.1470104e-06
4620,0,1.00404395e-05
4621,0,2.8086695e-05
4622,0,2.6918627e-07
4623,0,8.877219e-06
4624,0,5.248135e-08
4625,0,0.00025022184
4626,0,3.9241405e-07
4627,0,3.383612e-06
4628,0,1.2245592e-05
4629,0,0.00023810066
4630,0,6.306489e-07
4631,0,3.0236884e-06
4632,0,3.0382828e-06
4633,0,5.3699355e-06
4634,0,0.00048665513
4635,0,2.2086646e-05
4636,0,2.9497294e-06
4637,0,3.6627873e-05
4638,0,0.00014336291
4639,0,8.441717e-07
4640,0,6.173038e-07
4641,0,1.2493377e-05
4642,0,8.395734e-06
4643,0,8.7918204e-07
4644,0,0.000768465
4645,0,6.4442656e-06
4646,0,2.196861e-05
4647,0,0.00026251448
4648,0,3.2579972e-06
4649,0,0.0007731602
4650,0,7.805146e-05
4651,0,1.2186027e-05
4652,0,0.000118058146
4653,0,0.000112358095
4654,0,0.00068829017
4655,0,8.0138125e-07
4656,0,1.116157e-06
4657,0,2.1275206e-05
4658,0,0.00054046727
4659,0,3.418565e-05
4660,0,9.712541e-05
4661,0,2.5594802e-06
4662,0,2.3809094e-05
4663,0,6.276159e-07
4664,0,2.2193915e-06
4665,0,4.699938e-05
4666,0,7.4448712e-06
4667,0,1.3300439e-06
4668,0,0.00014854415
4669,0,4.3172543e-07
4670,0,2.4960113e-05
4671,0,5.2516978e-05
4672,0,2.8622373e-05
4673,0,3.896841e-06
4674,0,5.0388528e-05
4675,0,6.6782627e-06
4676,0,8.421579e-06
4677,0,5.4982015e-06
4678,0,0.003807244
4679,0,0.0018594045
4680,0,1.200416e-06
4681,0,5.7187866e-05
4682,0,4.503724e-07
4683,0,0.00038287
4684,0,2.8027645e-05
4685,0,1.4072721e-06
4686,0,0.0003077504
4687,0,8.077135e-06
4688,0,1.8566881e-06
4689,0,1.6912509e-05
4690,0,1.4797754e-05
4691,0,1.4753298e-05
4692,0,8.8845256e-05
4693,0,4.862881e-05
4694,0,1.3234594e-05
4695,0,1.14834875e-05
4696,0,7.417219e-06
4697,0,0.00012447294
4698,0,4.6983328e-06
4699,0,1.6077258e-05
4700,0,2.7879819e-06
4701,0,4.2858105e-07
4702,0,3.3562526e-05
4703,0,0.00025721677
4704,0,3.448693e-05
4705,0,3.0377463e-05
4706,0,1.3142501e-06
4707,0,0.00023044189
4708,0,1.0404889e-06
4709,0,6.8917994e-05
4710,0,5.591104e-07
4711,0,7.907341e-06
4712,0,3.3267954e-06
4713,0,0.00040373876
4714,0,8.544284e-06
4715,0,2.2794018e-06
4716,0,2.4122892e-05
4717,0,2.664539e-06
4718,0,5.208312e-05
4719,0,6.4824203e-06
4720,0,1.4582215e-06
4721,0,1.5767999e-05
4722,0,1.8080385e-05
4723,0,0.0006779895
4724,0,1.872055e-05
4725,0,0.00019636606
4726,0,6.0182956e-06
4727,0,6.879012e-06
4728,0,2.86148e-06
4729,0,4.650401e-05
4730,0,0.0017319442
4731,0,2.4938176e-06
4732,0,0.0012684128
4733,0,9.383721e-05
4734,0,8.924349e-05
4735,0,0.00028109853
4736,0,4.8676924e-05
4737,0,0.00029711766
4738,0,9.015582e-05
4739,0,1.2305086e-06
4740,0,0.0018158894
4741,0,0.0001696678
4742,0,4.2047974e-05
4743,0,4.7176476e-07
4744,0,2.3484158e-06
4745,0,1.4364794e-05
4746,0,1.6395801e-05
4747,0,1.6463113e-07
4748,0,2.5643615e-07
4749,0,0.00019081918
4750,0,8.7890703e-07
4751,0,0.0009172571
4752,0,1.6803959e-05
4753,0,1.0856736e-06
4754,0,3.475873e-07
4755,0,0.00078958
4756,0,4.402712e-05
4757,0,6.59782e-07
4758,0,9.602318e-05
4759,0,2.2079044e-05
4760,0,6.055068e-05
4761,0,0.0002462244
4762,0,1.5822503e-06
4763,0,3.8258397e-05
4764,0,2.9858928e-05
4765,0,0.0001486901
4766,0,1.2351383e-05
4767,0,0.00013701388
4768,0,1.4567201e-05
4769,0,0.00012702402
4770,0,1.9104087e-05
4771,0,7.267199e-05
4772,0,1.060467e-05
4773,0,1.6801079e-06
4774,0,0.00024283455
4775,0,0.00020415816
4776,0,0.0005130089
4777,0,4.4310864e-06
4778,0,5.0805702e-05
4779,0,1.0996883e-05
4780,0,0.00013243793
4781,0,5.8392388e-08
4782,0,1.8523889e-07
4783,0,4.109713e-05
4784,0,3.7069103e-06
4785,0,3.9398e-05
4786,0,4.3570544e-06
4787,0,8.860135e-06
4788,0,0.00043960378
4789,0,0.26148722
4790,0,3.8058584e-05
4791,0,4.8112553e-05
4792,0,5.5236806e-06
4793,0,1.0144318e-05
4794,0,1.9490628e-08
4795,0,9.959749e-06
4796,0,4.991515e-05
4797,0,0.0004993494
4798,0,9.277645e-06
4799,0,4.7357364e-08
4800,0,0.00015068633
4801,0,1.1088957e-05
4802,0,0.00016841733
4803,0,4.388054e-06
4804,0,2.4771498e-05
4805,0,0.0001136953
4806,0,7.792891e-06
4807,0,1.4131509e-05
4808,0,4.227435e-06
4809,0,4.2529023e-06
4810,0,8.218998e-06
4811,0,2.8731327e-05
4812,0,2.4136152e-06
4813,0,1.8273926e-05
4814,0,0.0005269209
4815,0,8.337065e-05
4816,0,1.3932006e-05
4817,0,2.2690454e-06
4818,0,9.546885e-06
4819,0,8.0944496e-08
4820,0,0.00012280086
4821,0,1.4351472e-05
4822,0,3.0775715e-05
4823,0,8.9945974e-07
4824,0,0.00037789522
4825,0,7.804552e-06
4826,0,0.0001016152
4827,0,6.576448e-05
4828,0,8.659423e-05
4829,0,0.00062241114
4830,0,5.4837215e-05
4831,0,4.9250073e-05
4832,0,7.8996145e-06
4833,0,7.6036457e-07
4834,0,7.043096e-05
4835,0,3.9358447e-06
4836,0,2.6632597e-05
4837,0,5.6514637e-05
4838,0,5.871392e-05
4839,0,3.1482668e-06
4840,0,8.87171e-06
4841,0,8.496404e-07
4842,0,0.00011066076
4843,0,3.1801916e-05
4844,0,1.9578616e-05
4845,0,0.00015990948
4846,0,0.000107544845
4847,0,4.9797713e-05
4848,0,5.158173e-06
4849,0,6.901656e-06
4850,0,5.310693e-07
4851,0,1.3161806e-05
4852,0,8.369648e-06
4853,0,6.880717e-06
4854,0,1.7071996e-05
4855,0,2.9119246e-07
4856,0,4.0288697e-07
4857,0,5.8584e-05
4858,0,0.00057425996
4859,0,8.391598e-05
4860,0,1.5302577e-06
4861,0,0.00038847455
4862,0,1.9092658e-06
4863,0,1.1894436e-05
4864,0,0.0040944833
4865,0,1.541451e-05
4866,0,0.0025234746
4867,0,3.912252e-05
4868,0,2.034647e-05
4869,0,4.787331e-06
4870,0,8.096825e-05
4871,0,1.5132954e-06
4872,0,2.2805782e-05
4873,0,3.2771181e-06
4874,0,1.5086286e-05
4875,0,0.00025526207
4876,0,3.255067e-07
4877,0,2.525489e-06
4878,0,1.2195735e-05
4879,0,8.46042e-06
4880,0,3.4971654e-05
4881,0,5.396624e-05
4882,0,6.3684533e-06
4883,0,2.1500623e-06
4884,0,1.7184639e-05
4885,0,3.3277122e-06
4886,0,1.7774906e-05
4887,0,2.7435772e-05
4888,0,0.0024301936
4889,0,2.295166e-06
4890,0,0.00012948147
4891,0,1.6623371e-06
4892,0,1.6136576e-06
4893,0,4.070917e-06
4894,0,9.3727394e-05
4895,0,0.0005403743
4896,0,6.8420064e-07
4897,0,2.3941564e-06
4898,0,8.081205e-05
4899,0,0.00024191065
4900,0,1.9496447e-06
4901,0,4.1284006e-06
4902,0,9.2617796e-07
4903,0,2.4417278e-07
4904,0,4.8271154e-06
4905,0,4.8311264e-05
4906,0,8.775856e-06
4907,0,3.1646875e-06
4908,0,1.2469428e-05
4909,0,1.8571645e-05
4910,0,7.557902e-05
4911,0,9.539613e-06
4912,0,0.00019018997
4913,0,2.7450386e-07
4914,0,1.6609029e-05
4915,0,0.00031965307
4916,0,0.000253174
4917,0,3.610719e-06
4918,0,2.361874e-06
4919,0,7.207174e-06
4920,0,3.7852016e-05
4921,0,2.1019914e-06
4922,0,8.549012e-06
4923,0,5.1071806e-05
4924,0,2.120038e-08
4925,0,3.6874228e-06
4926,0,1.8199069e-06
4927,0,2.4198218e-06
4928,0,2.5076017e-05
4929,0,1.8327926e-05
4930,0,4.476599e-05
4931,0,5.251663e-05
4932,0,0.000120410245
4933,0,8.6745995e-06
4934,0,0.0006132085
4935,0,1.0434836e-05
4936,0,1.06899115e-05
4937,0,1.943487e-06
4938,0,0.017523441
4939,0,2.9608384e-05
4940,0,7.5308762e-06
4941,0,0.00028304098
4942,0,0.00011867215
4943,0,9.300634e-06
4944,0,2.086268e-05
4945,0,1.755972e-05
4946,0,8.419211e-06
4947,0,9.34959e-06
4948,0,0.00022165952
4949,0,0.00045837823
4950,0,9.05512e-06
4951,0,2.1916192e-05
4952,0,1.1420025e-05
4953,0,0.0014872596
4954,0,1.3879215e-05
4955,0,2.3508046e-06
4956,0,5.2038296e-05
4957,0,9.476146e-07
4958,0,2.773738e-06
4959,0,1.0762012e-06
4960,0,3.692278e-05
4961,0,2.9332346e-06
4962,0,1.2043356e-05
4963,0,3.0998506e-06
4964,0,0.002268835
4965,0,1.3652902e-05
4966,0,1.2674604e-06
4967,0,2.487898e-06
4968,0,1.6079803e-05
4969,0,9.4545794e-05
4970,0,8.6796026e-05
4971,0,0.00013691084
4972,0,5.762548e-06
4973,0,5.7256675e-05
4974,0,6.673424e-06
4975,0,0.0019711084
4976,0,8.588473e-06
4977,0,3.1880165e-05
4978,0,0.00042108307
4979,0,3.8075355e-05
4980,0,0.0004885077
4981,0,3.939104e-06
4982,0,2.989174e-08
4983,0,0.0006287834
4984,0,2.4606795e-06
4985,0,4.510069e-06
4986,0,1.50675505e-05
4987,0,6.0008506e-07
4988,0,2.050763e-05
4989,0,5.804582e-06
4990,0,8.335264e-07
4991,0,0.009256843
4992,0,0.00014733072
4993,0,3.850014e-05
4994,0,0.0003095731
4995,0,4.700013e-06
4996,0,0.0001827696
4997,0,3.9301376e-05
4998,0,0.00012035594
4999,0,0.00015454246
5000,0,0.00011760108
5001,0,7.619157e-05
5002,0,2.8183692e-06
5003,0,7.854715e-06
5004,0,0.00094924064
5005,0,9.666529e-07
5006,0,5.01116e-05
5007,0,0.0003004585
5008,0,1.3083153e-05
5009,0,6.8047935e-05
5010,0,0.0025709402
5011,0,9.576547e-06
5012,0,1.7641294e-05
5013,0,3.7697835e-05
5014,0,2.2229735e-06
5015,0,1.0793e-06
5016,0,6.5673354e-05
5017,0,2.0274552e-05
5018,0,3.2280345e-06
5019,0,0.00026819963
5020,0,2.5654046e-05
5021,0,5.063281e-07
5022,0,7.1348272e-06
5023,0,8.633598e-05
5024,0,8.882817e-06
5025,0,1.8586652e-05
5026,0,4.666254e-06
5027,0,1.8949673e-05
5028,0,1.42362305e-05
5029,0,2.3220162e-05
5030,0,2.7925487e-05
5031,0,5.4709662e-06
5032,0,0.00047855606
5033,0,7.8833975e-05
5034,0,0.000113082446
5035,0,1.8200377e-05
5036,0,0.0009455894
5037,0,8.717915e-06
5038,0,0.0006644707
5039,0,1.4367342e-06
5040,0,1.768627e-05
5041,0,1.6304664e-05
5042,0,3.4392338e-06
5043,0,1.7590693e-05
5044,0,0.00049064594
5045,0,5.305413e-05
5046,0,3.3991804e-05
5047,0,3.4781944e-05
5048,0,1.9359273e-07
5049,0,0.005181878
5050,0,9.917115e-07
5051,0,8.15367e-06
5052,0,0.000105769424
5053,0,3.5430435e-06
5054,0,0.00015069639
5055,0,2.1516992e-06
5056,0,3.3321487e-06
5057,0,8.690141e-08
5058,0,0.00015915954
5059,0,0.00016849361
5060,0,9.176653e-06
5061,0,0.00013649918
5062,0,1.3378395e-05
5063,0,4.06492e-05
5064,0,0.00014078009
5065,0,2.9575544e-06
5066,0,4.068375e-05
5067,0,3.2249274e-05
5068,0,3.475111e-05
5069,0,1.9967352e-05
5070,0,7.496312e-09
5071,0,2.4818743e-05
5072,0,2.7860795e-05
5073,0,1.1413373e-05
5074,0,6.19135e-07
5075,0,2.023287e-05
5076,0,0.0001282561
5077,0,8.3150184e-07
5078,0,1.195896e-08
5079,0,4.2440068e-05
5080,0,4.260075e-06
5081,0,2.1077183e-06
5082,0,0.0002666596
5083,0,3.0028865e-05
5084,0,1.0555215e-06
5085,0,5.1070292e-05
5086,0,3.0395082e-05
5087,0,3.8283167e-07
5088,0,0.0034731836
5089,0,0.00010862405
5090,0,3.946775e-06
5091,0,1.0142094e-06
5092,0,3.6597808e-06
5093,0,1.5275169e-05
5094,0,2.3012283e-06
5095,0,1.1246729e-05
5096,0,7.113063e-05
5097,0,3.388125e-05
5098,0,1.996798e-05
5099,0,2.252361e-05
5100,0,2.4025437e-06
5101,0,8.1630016e-05
5102,0,1.6895638e-07
5103,0,2.4225043e-05
5104,0,7.3793795e-05
5105,0,0.00010861483
5106,0,0.00021206564
5107,0,2.2065622e-06
5108,0,5.73682e-06
5109,0,3.0772517e-05
5110,0,4.762477e-07
5111,0,2.9510338e-05
5112,0,2.0102836e-05
5113,0,0.0003364187
5114,0,8.654667e-05
5115,0,0.000120016026
5116,0,9.17955e-05
5117,0,0.008275667
5118,0,3.2526077e-06
5119,0,2.561862e-05
5120,0,3.3473603e-05
5121,0,4.5255183e-05
5122,0,1.329868e-08
5123,0,6.405908e-06
5124,0,3.7965942e-06
5125,0,1.5164493e-06
5126,0,4.419392e-06
5127,0,1.3117672e-05
5128,0,0.00043209895
5129,0,4.1261646e-06
5130,0,5.8560487e-05
5131,0,6.730121e-05
5132,0,4.3966747e-06
5133,0,3.4402046e-06
5134,0,0.000980181
5135,0,9.4721494e-05
5136,0,5.7378074e-05
5137,0,1.1750276e-06
5138,0,7.351547e-08
5139,0,2.1410619e-05
5140,0,0.00018917731
5141,0,0.0015309338
5142,0,0.00017529119
5143,0,8.008541e-06
5144,0,1.1874046e-05
5145,0,0.00026831575
5146,0,1.1143808e-06
5147,0,2.1035385e-07
5148,0,0.00037522943
5149,0,0.00031575403
5150,0,0.0003102926
5151,0,5.7421346e-07
5152,0,0.00057206734
5153,0,6.6054145e-06
5154,0,9.867015e-06
5155,0,1.3985854e-05
5156,0,8.064005e-06
5157,0,8.611682e-08
5158,0,4.467333e-07
5159,0,5.919055e-08
5160,0,0.0002619727
5161,0,3.120051e-05
5162,0,0.000119805176
5163,0,3.5073134e-07
5164,0,1.4319126e-06
5165,0,6.82054e-06
5166,0,2.1081305e-06
5167,0,3.8944486e-06
5168,0,4.2089217e-05
5169,0,1.267961e-06
5170,0,3.7242448e-06
5171,0,8.5020605e-05
5172,0,6.2412046e-06
5173,0,1.4230774e-06
5174,0,1.1729687e-06
5175,0,0.00015183455
5176,0,3.1069387e-06
5177,0,1.0869406e-06
5178,0,1.0544726e-05
5179,0,3.6372243e-05
5180,0,1.3626393e-05
5181,0,1.5899717e-05
5182,0,1.5781453e-06
5183,0,9.301523e-07
5184,0,5.4582147e-06
5185,0,3.650143e-07
5186,0,6.882053e-05
5187,0,1.0121687e-06
5188,0,4.7471127e-05
5189,0,3.058369e-07
5190,0,1.846917e-05
5191,0,0.00802645
5192,0,5.7913503e-06
5193,0,0.0002491793
5194,0,3.0078213e-06
5195,0,6.4467343e-07
5196,0,2.3943023e-05
5197,0,2.0600264e-06
5198,0,3.0448726e-05
5199,0,3.7116628e-05
5200,0,2.4156946e-06
5201,0,3.4926463e-05
5202,0,6.543823e-05
5203,0,7.6685275e-05
5204,0,0.00013355303
5205,0,6.384089e-05
5206,0,7.349147e-05
5207,0,3.122665e-05
5208,0,5.2552855e-06
5209,0,0.00028264485
5210,0,3.0182058e-05
5211,0,0.00016900804
5212,0,1.9176881e-05
5213,0,7.526299e-05
5214,0,0.001678053
5215,0,9.189001e-06
5216,0,3.0214228e-06
5217,0,3.9442652e-06
5218,0,1.8643921e-05
5219,0,1.9266832e-05
5220,0,1.2049158e-05
5221,0,2.7931506e-05
5222,0,5.6576162e-05
5223,0,0.00020100838
5224,0,3.5871184e-05
5225,0,4.5906512e-07
5226,0,2.2573256e-06
5227,0,4.3876276e-05
5228,0,0.00035209052
5229,0,8.4571565e-07
5230,0,0.0022090457
5231,0,5.212132e-06
5232,0,2.2386935e-06
5233,0,0.0006822486
5234,0,1.654273e-05
5235,0,6.2797612e-06
5236,0,1.8136417e-06
5237,0,2.136798e-06
5238,0,2.1735048e-05
5239,0,5.1732477e-06
5240,0,7.7653465e-05
5241,0,4.7347576e-06
5242,0,0.0001247818
5243,0,4.269747e-06
5244,0,2.5268326e-07
5245,0,6.169981e-06
5246,0,1.2446595e-06
5247,0,3.14633e-05
5248,0,2.375806e-05
5249,0,0.00012885983
5250,0,3.7418813e-06
5251,0,1.6586362e-05
5252,0,0.00017819498
5253,0,1.9526592e-06
5254,0,7.427954e-05
5255,0,0.00022298392
5256,0,8.530696e-05
5257,0,5.765412e-06
5258,0,1.5864115e-06
5259,0,2.3716543e-06
5260,0,2.7175354e-06
5261,0,0.00024272782
5262,0,0.00019577435
5263,0,1.1477564e-05
5264,0,7.423372e-05
5265,0,1.8596953e-05
5266,0,0.0015618949
5267,0,7.613623e-05
5268,0,0.00015880557
5269,0,0.00089366187
5270,0,2.2973796e-05
5271,0,4.026574e-05
5272,0,6.7569645e-06
5273,0,1.9174597e-05
5274,0,1.4332747e-05
5275,0,1.6787028e-05
5276,0,1.2708397e-06
5277,1,0.9966009
5278,0,2.2608227e-05
5279,0,2.8896525e-07
5280,0,0.00017567855
5281,0,4.4404987e-06
5282,0,7.4515e-05
5283,0,1.6946599e-07
5284,0,5.2729786e-07
5285,0,2.4175444e-05
5286,0,1.7166474e-05
5287,0,0.00020984568
5288,0,1.5996811e-05
5289,0,6.90286e-06
5290,0,1.3198797e-06
5291,0,0.00011923839
5292,0,1.7270268e-05
5293,0,1.6093774e-06
5294,0,1.1163678e-05
5295,0,8.73087e-06
5296,0,3.8286686e-05
5297,0,1.7954293e-06
5298,0,4.527047e-06
5299,0,3.487432e-06
5300,0,0.00012381877
5301,0,0.00034319382
5302,0,2.957388e-06
5303,0,0.000116913434
5304,0,1.8346511e-06
5305,0,7.5625358e-06
5306,0,4.281144e-05
5307,0,0.00046763083
5308,0,7.776039e-06
5309,0,3.8251196e-06
5310,0,1.819687e-05
5311,0,9.283231e-06
5312,0,3.8846334e-05
5313,0,0.000509981
5314,0,2.0068985e-07
5315,0,0.0004154621
5316,0,0.0045803254
5317,0,1.30295e-05
5318,0,1.06259595e-05
5319,0,0.00069124205
5320,0,8.240149e-06
5321,0,0.000247322
5322,0,5.6832687e-07
5323,0,8.36919e-05
5324,0,7.68957e-07
5325,0,1.8784734e-05
5326,0,1.5045624e-05
5327,0,6.7538267e-06
5328,0,6.305518e-06
5329,0,2.5856647e-07
5330,0,6.504361e-05
5331,0,7.509624e-05
5332,0,7.723105e-05
5333,0,5.9233923e-07
5334,0,2.876424e-06
5335,0,0.00023248172
5336,0,0.00094718626
5337,0,8.0420534e-05
5338,0,0.0004415079
5339,0,8.542215e-06
5340,0,1.1222365e-05
5341,0,8.655593e-06
5342,0,4.0844457e-06
5343,0,8.1069775e-06
5344,0,7.2659794e-05
5345,0,5.308898e-06
5346,0,5.864117e-06
5347,0,0.00015126145
5348,0,5.4148554e-06
5349,0,3.2857363e-06
5350,0,8.4081404e-07
5351,0,1.4289755e-05
5352,0,0.00040114095
5353,0,0.001014715
5354,0,7.0835324e-07
5355,0,1.559713e-05
5356,0,7.385154e-06
5357,0,4.140833e-06
5358,0,1.3207196e-05
5359,0,5.97001e-05
5360,0,0.00011992987
5361,0,1.786104e-05
5362,0,3.916707e-06
5363,0,8.16883e-06
5364,0,4.6971904e-06
5365,0,0.0048691477
5366,0,5.291901e-05
5367,0,2.082978e-06
5368,0,6.101649e-07
5369,0,3.5982137e-06
5370,0,1.3638496e-05
5371,0,8.046118e-05
5372,0,2.4988503e-06
5373,0,4.146124e-06
5374,0,1.01814285e-05
5375,0,0.00022456513
5376,0,1.8353392e-05
5377,0,3.2061503e-06
5378,0,3.2842452e-06
5379,0,5.3425614e-05
5380,0,3.0909043e-05
5381,0,0.001356188
5382,0,5.174419e-07
5383,0,0.00018797118
5384,0,0.0043739146
5385,0,1.8363547e-05
5386,0,4.152776e-06
5387,0,7.748832e-07
5388,0,4.1836465e-06
5389,0,0.0029982734
5390,0,8.929361e-06
5391,0,4.7744168e-05
5392,0,1.6014574e-06
5393,0,4.5449546e-05
5394,0,3.945726e-05
5395,0,1.1522111e-05
5396,0,4.557726e-06
5397,0,1.6177473e-05
5398,0,2.4472813e-06
5399,0,4.8196403e-06
5400,0,6.5510617e-06
5401,0,1.3568044e-06
5402,0,7.1947984e-06
5403,0,1.5946175e-06
5404,0,5.3880435e-06
5405,0,0.00018509032
5406,0,0.0001394591
5407,0,0.00013946362
5408,0,4.629689e-06
5409,0,5.1273487e-06
5410,0,1.2646262e-05
5411,0,8.143396e-06
5412,0,8.654669e-06
5413,0,4.116267e-05
5414,0,1.7398464e-05
5415,0,0.00038423605
5416,0,6.582818e-07
5417,0,0.00011565667
5418,0,1.9259421e-06
5419,0,5.1271772e-06
5420,0,3.2552543e-05
5421,0,0.000107914566
5422,0,1.4000435e-06
5423,0,8.7961795e-05
5424,0,0.0007653445
5425,0,1.3508587e-05
5426,0,4.0372814e-07
5427,0,4.41328e-05
5428,0,4.3987507e-06
5429,0,9.90686e-07
5430,0,1.6112868e-05
5431,0,8.726868e-05
5432,0,0.003449848
5433,0,2.170961e-05
5434,0,0.0028114961
5435,0,9.150035e-06
5436,0,1.4691565e-07
5437,0,7.743298e-07
5438,0,4.5397348e-05
5439,0,3.2312626e-05
5440,0,6.5304216e-06
5441,0,9.99408e-05
5442,0,6.1980834e-05
5443,0,1.6129513e-06
5444,0,1.4983953e-05
5445,0,4.1572474e-07
5446,0,5.6522554e-06
5447,0,7.0000256e-06
5448,0,1.1019339e-05
5449,0,2.0905898e-05
5450,0,1.8314205e-06
5451,0,0.00014014804
5452,0,1.7696937e-06
5453,0,3.2950203e-07
5454,0,1.890381e-05
5455,0,7.4114423e-06
5456,0,1.1610155e-05
5457,0,1.3994913e-05
5458,0,2.8616357e-06
5459,0,9.5056195e-05
5460,0,4.2392257e-05
5461,0,1.1350332e-06
5462,0,3.4948634e-06
5463,0,3.0897595e-06
5464,0,1.7877866e-06
5465,0,8.779087e-06
5466,0,3.099472e-06
5467,0,0.0012783854
5468,0,0.0055172686
5469,0,2.2261038e-05
5470,0,0.00010013607
5471,0,3.904404e-06
5472,0,2.8483393e-05
5473,0,1.0856736e-06
5474,0,4.7579084e-05
5475,0,2.1478249e-05
5476,0,0.0003355364
5477,0,1.6539577e-06
5478,0,1.564998e-05
5479,0,6.280218e-05
5480,0,0.0019841932
5481,0,0.00051332515
5482,0,1.3629877e-05
5483,0,3.2956545e-05
5484,0,2.3338744e-06
5485,0,0.0027954662
5486,0,1.4860331e-05
5487,0,4.1671105e-05
5488,0,2.0065698e-05
5489,0,1.7560708e-06
5490,0,1.07454935e-05
5491,0,3.5920182e-06
5492,0,9.0022404e-05
5493,0,0.0010909713
5494,0,3.1853634e-07
5495,0,0.004589786
5496,0,3.1490772e-06
5497,0,5.3936506e-05
5498,0,1.2710816e-05
5499,0,5.5233195e-05
5500,0,0.00025876248
5501,0,4.149468e-05
5502,0,0.00015896009
5503,0,5.7877114e-05
5504,0,3.365371e-05
5505,0,1.8588426e-06
5506,0,0.51223147
5507,0,2.117286e-06
5508,0,3.9997897e-07
5509,0,3.9196235e-05
5510,0,8.967438e-05
5511,0,9.598217e-06
5512,0,2.043471e-06
5513,0,5.612313e-07
5514,0,9.1947703e-07
5515,0,1.4436798e-05
5516,0,5.197401e-07
5517,0,5.0777103e-08
5518,0,1.0436441e-06
5519,0,1.1374982e-05
5520,0,0.00018792602
5521,0,3.5288974e-06
5522,0,2.1631513e-05
5523,0,0.0034844077
5524,0,5.236965e-05
5525,0,1.7698352e-05
5526,0,3.8991522e-05
5527,0,2.5711179e-06
5528,0,3.053774e-05
5529,0,7.2637624e-05
5530,0,1.47627e-05
5531,0,2.6639173e-05
5532,0,0.00030745685
5533,0,0.0008444967
5534,0,3.2187388e-06
5535,0,1.4249977e-06
5536,0,1.53998e-05
5537,0,1.8339517e-05
5538,0,1.0740552e-08
5539,0,1.7618446e-06
5540,0,0.0007095541
5541,0,9.985198e-07
5542,0,7.6670716e-05
5543,0,9.701396e-06
5544,0,0.98507684
5545,0,1.9367485e-06
5546,0,1.4145462e-06
5547,0,0.0010902212
5548,0,2.2280066e-05
5549,0,8.184803e-07
5550,0,6.6440845e-07
5551,0,4.879574e-06
5552,0,2.8526138e-06
5553,0,4.7996464e-06
5554,0,1.8998718e-06
5555,0,0.00012342517
5556,0,9.685031e-07
5557,0,2.0956525e-06
5558,0,6.893683e-06
5559,0,2.824873e-06
5560,0,0.00015865105
5561,0,1.3971816e-05
5562,0,3.588699e-05
5563,0,0.00017510043
5564,0,1.0950165e-06
5565,0,1.0160981e-05
5566,0,9.0251124e-05
5567,0,1.1986247e-06
5568,0,1.7448778e-05
5569,0,0.0015633993
5570,0,0.0006949767
5571,0,2.0040434e-05
5572,0,6.9453125e-07
5573,0,6.4945397e-07
5574,0,6.996612e-05
5575,0,6.3594894e-09
5576,0,8.208683e-05
5577,0,8.489589e-06
5578,0,6.784671e-07
5579,0,3.4580528e-06
5580,0,8.580311e-06
5581,0,4.7462574e-05
5582,0,5.379468e-05
5583,0,0.0002579961
5584,0,1.7282257e-06
5585,0,4.5139972e-05
5586,0,1.1555652e-05
5587,0,0.00019565287
5588,0,0.0003337694
5589,0,9.428213e-06
5590,0,1.762816e-05
5591,0,8.595126e-06
5592,0,0.00011010773
5593,0,4.28166e-07
5594,0,1.43072425e-08
5595,0,1.5295664e-05
5596,0,0.0015196386
5597,0,3.6769966e-06
5598,0,4.5280996e-07
5599,0,1.744668e-05
5600,0,2.5926824e-06
5601,0,3.0681308e-06
5602,0,1.1680476e-05
5603,0,7.901415e-06
5604,0,2.9852824e-06
5605,0,0.0005170548
5606,0,1.1119477e-06
5607,0,1.3001189e-05
5608,0,7.980874e-05
5609,0,3.3314056e-05
5610,0,1.2239007e-06
5611,0,5.0447153e-07
5612,0,1.0719436e-07
5613,0,6.276277e-06
5614,0,1.7155116e-05
5615,0,1.7902308e-05
5616,0,3.744959e-07
5617,0,0.00041330248
5618,0,5.861032e-05
5619,0,3.6530895e-05
5620,0,5.7591086e-07
5621,0,1.8461773e-05
5622,0,6.6665602e-06
5623,0,0.0017396112
5624,0,1.6922448e-05
5625,0,1.1589362e-06
5626,0,8.399875e-06
5627,0,2.027173e-05
5628,0,0.00019540417
5629,0,0.0009278618
5630,0,1.8131357e-05
5631,0,4.7579007e-08
5632,0,2.2700284e-05
5633,0,1.1838964e-07
5634,0,5.9305963e-05
5635,0,1.9294468e-05
5636,0,0.0001115722
5637,0,8.88097e-06
5638,0,7.8108724e-07
5639,0,1.8555358e-05
5640,0,0.00015578733
5641,0,1.3283453e-06
5642,0,1.310263e-06
5643,0,0.00020645022
5644,0,0.00014125205
5645,0,1.5785021e-06
5646,0,2.395165e-07
5647,0,6.555061e-06
5648,0,3.5806283e-05
5649,0,1.1701168e-05
5650,0,2.5635287e-05
5651,0,3.1900327e-05
5652,0,2.42895e-06
5653,0,2.4667139e-05
5654,0,2.6133905e-05
5655,0,0.00061574177
5656,0,8.006495e-07
5657,0,0.00018003624
5658,0,1.1963076e-06
5659,0,0.001016674
5660,0,4.5279367e-06
5661,0,4.572338e-05
5662,0,6.893239e-05
5663,0,0.00012675601
5664,0,4.5247108e-07
5665,0,0.0038251157
5666,0,1.5182062e-05
5667,0,4.195625e-06
5668,0,5.337868e-07
5669,0,6.400202e-07
5670,0,1.2476627e-06
5671,0,7.53745e-06
5672,0,4.6486188e-05
5673,0,3.9673192e-05
5674,0,3.2357155e-05
5675,0,2.5742369e-05
5676,0,8.803539e-05
5677,0,6.889221e-06
5678,0,0.000622996
5679,0,9.222933e-06
5680,0,1.027858e-08
5681,0,4.0027116e-06
5682,0,1.49935595e-05
5683,0,0.00033564423
5684,0,1.8483142e-05
5685,0,2.1382125e-06
5686,0,2.8111563e-05
5687,0,1.8759976e-05
5688,0,1.28016645e-05
5689,0,4.025322e-05
5690,0,0.00017994785
5691,0,0.00038034222
5692,0,1.017658e-07
5693,0,0.007860369
5694,0,0.00017456264
5695,0,2.8771277e-05
5696,0,1.6367072e-05
5697,0,6.0182956e-06
5698,0,2.210325e-05
5699,0,2.5842203e-06
5700,0,6.264027e-05
5701,0,2.5549267e-07
5702,0,6.882673e-07
5703,0,5.891753e-07
5704,0,2.2804845e-06
5705,0,8.420495e-06
5706,0,0.00026892195
5707,0,0.00029934652
5708,0,3.2754745e-06
5709,0,1.6465592e-05
5710,0,5.7161913e-05
5711,0,6.1027663e-07
5712,0,4.509983e-05
5713,0,4.053534e-06
5714,0,0.00013924875
5715,0,9.125325e-08
5716,0,2.0872272e-05
5717,0,3.4624216e-05
5718,0,1.8467868e-07
5719,0,1.3244594e-06
5720,0,2.04857e-05
5721,0,6.737197e-05
5722,0,1.2397064e-05
5723,0,1.2124762e-05
5724,0,0.00096328533
5725,0,3.112758e-06
5726,0,7.5052017e-06
5727,0,1.0053919e-06
5728,0,0.0011610542
5729,0,1.4235335e-05
5730,0,3.9479382e-06
5731,0,2.2192593e-05
5732,0,0.00054883223
5733,0,1.3127269e-06
5734,0,0.032852914
5735,0,0.00017941656
5736,0,4.9940147e-05
5737,0,2.7830498e-05
5738,0,7.0972485e-05
5739,0,0.0001521167
5740,0,2.0991708e-06
5741,0,0.00096550566
5742,0,2.0293877e-05
5743,0,1.1007826e-06
5744,0,1.5061427e-06
5745,0,2.8844186e-05
5746,0,3.0782628e-06
5747,0,1.71879e-05
5748,0,0.00017050626
5749,0,5.020874e-06
5750,0,0.003685077
5751,0,0.0020064686
5752,0,0.00011512631
5753,0,6.8014955e-08
5754,0,2.7687643e-06
5755,0,2.2256645e-05
5756,0,0.00015125165
5757,0,2.5506351e-06
5758,0,0.00030388698
5759,0,5.128752e-06
5760,0,5.036158e-05
5761,0,2.8852359e-05
5762,0,0.004331465
5763,0,7.35503e-05
5764,0,9.6847674e-05
5765,0,2.951504e-05
5766,0,3.5849848e-07
5767,0,4.452888e-05
5768,0,6.0112175e-06
5769,0,0.00018582969
5770,0,1.5756068e-07
5771,0,0.00031122143
5772,0,1.3446686e-05
5773,0,0.00010693681
5774,0,5.0737915e-05
5775,0,3.0135263e-06
5776,0,2.0435712e-07
5777,0,5.1551783e-06
5778,0,2.4305038e-05
5779,0,6.909156e-07
5780,0,0.0013490153
5781,0,2.5370132e-06
5782,0,4.3594584e-05
5783,0,5.1892846e-05
5784,0,0.004918845
5785,0,2.7916169e-05
5786,0,4.44354e-06
5787,0,7.5660137e-06
5788,0,5.1848006e-06
5789,0,7.696659e-05
5790,0,0.0001246989
5791,0,4.3646833e-05
5792,0,0.0009786652
5793,0,1.919981e-05
5794,0,9.533501e-06
5795,0,9.122641e-06
5796,0,4.3487624e-05
5797,0,0.00095437246
5798,0,1.5314477e-06
5799,0,5.056515e-06
5800,0,0.00010131005
5801,0,2.4315497e-07
5802,0,2.5403824e-05
5803,0,0.00044045047
5804,0,1.5987767e-05
5805,0,1.699093e-05
5806,0,2.5998306e-06
5807,0,1.095375e-05
5808,0,1.984644e-05
5809,0,0.0011747613
5810,0,2.0593625e-06
5811,0,0.000113839254
5812,0,7.524135e-06
5813,0,5.3724136e-05
5814,0,6.6796165e-05
5815,0,5.82655e-07
5816,0,8.967429e-05
5817,0,2.4718027e-05
5818,0,0.000119801516
5819,0,8.322703e-06
5820,0,2.9821922e-06
5821,0,3.0271794e-06
5822,0,1.4740449e-06
5823,0,2.0116911e-05
5824,0,8.496288e-06
5825,0,2.7384626e-06
5826,0,1.9517121e-07
5827,0,3.008843e-05
5828,0,7.3989594e-07
5829,0,2.972235e-06
5830,0,2.0161308e-06
5831,0,0.009716383
5832,0,2.2752103e-05
5833,0,2.698368e-06
5834,0,0.00036181987
5835,0,0.00019485012
5836,0,5.2854525e-06
5837,0,5.986663e-06
5838,0,3.6164172e-05
5839,0,0.0030127887
5840,0,8.674377e-06
5841,0,7.6720735e-06
5842,0,1.158854e-05
5843,0,1.4127678e-06
5844,0,2.2937806e-05
5845,0,2.1007603e-05
5846,0,0.0070781405
5847,0,0.00070259447
5848,0,1.6734231e-05
5849,0,0.00024731635
5850,0,5.3946037e-06
5851,0,1.5113268e-06
5852,0,8.261791e-07
5853,0,0.00019455548
5854,0,5.6789242e-05
5855,0,0.00024936325
5856,0,0.22871591
5857,0,0.001456742
5858,0,2.776906e-06
5859,0,3.3523407e-05
5860,0,1.0871598e-05
5861,0,3.9321796e-07
5862,0,0.0039848546
5863,0,1.4654512e-07
5864,0,1.1955354e-06
5865,0,0.0001374495
5866,0,5.2018946e-05
5867,0,7.112619e-06
5868,0,5.042868e-07
5869,0,6.161539e-07
5870,0,0.00031179105
5871,0,2.183749e-07
5872,0,6.998031e-08
5873,0,1.3455204e-06
5874,0,2.8161285e-06
5875,0,5.0467683e-05
5876,0,1.38819405e-05
5877,0,1.5045711e-05
5878,0,1.1931006e-05
5879,0,0.00010874873
5880,0,3.2064967e-05
5881,0,5.542594e-05
5882,0,8.731429e-05
5883,0,0.00012515348
5884,0,4.2895213e-06
5885,0,4.933666e-06
5886,0,1.9009229e-06
5887,0,7.891979e-06
5888,0,6.2504546e-06
5889,0,0.00019116738
5890,0,0.00081033335
5891,0,1.5048132e-06
5892,0,1.3430621e-08
5893,0,7.2291705e-08
5894,0,2.1499316e-05
5895,0,0.00034055448
5896,0,0.00025710152
5897,0,1.6912752e-05
5898,0,0.00016332402
5899,0,9.852131e-06
5900,0,7.2519265e-06
5901,0,0.0015144353
5902,0,5.8471014e-06
5903,0,7.9072495e-05
5904,0,0.00016101432
5905,0,0.00051379605
5906,0,6.253651e-06
5907,0,1.07638525e-05
5908,0,1.4094846e-05
5909,0,4.286422e-05
5910,0,9.023681e-07
5911,0,3.0489643e-06
5912,0,2.363138e-06
5913,0,2.0830454e-05
5914,0,7.3742165e-05
5915,0,8.525348e-07
5916,0,1.986095e-06
5917,0,1.5124431e-05
5918,0,6.308724e-05
5919,0,6.0051887e-05
5920,0,7.674832e-06
5921,0,3.0190784e-05
5922,0,1.435529e-05
5923,0,1.033097e-06
5924,0,5.799735e-06
5925,0,0.00017709147
5926,0,0.0007236273
5927,0,4.0612886e-06
5928,0,0.0026396597
5929,0,1.893506e-05
5930,0,0.0002730471
5931,0,5.656531e-06
5932,0,0.00010230063
5933,0,0.00023578867
5934,0,2.0324946e-05
5935,0,5.677208e-06
5936,0,4.1511607e-06
5937,0,1.4551262e-05
5938,0,2.1061465e-05
5939,0,0.00030487883
5940,0,3.9442737e-05
5941,0,1.2825212e-05
5942,0,5.821041e-06
5943,0,1.1369429e-05
5944,0,1.741121e-06
5945,0,3.687724e-05
5946,0,0.0039533074
5947,0,0.00028965145
5948,0,1.2318025e-06
5949,0,0.0010645321
5950,0,1.2918722e-06
5951,0,8.075928e-05
5952,0,4.7358495e-05
5953,0,4.1532116e-06
5954,0,0.00025014
5955,0,2.4235494e-06
5956,0,3.5310964e-05
5957,0,0.0016369186
5958,0,2.579358e-05
5959,0,2.5717389e-05
5960,0,0.000133038
5961,0,1.8221077e-05
5962,0,3.507073e-06
5963,0,2.1370717e-05
5964,0,4.759644e-06
5965,0,7.219669e-05
5966,0,2.0209152e-05
5967,0,7.58755e-07
5968,0,1.4545281e-05
5969,0,0.00014375249
5970,0,4.2245692e-06
5971,0,3.0712006e-05
5972,0,3.8410946e-07
5973,0,0.00038519915
5974,0,1.6838576e-05
5975,0,3.9515276e-06
5976,0,0.0007366212
5977,0,3.5111872e-05
5978,0,4.555325e-05
5979,0,1.489248e-05
5980,0,1.3063566e-05
5981,0,4.625139e-05
5982,0,9.730259e-06
5983,0,1.6766394e-06
5984,0,2.0189658e-05
5985,0,0.00071267213
5986,0,8.671729e-06
5987,0,9.733442e-06
5988,0,1.1601908e-05
5989,0,1.9638193e-05
5990,0,0.00020140264
5991,0,1.2940548e-06
5992,0,9.4106014e-07
5993,0,1.4855047e-05
5994,0,8.095242e-06
5995,0,0.00025187916
5996,0,0.00010085653
5997,0,2.195552e-05
5998,0,9.677179e-05
5999,0,0.000105991334
6000,0,1.100147e-07
6001,0,0.00013664177
6002,0,2.9170437e-06
6003,0,6.426088e-06
6004,0,5.242466e-05
6005,0,7.363065e-05
6006,0,2.6640816e-06
6007,0,6.220795e-08
6008,0,3.5495675e-06
6009,0,9.2049966e-05
6010,0,2.185998e-06
6011,0,5.377138e-07
6012,0,3.1276627e-06
6013,0,8.78314e-06
6014,0,8.786304e-05
6015,0,0.00017808237
6016,0,7.899434e-05
6017,0,2.5257628e-05
6018,0,1.2120393e-05
6019,0,2.707276e-07
6020,0,1.0028983e-06
6021,0,0.000120453995
6022,0,2.6710188e-06
6023,0,9.52713e-06
6024,0,8.5637075e-06
6025,0,5.3879543e-05
6026,0,0.0011910956
6027,0,0.00018345648
6028,0,0.0013220084
6029,0,1.3922491e-06
6030,0,0.004412233
6031,0,0.00022563826
6032,0,0.0011143645
6033,0,1.2171915e-05
6034,0,0.00047639417
6035,0,0.0011155828
6036,0,2.9464622e-06
6037,0,2.5383335e-05
6038,0,7.359517e-08
6039,0,1.4489543e-05
6040,0,1.2985138e-06
6041,0,3.1102182e-08
6042,0,2.690526e-05
6043,0,1.8819757e-06
6044,0,0.00012877508
6045,0,5.86791e-07
6046,0,4.5149187e-05
6047,0,8.2066785e-05
6048,0,8.223349e-05
6049,0,5.8871187e-06
6050,0,0.00028054966
6051,0,0.0005412901
6052,1,0.06142236
6053,0,1.9588608e-06
6054,0,1.074381e-06
6055,0,6.2080326e-06
6056,0,1.2092324e-06
6057,0,1.8460665e-05
6058,0,2.7652635e-05
6059,0,5.247268e-06
6060,0,5.8924043e-06
6061,0,4.1769545e-07
6062,0,0.00019338679
6063,0,0.00011648079
6064,0,8.244006e-05
6065,0,2.0882058e-07
6066,0,5.796998e-06
6067,0,3.3241828e-05
6068,0,4.3485468e-07
6069,0,7.631508e-06
6070,0,0.00010094072
6071,0,0.0004157368
6072,0,9.2972905e-06
6073,0,3.0046222e-05
6074,0,1.244035e-07
6075,0,7.875274e-08
6076,0,1.19246815e-05
6077,0,5.893927e-05
6078,0,3.1712252e-06
6079,0,0.000110444336
6080,0,5.8997567e-09
6081,0,1.6524771e-05
6082,0,2.6280193e-06
6083,0,0.00084262143
6084,0,3.4556497e-06
6085,0,5.342261e-06
6086,0,1.9974455e-05
6087,0,0.00033334646
6088,0,1.3198797e-06
6089,0,6.843018e-05
6090,0,1.2189757e-05
6091,0,0.00028270224
6092,0,2.9934483e-05
6093,0,2.0749799e-06
6094,0,1.0003302e-07
6095,0,1.37902625e-05
6096,0,1.8231072e-05
6097,0,3.2074753e-05
6098,0,6.1314764e-05
6099,0,2.810797e-06
6100,0,1.192608e-05
6101,0,0.00018293994
6102,0,0.00014128344
6103,0,1.075188e-05
6104,0,5.772294e-06
6105,0,3.786541e-05
6106,0,6.7432716e-06
6107,0,5.1353105e-05
6108,0,3.023155e-05
6109,0,2.4035196e-05
6110,0,5.7813845e-06
6111,0,1.6770306e-05
6112,0,4.453427e-05
6113,0,5.1042866e-06
6114,0,8.219092e-06
6115,0,1.744625e-05
6116,0,4.1369347e-07
6117,0,0.0002853408
6118,0,0.00018505522
6119,0,0.00014546339
6120,0,5.6708773e-06
6121,0,6.450523e-05
6122,0,3.2328376e-06
6123,0,3.9770694e-06
6124,0,3.8475137e-06
6125,0,9.3920564e-05
6126,0,5.8874895e-07
6127,0,7.879721e-06
6128,0,8.197872e-05
6129,0,0.0003568473
6130,0,5.99918e-07
6131,0,2.9188275e-06
6132,0,3.913044e-06
6133,0,1.2279482e-05
6134,0,2.4512625e-05
6135,0,1.7879745e-07
6136,0,6.343952e-06
6137,0,0.00012775285
6138,0,9.388576e-07
6139,0,1.8199069e-06
6140,0,3.166033e-05
6141,0,1.18454345e-07
6142,0,2.0092677e-05
6143,0,1.092683e-06
6144,0,0.0032307429
6145,0,2.54593e-06
6146,0,2.0619824e-05
6147,0,6.325453e-05
6148,0,9.473992e-06
6149,0,4.4172853e-06
6150,0,3.5952637e-06
6151,0,0.08329323
6152,0,3.945726e-05
6153,0,9.832411e-06
6154,0,2.2577692e-06
6155,0,1.5409836e-06
6156,0,3.278323e-05
6157,0,7.443693e-06
6158,0,8.834291e-06
6159,0,0.00031556474
6160,0,5.685947e-07
6161,0,1.0569927e-05
6162,0,0.00016929109
6163,0,5.110761e-07
6164,0,8.461646e-06
6165,0,1.5919311e-06
6166,0,7.54048e-05
6167,0,1.3087296e-05
6168,0,5.342564e-07
6169,0,7.5360316e-07
6170,0,4.4000413e-07
6171,0,2.8255301e-05
6172,0,8.375876e-06
6173,0,1.132167e-05
6174,0,5.9123363e-06
6175,0,2.0701966e-05
6176,0,3.0367964e-05
6177,0,1.7428173e-06
6178,0,3.9557467e-06
6179,0,0.00011529704
6180,0,7.0005462e-06
6181,0,2.0680815e-08
6182,0,4.404182e-06
6183,0,3.6516644e-06
6184,0,0.008393957
6185,0,3.4802015e-05
6186,0,1.2522951e-06
6187,0,0.0014438096
6188,0,1.1003381e-07
6189,0,3.403595e-05
6190,0,8.866609e-06
6191,0,1.4185395e-06
6192,0,0.0013558071
6193,0,7.833198e-05
6194,0,5.497833e-07
6195,0,1.1625932e-05
6196,0,5.247848e-05
6197,0,6.463941e-07
6198,0,5.7550074e-06
6199,0,5.43154e-06
6200,0,3.414447e-05
6201,0,4.8378392e-06
6202,0,0.000104113205
6203,0,1.7730351e-06
6204,0,1.6458858e-05
6205,0,0.00043051585
6206,0,0.0004447338
6207,0,0.00025807408
6208,0,0.0001076762
6209,0,4.1621777e-05
6210,0,7.195373e-05
6211,0,0.0001364397
6212,0,1.2662216e-05
6213,0,3.0108264e-05
6214,0,3.8762773e-05
6215,0,0.012476867
6216,0,1.9758363e-05
6217,0,0.0002582971
6218,0,1.3699712e-05
6219,0,5.3722495e-05
6220,0,6.430311e-05
6221,0,8.5439815e-08
6222,0,2.4076746e-06
6223,0,0.00033991438
6224,0,2.4366595e-06
6225,0,1.8882432e-07
6226,0,4.1388725e-07
6227,0,2.1258859e-07
6228,0,6.133192e-06
6229,0,1.5882319e-05
6230,0,1.0179896e-06
6231,0,5.8529204e-06
6232,0,7.083563e-05
6233,0,6.674015e-07
6234,0,7.0000256e-06
6235,0,2.8963763e-07
6236,0,6.6342404e-06
6237,0,2.2531409e-05
6238,0,0.00027925885
6239,0,0.001167266
6240,0,0.00012693285
6241,0,3.8606977e-06
6242,0,1.847382e-05
6243,0,4.4090616e-06
6244,0,0.00010548005
6245,0,4.0118248e-05
6246,0,8.182499e-06
6247,0,6.886215e-05
6248,0,1.1564395e-05
6249,0,0.00050775346
6250,0,0.00037041854
6251,0,7.7497745e-05
6252,0,0.00021982318
6253,0,1.9435945e-06
6254,0,6.6306984e-06
6255,0,9.466569e-05
6256,0,3.7408012e-05
6257,0,3.7325553e-05
6258,0,2.6491439e-06
6259,0,0.005438847
6260,0,8.231376e-06
6261,0,4.0948355e-05
6262,0,8.443324e-06
6263,0,2.5323303e-05
6264,0,1.2359926e-05
6265,0,1.6207102e-06
6266,0,2.8818908e-08
6267,0,3.789421e-06
6268,0,0.00031679432
6269,0,1.8311342e-06
6270,0,9.488896e-07
6271,0,0.00092447456
6272,0,0.00021407954
6273,0,1.4164808e-05
6274,0,0.00053771236
6275,0,1.2277467e-05
6276,0,1.0817732e-06
6277,0,0.00046259208
6278,0,1.8148517e-05
6279,0,4.1470194e-05
6280,0,3.47901e-05
6281,0,2.2833092e-06
6282,0,4.5085494e-07
6283,0,7.944905e-05
6284,0,7.858917e-07
6285,0,8.528839e-08
6286,0,3.6530128e-05
6287,0,1.8827724e-05
6288,0,1.6395566e-05
6289,0,0.00013938146
6290,0,2.0138841e-06
6291,0,8.578606e-05
6292,0,0.0004580851
6293,0,9.800784e-07
6294,0,3.7070517e-06
6295,0,8.223326e-06
6296,0,2.666003e-06
6297,0,1.2295101e-05
6298,0,1.398721e-06
6299,0,9.181476e-06
6300,0,5.013378e-07
6301,0,9.056312e-05
6302,0,4.590375e-08
6303,0,4.9658815e-05
6304,0,1.7758015e-05
6305,0,0.0015845591
6306,0,2.4369652e-05
6307,0,1.5479903e-06
6308,0,0.000183587
6309,0,3.629382e-07
6310,0,2.9674568e-06
6311,0,1.5533893e-05
6312,0,1.7897904e-05
6313,0,0.009971607
6314,0,2.677096e-06
6315,0,1.3419066e-05
6316,0,3.3467252e-06
6317,0,1.9288224e-08
6318,0,3.1576263e-05
6319,0,1.0367515e-05
6320,0,1.5588196e-06
6321,0,2.9870916e-05
6322,0,5.3158133e-06
6323,0,0.00012358793
6324,0,2.9754792e-06
6325,0,4.27333e-07
6326,0,6.62122e-06
6327,0,2.1176182e-05
6328,0,1.3506937e-05
6329,0,8.434012e-05
6330,0,5.269291e-05
6331,0,1.7950423e-06
6332,0,0.00011770901
6333,0,3.7160615e-05
6334,0,0.0011257934
6335,0,4.3770586e-05
6336,0,6.5829954e-06
6337,0,1.01189935e-05
6338,0,4.153566e-05
6339,0,3.1387498e-07
6340,0,0.005231826
6341,0,0.00010428202
6342,0,1.8482069e-07
6343,0,1.5987767e-05
6344,0,3.3291474e-06
6345,0,0.00049962004
6346,0,0.00068893493
6347,0,2.958995e-05
6348,0,0.00063167134
6349,0,9.018597e-06
6350,0,1.8786906e-06
6351,0,6.1433657e-06
6352,0,0.00015763214
6353,0,2.9214013e-07
6354,0,2.7080172e-05
6355,0,1.2930621e-05
6356,0,0.00014588817
6357,0,4.4640696e-05
6358,0,0.00026012046
6359,0,9.3137817e-07
6360,0,2.0913894e-05
6361,0,0.00018240538
6362,0,3.0072333e-06
6363,0,1.4314605e-05
6364,0,1.172834e-07
6365,0,3.945726e-05
6366,0,1.0619541e-06
6367,0,2.0531188e-06
6368,0,4.1999443e-05
6369,0,0.0011226935
6370,0,2.8033737e-05
6371,0,1.6387095e-05
6372,0,4.643364e-05
6373,0,0.000120541554
6374,0,2.202725e-06
6375,0,7.138074e-06
6376,0,4.2705697e-06
6377,0,0.00016098347
6378,0,4.4417546e-05
6379,0,8.0528775e-07
6380,0,0.00045017505
6381,0,0.001554032
6382,0,2.672548e-06
6383,0,3.0844145e-05
6384,0,6.625831e-06
6385,0,2.1305783e-05
6386,0,1.36936915e-05
6387,0,1.2671497e-06
6388,0,3.2213e-06
6389,0,0.00051242224
6390,0,0.009828366
6391,0,0.0007363064
6392,0,4.532247e-05
6393,0,7.605554e-05
6394,0,0.000344465
6395,0,1.2478147e-05
6396,0,9.7693504e-05
6397,0,2.6749478e-05
6398,0,1.4797768e-05
6399,0,3.7809775e-06
6400,0,9.649692e-07
6401,0,5.335154e-05
6402,0,5.914857e-06
6403,0,7.23646e-05
6404,0,1.6033842e-06
6405,0,2.959995e-06
6406,0,0.0002747466
6407,0,1.0598052e-06
6408,0,0.0005609184
6409,0,1.7704448e-06
6410,0,0.0003055356
6411,0,5.3786357e-07
6412,0,4.389433e-08
6413,0,1.203416e-05
6414,0,1.3455937e-06
6415,0,2.15458e-06
6416,0,0.0015547452
6417,0,1.9782902e-07
6418,0,4.0289647e-06
6419,0,9.1854425e-05
6420,0,3.3180933e-07
6421,0,5.765412e-06
6422,0,3.1376362e-07
6423,0,8.147642e-05
6424,0,2.2592167e-06
6425,0,5.0447153e-07
6426,0,2.5591163e-07
6427,0,0.00011442389
6428,0,2.5262065e-07
6429,0,1.5850786e-05
6430,0,0.0001979844
6431,0,0.0002535808
6432,0,2.8493827e-05
6433,0,8.994675e-06
6434,0,1.9388684e-05
6435,0,4.0416544e-05
6436,0,7.3541486e-07
6437,0,4.8360866e-06
6438,0,2.5473943e-07
6439,0,5.938783e-06
6440,0,2.7891413e-06
6441,0,1.1299129e-06
6442,0,2.1567204e-05
6443,0,5.6850913e-06
6444,0,1.5225412e-06
6445,0,0.00015413835
6446,0,7.8700796e-05
6447,0,6.270291e-05
6448,0,0.0001958399
6449,0,0.00014806334
6450,0,4.1860294e-05
6451,0,8.2840634e-05
6452,0,6.6396965e-06
6453,0,3.4097133e-07
6454,0,5.735597e-05
6455,0,1.225682e-06
6456,0,8.075743e-05
6457,0,0.00013654317
6458,0,7.838842e-06
6459,0,7.338211e-08
6460,0,6.8606394e-05
6461,0,6.999798e-06
6462,0,1.15239466e-07
6463,0,2.597189e-05
6464,0,0.00011168428
6465,0,8.79888e-05
6466,0,3.7584473e-06
6467,0,9.053859e-06
6468,0,1.8717605e-05
6469,0,8.850077e-06
6470,0,2.0425143e-06
6471,0,0.00042763245
6472,0,0.00010615946
6473,0,3.3291474e-06
6474,0,0.0002531233
6475,0,6.6113585e-05
6476,0,3.4814863e-07
6477,0,5.3472483e-08
6478,0,2.0696539e-06
6479,0,1.1886328e-05
6480,0,2.977107e-05
6481,0,0.0002684616
6482,0,8.829775e-07
6483,0,4.151059e-05
6484,0,0.0005622947
6485,0,0.006176527
6486,0,3.6012996e-06
6487,0,0.00022649829
6488,0,1.0971322e-06
6489,0,3.1495338e-06
6490,0,0.0011179764
6491,0,8.974651e-06
6492,0,3.5280556e-07
6493,0,4.8410373e-05
6494,0,7.970711e-06
6495,0,1.2502196e-05
6496,0,0.0006078795
6497,0,1.7560575e-05
6498,0,2.808962e-07
6499,0,2.5692061e-06
6500,0,1.2613092e-05
6501,0,4.358943e-05
6502,0,1.9441172e-06
6503,0,2.6882148e-07
6504,0,0.0007496886
6505,0,0.00013625405
6506,0,0.00035688846
6507,0,1.5127039e-06
6508,0,0.0005574344
6509,0,1.4477085e-05
6510,0,2.3745875e-05
6511,0,3.727258e-06
6512,0,4.5009068e-07
6513,0,4.575509e-05
6514,0,0.0002902325
6515,0,1.770531e-06
6516,0,8.7056644e-05
6517,0,3.397166e-06
6518,0,4.934725e-06
6519,0,7.1783984e-06
6520,0,2.5093768e-05
6521,0,3.0654828e-05
6522,0,6.3128944e-05
6523,0,0.0001450281
6524,0,7.4935583e-06
6525,0,3.2941996e-05
6526,0,7.0000256e-06
6527,0,1.9699887e-06
6528,0,8.67426e-06
6529,0,0.00029829243
6530,0,2.178791e-08
6531,0,0.00023194215
6532,0,9.652495e-06
6533,0,7.96571e-06
6534,0,6.8471572e-06
6535,0,6.227969e-06
6536,0,0.01740414
6537,0,3.0935482e-06
6538,0,1.7683707e-08
6539,0,7.87423e-06
6540,0,0.0009786073
6541,0,2.3899223e-05
6542,0,1.9698722e-05
6543,0,4.067983e-05
6544,0,7.621057e-06
6545,0,2.6005597e-05
6546,0,1.1944109e-05
6547,0,4.1747873e-05
6548,0,3.6465212e-06
6549,0,0.00041371066
6550,0,5.1794823e-06
6551,0,1.1198129e-05
6552,0,5.936662e-05
6553,0,2.6415626e-07
6554,0,4.7163115e-07
6555,0,1.15764e-05
6556,0,5.066795e-05
6557,0,3.7425747e-05
6558,0,0.00012954805
6559,0,4.5613697e-06
6560,0,5.505831e-06
6561,0,0.00013282277
6562,0,2.6341291e-07
6563,0,1.7140687e-06
6564,0,6.751424e-05
6565,0,1.8292461e-05
6566,0,1.0896257e-06
6567,0,7.602204e-08
6568,0,3.3358751e-06
6569,0,3.2290848e-06
6570,0,3.4975442e-06
6571,0,7.5432494e-05
6572,0,3.6377232e-06
6573,0,6.558918e-05
6574,0,2.2229025e-05
6575,0,0.0011471104
6576,0,9.1423595e-07
6577,0,4.559069e-06
6578,0,1.7020724e-05
6579,0,4.6903683e-06
6580,0,6.7877096e-05
6581,0,1.0072308e-05
6582,0,6.8434354e-05
6583,0,1.4185752e-08
6584,0,9.250903e-07
6585,0,6.47802e-06
6586,0,2.208441e-07
6587,0,0.00018207419
6588,0,4.4309076e-05
6589,0,5.217176e-07
6590,0,9.367145e-06
6591,0,2.3023654e-06
6592,0,2.9372657e-06
6593,0,6.4019387e-06
6594,0,0.00070703094
6595,0,1.5335887e-06
6596,0,7.748383e-06
6597,0,2.8560003e-06
6598,0,6.801816e-05
6599,0,4.6267047e-07
6600,0,1.3803829e-05
6601,0,9.988609e-06
6602,0,1.5393782e-05
6603,0,1.2168884e-06
6604,0,2.5449506e-05
6605,0,1.2752055e-06
6606,0,2.2503213e-05
6607,0,0.00010145796
6608,0,1.7818309e-06
6609,0,4.493541e-05
6610,0,2.3229995e-05
6611,0,3.255067e-07
6612,0,5.5884934e-06
6613,0,1.2906191e-05
6614,0,0.00084821857
6615,0,3.4782715e-06
6616,0,8.899717e-06
6617,0,0.0002890148
6618,0,4.014209e-05
6619,0,6.747587e-07
6620,0,1.4250467e-05
6621,0,1.3115859e-05
6622,0,1.9471108e-07
6623,0,5.3473246e-07
6624,0,5.0269067e-05
6625,0,0.012284605
6626,0,5.5765204e-06
6627,0,3.855404e-05
6628,0,2.0520342e-06
6629,0,2.031049e-05
6630,0,3.6511321e-06
6631,0,8.925265e-06
6632,0,8.002686e-07
6633,0,0.0006615981
6634,0,8.5110565e-05
6635,0,4.762477e-07
6636,0,1.790014e-05
6637,0,2.6959788e-05
6638,0,0.00013407311
6639,0,9.323353e-07
6640,0,0.000104853876
6641,0,4.9170335e-06
6642,0,0.00013239273
6643,0,2.6746085e-05
6644,0,0.00018185089
6645,0,0.00013817409
6646,0,2.3021942e-06
6647,0,0.00021428578
6648,0,1.3170269e-05
6649,0,6.749236e-06
6650,0,0.00074528076
6651,0,4.6039145e-06
6652,0,5.8189184e-05
6653,0,8.5695615e-07
6654,0,0.00025243763
6655,0,1.1997903e-05
6656,0,0.00011371546
6657,0,4.683141e-06
6658,0,7.795686e-06
6659,0,8.476633e-07
6660,0,1.0344484e-05
6661,0,0.00039895633
6662,0,2.1315722e-05
6663,0,0.00018559735
6664,0,2.222717e-06
6665,0,0.0036834807
6666,0,5.065068e-08
6667,0,6.135813e-06
6668,0,1.8465629e-06
6669,0,1.0199037e-05
6670,0,7.500663e-05
6671,0,0.0002082235
6672,0,8.5487466e-07
6673,0,0.00021974523
6674,0,0.017048378
6675,0,5.5984356e-07
6676,0,0.0011817969
6677,0,0.00035988278
6678,0,2.4370907e-05
6679,0,5.7798574e-05
6680,0,2.8201573e-06
6681,0,0.00016329116
6682,0,0.00058055244
6683,0,0.00033098378
6684,0,3.032632e-06
6685,0,8.085976e-07
6686,0,3.733132e-05
6687,0,1.0747877e-06
6688,0,6.403151e-07
6689,0,7.0922983e-06
6690,0,1.2496955e-06
6691,0,3.7845122e-05
6692,0,3.1217057e-06
6693,0,0.0003840154
6694,0,2.1431517e-05
6695,0,5.003119e-05
6696,0,0.0046407864
6697,0,9.277681e-05
6698,0,6.565582e-05
6699,0,8.832388e-06
6700,0,1.1976788e-05
6701,0,2.5776802e-07
6702,0,0.0011725952
6703,0,2.3953485e-06
6704,0,0.0005594688
6705,0,7.2657504e-06
6706,0,0.0002305997
6707,0,4.326846e-05
6708,0,2.364588e-05
6709,0,4.5468246e-06
6710,0,7.5435605e-07
6711,0,9.536084e-06
6712,0,0.00026162597
6713,0,1.1767378e-06
6714,0,1.5920434e-06
6715,0,2.3376547e-06
6716,0,0.0004493656
6717,0,1.0421808e-05
6718,0,1.7158143e-05
6719,0,3.2241337e-06
6720,0,3.0253989e-06
6721,0,2.0540043e-05
6722,0,2.8571187e-05
6723,0,6.198591e-05
6724,0,2.2596567e-05
6725,0,3.708929e-07
6726,0,1.7931612e-05
6727,0,5.3455933e-06
6728,0,2.6260068e-05
6729,0,4.6647096e-06
6730,0,1.1778291e-06
6731,0,3.5963425e-05
6732,0,4.64861e-05
6733,0,2.5228528e-06
6734,0,2.5127365e-05
6735,0,0.00029727322
6736,0,2.5962208e-05
6737,0,4.9878304e-07
6738,0,1.3798327e-05
6739,0,3.0394156e-05
6740,0,8.309578e-06
6741,0,4.988146e-05
6742,0,8.1771705e-06
6743,0,0.0008427885
6744,0,5.433607e-06
6745,0,7.225558e-05
6746,0,1.8331522e-06
6747,0,2.1016347e-06
6748,0,0.0003318109
6749,0,2.44503e-06
6750,0,4.121516e-06
6751,0,8.874816e-08
6752,0,2.082001e-06
6753,0,0.0001208312
6754,0,5.9862807e-05
6755,0,5.048464e-07
6756,0,6.945306e-06
6757,0,1.2467596e-05
6758,0,1.0924622e-05
6759,0,0.00020813456
6760,0,2.7712767e-07
6761,0,0.00022606528
6762,0,8.552795e-06
6763,0,8.57901e-06
6764,0,1.63102e-05
6765,0,0.0003117221
6766,0,1.9763434e-06
6767,0,1.4552606e-05
6768,0,0.00048192806
6769,0,0.000104549166
6770,0,2.7946533e-07
6771,0,0.00074164686
6772,0,3.4903187e-05
6773,0,0.0069732727
6774,0,0.31864852
6775,0,2.8705076e-06
6776,0,4.843416e-07
6777,0,9.919946e-06
6778,0,1.811442e-05
6779,0,1.17570636e-07
6780,0,1.7302611e-05
6781,0,4.9683047e-07
6782,0,8.2588784e-05
6783,0,9.010506e-06
6784,0,4.105498e-05
6785,0,9.969536e-07
6786,0,5.337296e-05
6787,0,0.00050835806
6788,0,3.1696247e-05
6789,0,3.2755295e-05
6790,0,9.958558e-05
6791,0,0.00044618687
6792,0,5.7289846e-08
6793,0,5.9180334e-06
6794,0,0.000685073
6795,0,3.5670573e-06
6796,0,5.0973853e-05
6797,0,2.2782456e-06
6798,0,0.0018691985
6799,0,4.9002656e-06
6800,0,3.104129e-05
6801,0,0.00052847055
6802,0,0.00015308944
6803,0,5.1503034e-06
6804,0,8.795856e-06
6805,0,0.00016440776
6806,0,4.7345988e-05
6807,0,2.6841291e-05
6808,0,1.1511556e-07
6809,0,6.8863796e-05
6810,0,8.492086e-05
6811,0,1.7000964e-05
6812,0,0.0025234637
6813,0,1.4509648e-05
6814,0,7.64504e-07
6815,0,3.8758153e-05
6816,0,1.4093202e-06
6817,0,0.00045327732
6818,0,4.323072e-07
6819,0,0.0002500201
6820,0,0.00051252823
6821,0,7.59808e-05
6822,0,0.00012991395
6823,0,4.0096525e-05
6824,0,2.5204722e-06
6825,0,2.3649386e-07
6826,0,6.909567e-05
6827,0,6.7126407e-06
6828,0,8.970722e-05
6829,0,9.16573e-05
6830,0,0.000119365126
6831,0,2.1818264e-06
6832,0,0.00019093111
6833,0,3.0769743e-06
6834,0,1.697391e-05
6835,0,1.5841522e-05
6836,0,3.3471883e-06
6837,0,7.804142e-05
6838,0,2.5520718e-05
6839,0,6.676279e-05
6840,0,4.813311e-05
6841,0,9.799917e-05
6842,0,1.7881397e-06
6843,0,4.5982153e-05
6844,0,0.00016692695
6845,0,4.70531e-06
6846,0,2.7898918e-06
6847,0,3.1339716e-06
6848,0,0.00011947263
6849,0,2.1280664e-05
6850,0,1.312095e-05
6851,0,0.0006315675
6852,0,7.7829293e-07
6853,0,2.480734e-05
6854,0,1.2997816e-05
6855,0,7.9775856e-07
6856,0,0.0009970878
6857,0,1.699085e-05
6858,0,1.497571e-05
6859,0,1.1494269e-05
6860,0,2.2700284e-05
6861,0,3.9914357e-05
6862,0,3.279743e-05
6863,0,7.419745e-06
6864,0,4.3619326e-05
6865,0,1.3870679e-05
6866,0,1.8889825e-05
6867,0,6.737197e-05
6868,0,0.00015934814
6869,0,0.005744456
6870,0,4.2977146e-05
6871,0,6.559099e-07
6872,0,8.04372e-06
6873,0,0.0004553341
6874,0,1.6539465e-05
6875,0,8.781957e-07
6876,0,2.7750983e-07
6877,0,2.0269641e-05
6878,0,4.2778297e-06
6879,0,2.8849554e-05
6880,0,6.357382e-05
6881,0,1.3713626e-06
6882,0,0.00020120782
6883,0,0.00012341198
6884,0,6.0336944e-05
6885,0,3.3649827e-05
6886,0,0.00010269266
6887,0,3.3075678e-06
6888,0,6.446305e-05
6889,0,3.743692e-05
6890,0,5.4665124e-05
6891,0,1.4939307e-05
6892,0,0.0005607605
6893,0,3.460992e-05
6894,0,0.0001741442
6895,0,4.8811864e-05
6896,0,0.0001999681
6897,0,1.6881788e-07
6898,0,0.00013696933
6899,0,2.7971703e-07
6900,0,2.436259e-05
6901,0,9.742617e-06
6902,0,0.00031382372
6903,0,1.0857275e-06
6904,0,8.242232e-06
6905,0,3.2917364e-06
6906,0,0.0004325127
6907,0,4.1506896e-06
6908,0,7.4386e-05
6909,0,0.0068132565
6910,0,1.3466731e-05
6911,0,5.7830002e-06
6912,0,1.0364006e-05
6913,0,3.7576556e-05
6914,0,0.00012421873
6915,0,0.0001394623
6916,0,1.6403654e-05
6917,0,4.5044082e-05
6918,0,0.00020422028
6919,0,4.6410237e-06
6920,0,1.0511978e-06
6921,0,1.7102642e-06
6922,0,0.00028057347
6923,0,3.681252e-05
6924,0,2.4377185e-05
6925,0,2.5526097e-05
6926,0,7.072972e-05
6927,0,9.545272e-08
6928,0,3.997032e-06
6929,0,0.00023819014
6930,0,5.53524e-06
6931,0,0.00027500105
6932,0,0.00012502156
6933,0,8.435915e-07
6934,0,0.0005370022
6935,0,7.048921e-06
6936,0,7.073298e-06
6937,0,7.5307976e-06
6938,0,0.00024450774
6939,0,3.7314294e-06
6940,0,7.856137e-07
6941,0,8.6214504e-07
6942,0,0.00019662255
6943,0,0.00010171195
6944,0,1.0303477e-05
6945,0,5.836313e-05
6946,0,0.00022353376
6947,0,5.2241805e-05
6948,0,0.0006705659
6949,0,5.0994036e-05
6950,0,0.0012429772
6951,0,3.285542e-06
6952,0,6.6821553e-06
6953,0,4.1529637e-07
6954,0,1.9057941e-05
6955,0,1.4870554e-05
6956,0,1.0360806e-06
6957,0,8.7869405e-05
6958,0,0.00046857414
6959,0,4.7292517e-05
6960,0,9.074362e-05
6961,0,3.5943006e-06
6962,0,1.0013598e-05
6963,0,2.8005921e-05
6964,0,1.9592007e-06
6965,0,1.4868419e-06
6966,0,5.0338243e-05
6967,0,6.8504355e-06
6968,0,2.6293648e-05
6969,0,6.3492716e-06
6970,0,8.308685e-07
6971,0,1.0062678e-05
6972,0,2.5718837e-05
6973,0,2.6273245e-05
6974,0,0.0009490891
6975,0,1.22267e-06
6976,0,0.0035334257
6977,0,1.8209317e-05
6978,0,4.207156e-05
6979,0,1.8800201e-05
6980,0,1.0723678e-05
6981,0,0.00012467703
6982,0,1.2285234e-06
6983,0,0.00012189741
6984,0,5.07909e-06
6985,0,1.507885e-05
6986,0,1.96532e-05
6987,0,0.00021876082
6988,0,7.4625787e-06
6989,0,4.9447397e-05
6990,0,2.446208e-06
6991,0,4.6206245e-05
6992,0,8.640278e-06
6993,0,2.497833e-05
6994,0,1.8449611e-05
6995,0,1.8766113e-05
6996,0,4.172466e-06
6997,0,8.999923e-05
6998,0,1.6941178e-05
6999,0,0.00010347472
7000,0,2.7397582e-06
7001,0,3.925906e-06
7002,0,5.710612e-05
7003,0,2.5765056e-07
7004,0,2.6439648e-06
7005,0,0.0002541147
7006,0,0.00033057478
7007,0,3.380115e-05
7008,0,0.0004943598
7009,0,5.4886867e-05
7010,0,4.153481e-06
7011,0,7.512527e-06
7012,0,5.665234e-05
7013,0,2.481126e-06
7014,0,0.00016527412
7015,0,1.8273351e-05
7016,0,1.8820315e-06
7017,0,8.477433e-07
7018,0,6.9714986e-07
7019,0,1.1779497e-05
7020,0,0.00024233587
7021,0,5.7970745e-05
7022,0,2.4359662e-05
7023,0,5.3350926e-05
7024,0,3.583491e-05
7025,0,2.4207152e-06
7026,0,0.00012518272
7027,0,3.2360364e-05
7028,0,3.3475583e-06
7029,0,1.2366365e-06
7030,0,3.8051085e-06
7031,0,1.7550998e-05
7032,0,1.8298708e-05
7033,0,0.00014784311
7034,0,1.4051054e-05
7035,0,0.0001124787
7036,0,0.00023773452
7037,0,4.473074e-05
7038,0,8.6109003e-07
7039,0,2.811009e-06
7040,0,8.2820574e-05
7041,0,6.668842e-07
7042,0,1.5465959e-06
7043,0,2.1448772e-05
7044,0,1.0019701e-06
7045,0,1.2528072e-05
7046,0,5.4106618e-08
7047,0,0.00059789215
7048,0,1.6611024e-05
7049,0,2.332179e-06
7050,0,2.2097223e-05
7051,0,2.164259e-06
7052,0,8.617607e-06
7053,0,7.458744e-06
7054,0,2.6151536e-06
7055,0,0.0005078607
7056,0,8.986239e-06
7057,0,4.833528e-06
7058,0,3.8829112e-05
7059,0,3.681259e-05
7060,0,0.0007989865
7061,0,0.007682568
7062,0,1.4110985e-05
7063,0,0.00011736538
7064,0,3.6885834e-07
7065,0,0.00015844256
7066,0,3.3253273e-05
7067,0,0.00013476679
7068,0,9.808594e-06
7069,0,0.00017264743
7070,0,6.098849e-06
7071,0,0.00013726103
7072,0,1.3584902e-06
7073,0,1.5086778e-08
7074,0,0.0001045378
7075,0,0.00021173207
7076,0,6.2558064e-07
7077,0,6.24912e-06
7078,0,3.283517e-05
7079,0,1.7740174e-05
7080,0,8.862247e-06
7081,0,1.4858632e-05
7082,0,1.7664731e-06
7083,0,6.432261e-05
7084,0,4.216182e-06
7085,0,8.354151e-05
7086,0,1.9758363e-05
7087,0,4.4292516e-05
7088,0,1.2995189e-05
7089,0,2.9417454e-06
7090,0,6.6958955e-06
7091,0,0.004043916
7092,0,8.061414e-06
7093,0,1.0224466e-05
7094,0,0.0011284595
7095,0,2.1669914e-06
7096,0,3.036229e-05
7097,0,1.5355775e-07
7098,0,3.8005597e-05
7099,0,0.007979913
7100,0,3.787173e-05
7101,0,2.2448812e-05
7102,0,6.9101516e-06
7103,0,0.00058363384
7104,0,1.2408168e-07
7105,0,0.00014158027
7106,0,1.9203839e-05
7107,0,3.4644797e-06
7108,0,1.321599e-05
7109,0,6.372259e-05
7110,0,5.7871155e-05
7111,0,0.0006513852
7112,0,1.5904327e-05
7113,0,1.9222583e-05
7114,0,8.1732895e-07
7115,0,5.813383e-05
7116,0,0.00015229521
7117,0,7.257392e-05
7118,0,1.2392693e-06
7119,0,5.1384063e-06
7120,0,0.00023593823
7121,0,2.2996246e-06
7122,0,3.4695015e-05
7123,0,3.9723844e-05
7124,0,8.9790236e-05
7125,0,4.8371567e-06
7126,0,2.307399e-06
7127,0,3.7526028e-05
7128,0,9.545965e-06
7129,0,3.6651425e-06
7130,0,2.0437947e-06
7131,0,4.262692e-06
7132,0,0.008079046
7133,0,1.8656818e-05
7134,0,0.00070270663
7135,0,1.5386546e-06
7136,0,1.861601e-05
7137,0,0.0062861475
7138,0,3.819584e-05
7139,0,1.5598516e-06
7140,0,6.084217e-07
7141,0,3.289714e-07
7142,0,2.8942632e-06
7143,0,9.094497e-06
7144,0,0.000252783
7145,0,3.4032691e-06
7146,0,8.751952e-05
7147,0,1.3378547e-05
7148,0,2.6132733e-05
7149,0,1.8725174e-05
7150,0,3.961066e-06
7151,0,1.449915e-05
7152,0,4.2028614e-06
7153,0,8.971236e-06
7154,0,1.8651521e-07
7155,0,2.4563656e-06
7156,0,0.00033006837
7157,0,1.5491007e-05
7158,0,1.5736963e-05
7159,0,5.2371648e-05
7160,0,9.601948e-07
7161,0,8.7746175e-06
7162,0,9.688259e-06
7163,0,6.633519e-06
7164,0,1.5977785e-05
7165,0,3.7704813e-05
7166,0,2.5010556e-06
7167,0,1.9299787e-05
7168,0,4.2999514e-07
7169,0,4.8662627e-05
7170,0,5.0535355e-06
7171,0,2.1375894e-05
7172,0,1.427401e-05
7173,0,1.361317e-05
7174,0,0.000501201
7175,0,3.3637161e-06
7176,0,1.8700779e-05
7177,0,2.426768e-05
7178,0,7.692302e-06
7179,0,5.5021096e-06
7180,0,2.5223187e-07
7181,0,2.4184117e-05
7182,0,2.7140928e-05
7183,0,4.7069305e-05
7184,0,1.62956e-05
7185,0,1.0290173e-06
7186,0,3.400505e-06
7187,0,0.000111216665
7188,0,0.0001731818
7189,0,8.363796e-05
7190,0,0.0014454632
7191,0,2.9234798e-05
7192,0,2.7431088e-05
7193,0,0.00023043728
7194,0,0.002280772
7195,0,0.18139032
7196,0,5.8148266e-06
7197,0,1.3226242e-05
7198,0,2.690603e-05
7199,0,3.0224803e-06
7200,0,2.6038404e-06
7201,0,0.00081357436
7202,0,6.849508e-06
7203,0,5.237314e-06
7204,0,7.497036e-07
7205,0,1.2562804e-05
7206,0,3.7031987e-05
7207,0,5.9750735e-05
7208,0,6.8274785e-05
7209,0,1.6254514e-06
7210,0,8.914508e-05
7211,0,9.858924e-07
7212,0,0.00012063353
7213,0,0.00033202735
7214,0,1.5768224e-05
7215,0,8.6169e-06
7216,0,4.6430367e-05
7217,0,9.353079e-05
7218,0,1.1056411e-06
7219,0,0.00012526642
7220,0,8.444089e-06
7221,0,1.6023341e-06
7222,0,0.00014245481
7223,0,5.2135583e-06
7224,0,1.6023836e-05
7225,0,1.3654218e-05
7226,0,2.5431927e-06
7227,0,4.353831e-06
7228,0,8.580441e-06
7229,0,0.00011938141
7230,0,1.0216687e-05
7231,0,2.6022044e-05
7232,0,7.332055e-08
7233,0,6.599748e-06
7234,0,5.2833442e-05
7235,0,1.957156e-05
7236,0,0.0005266668
7237,0,2.4727146e-06
7238,0,1.7594167e-06
7239,0,1.399574e-05
7240,0,1.6248734e-06
7241,0,4.9720384e-06
7242,0,4.90635e-05
7243,0,3.8466194e-05
7244,0,0.00015655781
7245,0,3.7256444e-07
7246,0,1.0337945e-05
7247,0,0.0012160294
7248,0,1.2628274e-06
7249,0,8.247746e-07
7250,0,1.9479035e-05
7251,0,1.2508629e-06
7252,0,4.594388e-06
7253,0,5.810126e-06
7254,0,9.088662e-06
7255,0,5.991009e-05
7256,0,5.5098677e-05
7257,0,5.3760665e-08
7258,0,2.7685011e-05
7259,0,0.00029595062
7260,0,6.8542516e-07
7261,0,8.6602796e-07
7262,0,1.4590478e-06
7263,0,4.1211417e-05
7264,0,2.3636248e-06
7265,0,0.0003532072
7266,0,8.592159e-06
7267,0,1.8060293e-05
7268,0,2.9741516e-06
7269,0,1.570672e-05
7270,0,2.940306e-05
7271,0,0.00011588663
7272,0,0.0024822946
7273,0,1.2781268e-05
7274,0,3.3427348e-06
7275,0,0.0012387023
7276,0,4.7508627e-05
7277,0,3.0588162e-05
7278,0,0.14198734
7279,0,1.6744816e-05
7280,0,3.9054953e-08
7281,0,0.00035517017
7282,0,3.1509753e-05
7283,0,0.00022603509
7284,0,6.5354807e-06
7285,0,5.5726537e-07
7286,0,2.3874416e-05
7287,0,3.6719434e-06
7288,0,3.0434603e-07
7289,0,0.00032780643
7290,0,7.0071255e-06
7291,0,0.0004463041
7292,0,2.8150893e-05
7293,0,1.1933274e-07
7294,0,7.498116e-07
7295,0,0.0032124796
7296,0,2.4158144e-06
7297,0,0.0007209761
7298,0,5.631003e-06
7299,0,3.470207e-06
7300,0,1.7154832e-06
7301,0,1.0290426e-05
7302,0,8.19412e-05
7303,0,8.263726e-06
7304,0,7.0224582e-06
7305,0,4.7301314e-06
7306,0,0.0001419868
7307,0,8.335245e-05
7308,0,1.2863699e-05
7309,0,1.2693166e-05
7310,0,1.0827486e-06
7311,0,6.556535e-05
7312,0,2.9105999e-05
7313,0,0.00024827768
7314,0,0.00012699264
7315,0,8.1497916e-07
7316,0,2.3571195e-06
7317,0,9.848455e-07
7318,0,2.2495526e-06
7319,0,2.3067143e-05
7320,0,1.5733585e-05
7321,0,0.00018491587
7322,0,6.105908e-05
7323,0,1.5266474e-05
7324,0,1.374772e-07
7325,0,1.0383515e-05
7326,0,3.4990055e-06
7327,0,3.1356458e-06
7328,0,1.4771543e-05
7329,0,8.535367e-06
7330,0,2.5492075e-06
7331,0,1.796403e-05
7332,0,2.188954e-06
7333,0,9.892539e-06
7334,0,1.5381836e-05
7335,0,9.656684e-06
7336,0,4.066382e-07
7337,0,8.4553785e-06
7338,0,5.3406566e-05
7339,0,1.7449275e-06
7340,0,2.0357859e-06
7341,0,3.8812573e-07
7342,0,2.3854755e-06
7343,0,1.4434693e-06
7344,0,3.0074395e-06
7345,0,5.0742514e-05
7346,0,4.0482118e-07
7347,0,1.074074e-05
7348,0,5.3086922e-05
7349,0,2.1305214e-05
7350,0,4.5609024e-05
7351,0,3.7680296e-05
7352,0,0.00012728652
7353,0,8.966746e-06
7354,0,6.4330154e-05
7355,0,9.215937e-07
7356,0,0.00053423055
7357,0,8.208745e-05
7358,0,1.4087038e-05
7359,0,6.567136e-08
7360,0,4.013644e-06
7361,0,4.040231e-06
7362,0,0.00057959766
7363,0,3.845207e-05
7364,0,1.758786e-06
7365,0,1.1181493e-06
7366,0,6.24712e-07
7367,0,0.0023835215
7368,0,1.920111e-05
7369,0,0.00041755114
7370,0,2.5757668e-05
7371,0,0.0011932185
7372,0,2.5862844e-05
7373,0,2.5980364e-05
7374,0,4.996872e-07
7375,0,1.11593345e-05
7376,0,4.1412636e-06
7377,0,1.174473e-06
7378,0,1.1277372e-06
7379,0,3.295708e-05
7380,0,6.931398e-05
7381,0,1.5073783e-06
7382,0,2.6143832e-06
7383,0,0.0046125553
7384,0,2.5081445e-07
7385,0,7.504713e-05
7386,0,8.498978e-06
7387,0,0.0062402273
7388,0,0.00025900733
7389,0,0.0004554409
7390,0,3.256848e-06
7391,0,1.4585438e-05
7392,0,9.9908475e-06
7393,0,6.2075474e-06
7394,0,4.739519e-06
7395,0,1.244035e-07
7396,0,1.321337e-05
7397,0,3.5997573e-08
7398,0,3.0221557e-07
7399,0,2.9071518e-05
7400,0,1.3935714e-05
7401,0,1.3925586e-06
7402,0,3.837583e-06
7403,0,1.4025617e-05
7404,0,9.926437e-05
7405,0,9.069648e-06
7406,0,6.8906394e-07
7407,0,0.0003261098
7408,0,1.163496e-05
7409,0,2.190131e-07
7410,0,0.00051374343
7411,0,5.638451e-06
7412,0,4.8686903e-05
7413,0,5.8680216e-06
7414,0,1.8024476e-06
7415,0,2.6156646e-05
7416,0,2.3093799e-05
7417,0,1.6199874e-05
7418,0,0.0002267578
7419,0,2.9844343e-06
7420,0,4.036824e-05
7421,0,9.603276e-07
7422,0,1.1022576e-05
7423,0,1.1183284e-05
7424,0,9.940323e-07
7425,0,9.3528715e-06
7426,0,4.7305916e-06
7427,0,0.00031051633
7428,0,4.4529555e-05
7429,0,5.6346795e-05
7430,0,1.8048283e-06
7431,0,2.0106553e-07
7432,0,0.00018546148
7433,0,4.8628204e-05
7434,0,8.193026e-07
7435,0,2.8976305e-05
7436,0,3.2348205e-06
7437,0,0.0006479464
7438,0,3.643368e-07
7439,0,1.4259928e-05
7440,0,3.97329e-06
7441,0,1.021131e-05
7442,0,8.5854714e-05
7443,0,2.8365235e-05
7444,0,0.00020846725
7445,0,8.363214e-05
7446,0,0.00018656558
7447,0,5.070215e-07
7448,0,1.0052463e-06
7449,0,1.5689011e-05
7450,0,1.7689091e-06
7451,0,6.6444727e-06
7452,0,7.171924e-05
7453,0,3.0558692e-06
7454,0,4.9052683e-06
7455,0,5.3841395e-06
7456,0,1.9905973e-07
7457,0,0.00010052469
7458,0,0.0013077435
7459,0,0.0020994793
7460,0,1.7684095e-05
7461,0,5.1733955e-06
7462,0,1.3812288e-06
7463,0,5.402625e-06
7464,0,1.2514341e-05
7465,0,6.9419024e-05
7466,0,2.1435599e-06
7467,0,5.5827077e-05
7468,0,5.710483e-06
7469,0,8.702703e-07
7470,0,5.914699e-06
7471,0,1.0268293e-06
7472,0,4.6161763e-06
7473,0,0.00011981021
7474,0,5.2419364e-05
7475,0,0.0001566371
7476,0,0.0001083899
7477,0,3.2076958e-05
7478,0,1.6149943e-05
7479,0,0.00047776
7480,0,0.003830598
7481,0,0.000100002195
7482,0,7.88715e-05
7483,0,5.396213e-05
7484,0,4.173708e-06
7485,0,1.0680747e-06
7486,0,4.8460865e-06
7487,0,8.844374e-05
7488,0,1.1314741e-05
7489,0,1.8873355e-06
7490,0,1.26859895e-05
7491,0,2.2659206e-06
7492,0,0.0012649363
7493,0,0.00015681301
7494,0,4.6235905e-07
7495,0,2.7504957e-05
7496,0,6.7606373e-07
7497,0,2.3194143e-06
7498,0,6.6437947e-06
7499,0,2.3477629e-05
7500,0,1.5423494e-06
7501,0,1.193772e-08
7502,0,4.813784e-07
7503,0,4.5265844e-07
7504,0,2.3332348e-05
7505,0,9.1922244e-05
7506,0,6.1147184e-05
7507,0,1.8150035e-06
7508,0,2.129321e-05
7509,0,3.201161e-06
7510,0,2.5127247e-05
7511,0,4.6462137e-06
7512,0,5.3979234e-06
7513,0,1.502738e-06
7514,0,5.23854e-07
7515,0,0.00056654867
7516,0,3.7890768e-05
7517,0,4.862581e-06
7518,0,5.9303393e-06
7519,0,0.0005551655
7520,0,9.131894e-06
7521,0,6.4947158e-06
7522,0,3.4413635e-05
7523,0,0.00011418334
7524,0,1.6534657e-06
7525,0,2.4281986e-05
7526,0,0.00043351206
7527,0,2.7716756e-06
7528,0,4.0232422e-05
7529,0,2.446853e-05
7530,0,3.1959888e-05
7531,0,3.2616188e-06
7532,0,8.081028e-05
7533,0,1.0965456e-05
7534,0,9.1293e-07
7535,0,2.0712244e-07
7536,0,2.9919916e-06
7537,0,0.0014170227
7538,0,1.2365598e-06
7539,0,6.5841195e-06
7540,0,0.000102685415
7541,0,7.1215186e-07
7542,0,4.3633815e-07
7543,0,4.3559808e-07
7544,0,1.7733155e-05
7545,0,0.00018003555
7546,0,3.1691805e-05
7547,0,2.7143284e-05
7548,0,3.094532e-05
7549,0,3.7195769e-06
7550,0,1.11152785e-05
7551,0,6.547075e-07
7552,0,3.050788e-06
7553,0,0.0021421828
7554,0,7.2438047e-06
7555,0,0.00024506063
7556,0,4.187614e-06
7557,0,2.4624387e-05
7558,0,2.4244224e-05
7559,0,2.1692472e-06
7560,0,1.2425864e-06
7561,0,5.0848794e-05
7562,0,2.531358e-06
7563,0,3.113485e-06
7564,0,0.0015893893
7565,0,1.9716615e-06
7566,0,1.9124714e-06
7567,0,1.5936901e-06
7568,0,1.9889583e-05
7569,0,1.9215984e-05
7570,0,0.00013879644
7571,0,5.895558e-07
7572,0,7.3489014e-06
7573,0,8.0838095e-07
7574,0,6.0985058e-05
7575,0,7.683093e-06
7576,0,1.5801362e-07
7577,0,1.3295987e-06
7578,0,5.0208516e-08
7579,0,6.241653e-07
7580,0,8.986315e-06
7581,0,0.00014975712
7582,0,1.6627986e-06
7583,0,2.174301e-06
7584,0,6.4924154e-07
7585,0,5.5145124e-06
7586,0,5.0447153e-07
7587,0,1.6737845e-06
7588,0,3.2134485e-05
7589,0,0.004908938
7590,0,2.0226717e-05
7591,0,5.5946884e-07
7592,0,0.00017950503
7593,0,2.3615994e-06
7594,0,1.8091476e-05
7595,0,7.3106116e-07
7596,0,4.611574e-06
7597,0,3.8491366e-05
7598,0,0.00024796423
7599,0,6.8466084e-06
7600,0,0.00014858905
7601,0,2.0755144e-06
7602,0,0.00010390156
7603,0,4.7440313e-05
7604,0,6.0525046e-05
7605,0,3.44865e-06
7606,0,1.5409836e-06
7607,0,5.603714e-06
7608,0,3.3622214e-06
7609,0,1.3273677e-06
7610,0,3.742557e-05
7611,0,1.8600997e-05
7612,0,1.8376335e-05
7613,0,8.7358094e-05
7614,0,3.69979e-07
7615,0,0.00032696308
7616,0,0.00026519314
7617,0,2.493135e-06
7618,0,1.541964e-05
7619,0,6.310084e-05
7620,0,1.8012974e-05
7621,0,4.661001e-06
7622,0,2.0634558e-05
7623,0,2.721877e-06
7624,0,1.3720149e-05
7625,0,0.0003246586
7626,0,7.6735005e-06
7627,0,5.524742e-05
7628,0,0.9972609
7629,0,0.00012341434
7630,0,0.00034937213
7631,0,6.554904e-05
7632,0,0.00018360364
7633,0,5.1041366e-07
7634,0,3.753265e-05
7635,0,0.00013855605
7636,0,2.9585387e-06
7637,0,2.082394e-06
7638,0,1.4193419e-06
7639,0,2.1424664e-06
7640,0,0.00019472826
7641,0,2.2052009e-06
7642,0,9.5125295e-05
7643,0,2.6618121e-05
7644,0,1.8747118e-05
7645,0,6.141325e-05
7646,0,4.9183236e-05
7647,0,0.00015227299
7648,0,4.3972517e-07
7649,0,0.0012770426
7650,0,1.4569423e-05
7651,0,0.00016802916
7652,0,7.6236734e-06
7653,0,7.780207e-06
7654,0,0.0046153255
7655,0,3.2560336e-05
7656,0,1.5540446e-06
7657,0,0.00026273433
7658,0,3.9011366e-07
7659,0,2.1813748e-05
7660,0,2.668875e-06
7661,0,0.00038386224
7662,0,6.6734785e-05
7663,0,0.00040131097
7664,0,8.792374e-07
7665,0,1.2875587e-06
7666,0,0.00020330171
7667,0,0.00011515805
7668,0,5.007166e-07
7669,0,0.0001723034
7670,0,8.810467e-05
7671,0,2.182636e-06
7672,0,6.8661444e-05
7673,0,0.00019627021
7674,0,2.7116896e-05
7675,0,1.2616741e-06
7676,0,0.00020569003
7677,0,9.92089e-07
7678,0,1.4964588e-05
7679,0,4.4893122e-06
7680,0,0.0027256228
7681,0,8.207e-05
7682,0,0.0019122999
7683,0,0.00026507
7684,0,6.6402977e-06
7685,0,2.550737e-07
7686,0,3.6592366e-05
7687,0,0.008626726
7688,0,9.660438e-07
7689,0,1.4153708e-05
7690,0,2.9856193e-07
7691,0,5.704284e-06
7692,0,3.3249178e-06
7693,0,3.0522751e-06
7694,0,2.458838e-06
7695,0,9.083505e-05
7696,0,0.00014752401
7697,0,1.6515619e-06
7698,0,4.018232e-06
7699,0,0.00808207
7700,0,3.2072247e-05
7701,0,0.0004204331
7702,0,7.6442724e-05
7703,0,8.724561e-06
7704,0,1.4550278e-06
7705,0,7.6179103e-06
7706,0,1.979867e-05
7707,0,4.1283554e-05
7708,0,3.629612e-05
7709,0,5.3715844e-06
7710,0,1.7988184e-05
7711,0,2.82814e-06
7712,0,3.1855972e-05
7713,0,1.2585275e-07
7714,0,8.101768e-06
7715,0,0.00012416556
7716,0,0.001158728
7717,0,3.333506e-05
7718,0,8.665802e-06
7719,0,3.4589826e-05
7720,0,1.21242765e-05
7721,0,7.4180505e-05
7722,0,0.00011364338
7723,0,9.2903865e-06
7724,0,2.8245979e-05
7725,0,1.8077635e-06
7726,0,6.5126465e-06
7727,0,1.271272e-05
7728,0,0.0033682303
7729,0,6.7612445e-06
7730,0,2.676445e-06
7731,0,1.4692768e-05
7732,0,2.5790673e-06
7733,0,6.137763e-07
7734,0,4.1160724e-06
7735,0,3.4883567e-06
7736,0,3.156046e-05
7737,0,2.9539633e-06
7738,0,5.4665647e-06
7739,0,7.426381e-05
7740,0,0.00027311168
7741,0,9.978098e-06
7742,0,2.4668802e-06
7743,0,4.590375e-08
7744,0,0.00011151838
7745,0,1.62267e-05
7746,0,5.7395016e-07
7747,0,0.00017250229
7748,0,4.6263835e-06
7749,0,2.3733911e-07
7750,0,1.0751414e-06
7751,0,0.0013270526
7752,0,2.3089597e-06
7753,0,3.0913787e-05
7754,0,4.7671708e-07
7755,0,0.0002605573
7756,0,2.2503944e-05
7757,0,5.274974e-06
7758,0,1.6003321e-06
7759,0,1.8611998e-05
7760,0,2.0077305e-06
7761,0,3.4051e-06
7762,0,0.00019358289
7763,0,3.3326767e-05
7764,0,3.2678607e-05
7765,0,6.168935e-05
7766,0,0.00034939396
7767,0,4.7090045e-05
7768,0,5.139573e-05
7769,0,3.793886e-05
7770,0,1.7730432e-05
7771,0,2.1474843e-06
7772,0,0.00016761727
7773,0,0.00025243932
7774,0,1.0627946e-05
7775,0,4.816773e-07
7776,0,1.7573326e-07
7777,0,4.579346e-05
7778,0,1.6657092e-05
7779,0,1.717127e-05
7780,0,0.000141157
7781,0,0.00019615103
7782,0,4.645806e-06
7783,0,2.7462247e-06
7784,0,1.919021e-06
7785,0,0.00036177383
7786,0,4.4990677e-05
7787,0,1.2296192e-05
7788,0,0.0023395002
7789,0,1.14444565e-05
7790,0,7.338942e-06
7791,0,5.6547624e-06
7792,0,5.3106418e-05
7793,0,1.3518006e-05
7794,0,0.00013330187
7795,0,8.478213e-06
7796,0,1.3549085e-07
7797,0,1.6271947e-06
7798,0,5.302406e-06
7799,0,3.361077e-06
7800,0,1.5255079e-05
7801,0,1.07447e-06
7802,0,2.8792208e-06
7803,0,3.6858713e-05
7804,0,3.650484e-07
7805,0,3.2427245e-06
7806,0,0.00051377184
7807,0,1.8818298e-05
7808,0,6.2912527e-06
7809,0,1.7456816e-06
7810,0,8.326697e-05
7811,0,0.0002832132
7812,0,5.9308593e-07
7813,0,0.00011296476
7814,0,0.00025491454
7815,0,0.00092516403
7816,0,4.46067e-05
7817,0,0.0011841547
7818,0,5.4402033e-05
7819,0,5.1676798e-05
7820,0,1.1556748e-06
7821,0,1.6443828e-05
7822,0,0.00020269357
7823,0,4.2314446e-06
7824,0,0.0009366897
7825,0,5.7850298e-06
7826,0,3.0998424e-05
7827,0,0.00029889937
7828,0,0.0002041755
7829,0,0.00010513251
7830,0,0.00036638428
7831,0,1.0264228e-05
7832,0,4.2684974e-06
7833,0,1.2849513e-05
7834,0,3.7329646e-05
7835,0,1.4155694e-05
7836,0,1.291625e-05
7837,0,1.7328434e-06
7838,0,1.3798234e-05
7839,0,0.000113226066
7840,0,0.00019098044
7841,0,0.0064645587
7842,0,8.526108e-06
7843,0,0.00029595062
7844,0,5.0318276e-06
7845,0,2.0864752e-06
7846,0,4.4841436e-06
7847,0,1.1303481e-05
7848,0,2.2412505e-06
7849,0,9.883751e-06
7850,0,9.251759e-05
7851,0,1.0087236e-08
7852,0,1.9563615e-07
7853,0,5.316051e-06
7854,0,6.4306296e-05
7855,0,7.4477903e-06
7856,0,2.4739298e-05
7857,0,0.0040136715
7858,0,9.988418e-07
7859,0,4.1348553e-08
7860,0,2.198435e-05
7861,0,3.0208148e-05
7862,0,9.219826e-05
7863,0,7.681963e-07
7864,0,1.0511978e-06
7865,0,5.656531e-06
7866,0,1.8624676e-05
7867,0,7.813763e-05
7868,0,2.2651031e-07
7869,0,1.4675084e-07
7870,0,0.00017716375
7871,0,5.500046e-05
7872,0,1.1732735e-05
7873,0,5.2149226e-05
7874,0,1.3481469e-05
7875,0,0.0005989915
7876,0,1.361347e-07
7877,0,4.197118e-06
7878,0,1.4476338e-05
7879,0,4.5501342e-06
7880,0,6.47802e-06
7881,0,4.7050407e-06
7882,0,1.4936302e-05
7883,0,3.5491616e-05
7884,0,2.8237903e-06
7885,0,0.0001577204
7886,0,0.0009271429
7887,0,1.0154123e-05
7888,0,8.863752e-06
7889,0,0.0009751623
7890,0,0.00020702698
7891,0,9.075073e-07
7892,0,1.4876262e-06
7893,0,4.9434857e-06
7894,0,1.1489271e-05
7895,0,0.0032764082
7896,0,8.1907376e-05
7897,0,0.00016207377
7898,0,6.030044e-06
7899,0,1.0291634e-05
7900,0,3.4574261e-06
7901,0,1.1982612e-06
7902,0,1.084846e-05
7903,0,6.954645e-07
7904,0,6.0013367e-06
7905,0,5.1707343e-07
7906,0,3.400795e-05
7907,0,0.00015605763
7908,0,0.0005596576
7909,0,0.0003199485
7910,0,1.34325e-06
7911,0,5.990209e-05
7912,0,4.919881e-05
7913,0,1.8832214e-05
7914,0,1.5261217e-06
7915,0,0.0001499772
7916,0,7.97723e-05
7917,0,6.2287354e-06
7918,0,7.7310105e-09
7919,0,4.9108803e-06
7920,0,2.364254e-06
7921,0,2.584018e-07
7922,0,3.9802153e-06
7923,0,9.889117e-05
7924,0,3.838886e-06
7925,0,1.2397846e-06
7926,0,0.00012563403
7927,0,7.551641e-05
7928,0,2.3194312e-05
7929,0,2.6656699e-07
7930,0,1.2221243e-05
7931,0,5.3467716e-05
7932,0,1.9368136e-07
7933,0,3.3228666e-06
7934,0,3.4288317e-07
7935,0,0.010252758
7936,0,8.247254e-05
7937,0,1.9722407e-05
7938,0,2.1124748e-05
7939,0,2.2960191e-07
7940,0,5.4577927e-06
7941,0,9.7958155e-06
7942,0,3.6178194e-06
7943,0,2.8780825e-05
7944,0,5.328141e-06
7945,0,3.3887392e-07
7946,0,3.162297e-05
7947,0,8.6148015e-07
7948,0,5.639774e-06
7949,0,1.6413058e-05
7950,0,0.00010703056
7951,0,3.943074e-05
7952,0,3.7800106e-05
7953,0,0.00018462025
7954,0,7.384516e-07
7955,0,0.0002717758
7956,0,3.3391505e-05
7957,0,1.2895999e-06
7958,0,8.5706115e-06
7959,0,2.5507811e-06
7960,0,2.662979e-07
7961,0,7.0117113e-07
7962,0,3.770981e-05
7963,0,5.1942484e-06
7964,0,4.217308e-06
7965,0,0.0001102523
7966,0,0.0002251427
7967,0,5.944608e-06
7968,0,2.5212528e-05
7969,0,8.9839225e-05
7970,0,0.00015771422
7971,0,2.7271437e-06
7972,0,3.9446827e-06
7973,0,2.0429936e-06
7974,0,6.8722907e-06
7975,0,1.3955237e-05
7976,0,1.1042586e-05
7977,0,0.0008075656
7978,0,2.152746e-06
7979,0,0.0002412735
7980,0,0.009474183
7981,0,0.00058055244
7982,0,4.6947807e-06
7983,0,1.2223913e-06
7984,0,4.247331e-05
7985,0,3.7342466e-05
7986,0,1.0960205e-06
7987,0,1.3907091e-05
7988,0,9.602355e-05
7989,0,2.050884e-06
7990,0,1.4077476e-05
7991,0,9.488896e-07
7992,0,0.00011577187
7993,0,0.00023249589
7994,0,0.00011529166
7995,0,2.2234772e-07
7996,0,7.731251e-06
7997,0,1.7611964e-07
7998,0,5.883179e-05
7999,0,3.3314056e-05
8000,0,7.797721e-07
8001,0,1.5294524e-06
8002,0,5.1337333e-06
8003,0,9.346027e-05
8004,0,1.0734841e-05
8005,0,3.8066116e-07
8006,0,8.084448e-06
8007,0,0.0008525906
8008,0,4.118344e-05
8009,0,3.7901395e-05
8010,0,0.0005883771
8011,0,2.0455773e-05
8012,0,7.132759e-06
8013,0,3.516994e-06
8014,0,7.4829463e-06
8015,0,4.8455595e-06
8016,0,0.00033114254
8017,0,0.00014311186
8018,0,2.3969435e-05
8019,0,0.006387452
8020,0,4.0442413e-07
8021,0,7.14041e-05
8022,0,4.4054843e-05
8023,0,1.3333853e-05
8024,0,5.699769e-05
8025,0,6.070827e-06
8026,0,0.00037257958
8027,0,8.986267e-08
8028,0,4.0288697e-07
8029,0,3.5322515e-05
8030,0,8.154428e-05
8031,0,7.011044e-05
8032,0,0.0032789442
8033,0,7.858445e-06
8034,0,7.0790406e-06
8035,0,7.7689657e-07
8036,0,0.0002669071
8037,0,8.6681297e-07
8038,0,2.1576952e-06
8039,0,0.00013108767
8040,0,6.368204e-06
8041,0,2.3464102e-06
8042,0,2.7869798e-06
8043,0,6.2960657e-06
8044,0,0.00015354059
8045,0,1.0030065e-05
8046,0,6.03494e-06
8047,0,6.5668917e-07
8048,0,8.821764e-06
8049,0,0.0038723326
8050,0,2.7709646e-06
8051,0,0.0002542943
8052,0,1.75161e-05
8053,0,6.9072394e-06
8054,0,1.1211871e-05
8055,0,1.1955346e-05
8056,0,3.9710438e-05
8057,0,9.927601e-07
8058,0,0.0004146138
8059,0,1.5218865e-06
8060,0,6.5152346e-07
8061,0,3.028303e-06
8062,0,3.179944e-06
8063,0,3.3924784e-06
8064,0,1.2549369e-05
8065,0,1.1006137e-05
8066,0,1.731266e-06
8067,0,2.2651031e-07
8068,0,1.770531e-06
8069,0,3.0435198e-05
8070,0,7.858246e-05
8071,0,1.9188235e-06
8072,0,4.0251434e-06
8073,0,8.296958e-07
8074,0,2.2842318e-07
8075,0,1.0113071e-05
8076,0,1.0599371e-05
8077,0,7.2561124e-05
8078,0,5.4543016e-06
8079,0,5.331797e-05
8080,0,2.3441892e-06
8081,0,6.134968e-05
8082,0,3.1033032e-05
8083,0,3.4574691e-06
8084,0,5.9451013e-06
8085,0,0.00013739958
8086,0,0.0011835751
8087,0,0.0010607601
8088,0,9.478465e-05
8089,0,8.984079e-06
8090,0,2.007652e-06
8091,0,6.3038588e-06
8092,0,7.676143e-06
8093,0,6.5329245e-05
8094,0,1.5983173e-06
8095,0,0.00014165495
8096,0,1.3198797e-06
8097,0,7.7835686e-08
8098,0,8.9126894e-05
8099,0,0.0001705178
8100,0,1.4765831e-06
8101,0,2.4950474e-05
8102,0,1.7863142e-06
8103,0,1.0384742e-05
8104,0,1.0068966e-05
8105,0,1.7577598e-06
8106,0,0.0013038962
8107,0,5.234353e-06
8108,0,8.315381e-06
8109,0,3.151036e-06
8110,0,8.5834176e-07
8111,0,6.790276e-07
8112,0,2.0598576e-05
8113,0,1.2189629e-06
8114,0,1.9989853e-05
8115,0,2.6739048e-05
8116,0,0.04838259
8117,0,0.00044175037
8118,0,0.0026023486
8119,0,1.4467326e-05
8120,0,4.658053e-05
8121,0,7.995034e-06
8122,0,6.191307e-05
8123,0,0.00039426092
8124,0,2.2715052e-05
8125,0,7.3298415e-06
8126,0,7.1090886e-05
8127,0,1.6250333e-05
8128,0,2.6943026e-06
8129,0,1.1896623e-08
8130,0,1.8083938e-05
8131,0,5.7138586e-05
8132,0,1.1362495e-06
8133,0,6.010809e-05
8134,0,3.158151e-06
8135,0,8.377166e-07
8136,0,0.0001715547
8137,0,9.817268e-05
8138,0,1.2135184e-06
8139,0,2.7135936e-06
8140,0,0.00093542505
8141,0,6.4668384e-05
8142,0,2.2627398e-06
8143,0,7.468962e-07
8144,0,6.604695e-08
8145,0,0.00013192934
8146,0,1.8460769e-06
8147,0,2.5067888e-07
8148,0,3.1722067e-07
8149,0,8.3939113e-07
8150,0,5.7991983e-06
8151,0,5.4263783e-06
8152,0,0.00035222917
8153,0,2.4373383e-06
8154,0,3.8180726e-05
8155,0,5.541085e-07
8156,0,1.1292836e-05
8157,0,6.988094e-08
8158,0,7.613979e-05
8159,0,9.799983e-05
8160,0,2.0503287e-06
8161,0,1.5341564e-05
8162,0,8.7803906e-05
8163,0,3.4370274e-05
8164,0,6.7521974e-06
8165,0,1.142838e-05
8166,0,2.810256e-07
8167,0,1.0969679e-06
8168,0,1.2826974e-05
8169,0,9.947008e-05
8170,0,7.351547e-08
8171,0,7.422679e-05
8172,0,3.2865375e-07
8173,0,8.066328e-06
8174,0,0.00093573524
8175,0,1.1730852e-08
8176,0,0.00018726653
8177,0,0.00011742672
8178,0,5.0525186e-06
8179,0,0.00022658707
8180,0,0.00020237126
8181,0,6.772854e-06
8182,0,6.039212e-06
8183,0,2.8429752e-06
8184,0,1.8657885e-06
8185,0,1.5112042e-06
8186,0,3.2198836e-06
8187,0,3.767311e-06
8188,0,2.8801169e-05
8189,0,0.0007472617
8190,0,1.0772675e-05
8191,0,4.329696e-06
8192,0,4.9686923e-06
8193,0,3.9944895e-05
8194,0,2.4430024e-06
8195,0,1.1022996e-05
8196,0,7.353977e-06
8197,0,4.153566e-05
8198,0,6.0224906e-05
8199,0,1.4073382e-05
8200,0,5.7172286e-07
8201,0,4.1860534e-05
8202,0,0.0002832032
8203,0,7.581028e-05
8204,0,0.00026581888
8205,0,0.0015003484
8206,0,3.1539194e-06
8207,0,4.3800857e-05
8208,0,2.5034227e-05
8209,0,9.673953e-07
8210,0,1.1566109e-06
8211,0,9.100302e-07
8212,0,8.495699e-05
8213,0,0.00013499355
8214,0,4.2103034e-06
8215,0,6.441057e-05
8216,0,9.1293e-07
8217,0,6.6348985e-06
8218,0,3.4339413e-05
8219,0,0.014796727
8220,0,0.00026434974
8221,0,1.994638e-05
8222,0,0.0004883559
8223,0,0.0011921534
8224,0,6.110668e-06
8225,0,5.654844e-05
8226,0,0.00027943836
8227,0,4.7882186e-05
8228,0,8.681076e-05
8229,0,1.6031128e-05
8230,0,5.471786e-06
8231,0,5.862361e-06
8232,0,5.2650125e-06
8233,0,6.238842e-06
8234,0,0.0001324104
8235,0,6.6464813e-06
8236,0,0.00018503597
8237,0,0.00016172905
8238,0,0.000323558
8239,0,0.0044967616
8240,0,0.00021555794
8241,0,3.0398067e-05
8242,0,4.0929463e-06
8243,0,9.687045e-07
8244,0,0.00021619024
8245,0,4.046182e-05
8246,0,0.0007843651
8247,0,2.1527854e-05
8248,0,6.3060594e-05
8249,0,1.9685633e-06
8250,0,0.00039886008
8251,0,0.0012530289
8252,0,0.00011219119
8253,0,4.2525494e-06
8254,0,9.004464e-05
8255,0,9.702007e-05
8256,0,2.2575302e-06
8257,0,2.2866084e-06
8258,0,1.1969092e-05
8259,0,0.00012472934
8260,0,4.5443216e-05
8261,0,2.3965001e-06
8262,0,0.00032045803
8263,0,1.7371773e-05
8264,0,1.9959356e-05
8265,0,0.0001025983
8266,0,1.9327592e-06
8267,0,6.028687e-06
8268,0,0.00015347442
8269,0,4.193941e-05
8270,0,6.225784e-06
8271,0,0.000101786565
8272,0,1.052527e-06
8273,0,4.134504e-06
8274,0,4.4121025e-06
8275,0,9.001493e-05
8276,0,9.740895e-05
8277,0,0.0009965783
8278,0,5.9123363e-06
8279,0,1.0787334e-05
8280,0,1.6681906e-05
8281,0,1.4677368e-06
8282,0,8.621883e-05
8283,0,1.9225443e-05
8284,0,7.2074865e-05
8285,0,1.0634911e-05
8286,0,1.7925662e-05
8287,0,9.2809905e-06
8288,0,0.03520759
8289,0,0.00021723496
8290,0,0.00026550103
8291,0,4.251663e-05
8292,0,1.1586031e-05
8293,0,2.4406378e-05
8294,0,0.0018975701
8295,0,1.5649952e-07
8296,0,8.418825e-05
8297,0,0.00031432975
8298,0,3.071892e-05
8299,0,0.0004280048
8300,0,4.1331376e-05
8301,0,4.931196e-06
8302,0,3.076537e-06
8303,0,9.985421e-08
8304,0,7.285017e-05
8305,0,0.0017303054
8306,0,8.0910446e-05
8307,0,1.6075994e-06
8308,0,6.2714244e-06
8309,0,1.7825254e-05
8310,0,4.2346755e-07
8311,1,0.9981012
8312,0,0.00045737022
8313,0,2.729514e-06
8314,0,1.4467577e-06
8315,0,2.5657031e-05
8316,0,1.0737448e-06
8317,0,0.00024283431
8318,0,1.7651294e-07
8319,0,7.659404e-06
8320,0,2.9819004e-05
8321,0,1.3947241e-05
8322,0,0.0019601497
8323,0,0.0025968305
8324,0,5.4028547e-05
8325,0,1.8733267e-08
8326,0,2.90977e-05
8327,0,3.0318799e-05
8328,0,4.5308338e-05
8329,0,2.4859555e-06
8330,0,3.2800917e-06
8331,0,1.8168554e-05
8332,0,1.0842544e-05
8333,0,3.8503003e-05
8334,0,1.0328308e-05
8335,0,0.00015001926
8336,0,0.00012211868
8337,0,6.6882145e-05
8338,0,0.00022107147
8339,0,1.4513319e-06
8340,0,2.8340306e-05
8341,0,0.00022525585
8342,0,2.31499e-06
8343,0,1.6770119e-06
8344,0,9.529807e-05
8345,0,1.7816265e-05
8346,0,9.404252e-05
8347,0,0.0008183659
8348,0,1.3004694e-06
8349,0,5.0801533e-05
8350,0,5.310898e-06
8351,0,3.7272189e-06
8352,0,2.7206595e-05
8353,0,7.1896866e-05
8354,0,3.9392555e-05
8355,0,2.3523035e-05
8356,0,2.4216965e-06
8357,0,3.0833853e-05
8358,0,1.0001791e-05
8359,0,1.0511978e-06
8360,0,1.565149e-06
8361,0,3.3685635e-06
8362,0,2.1091151e-05
8363,0,5.9892387e-05
8364,0,0.001056082
8365,0,5.0909233e-07
8366,0,0.00020929197
8367,0,1.735892e-05
8368,0,3.1097264e-07
8369,0,9.937878e-07
8370,0,0.00223385
8371,0,5.7814446e-05
8372,0,0.0005772909
8373,0,2.8434815e-05
8374,0,5.651688e-07
8375,0,7.03406e-06
8376,0,7.405532e-07
8377,0,5.0859027e-05
8378,0,6.250196e-05
8379,0,0.0016228318
8380,0,2.725753e-06
8381,0,2.7845304e-06
8382,0,1.6538772e-06
8383,0,1.2762713e-06
8384,0,6.59889e-07
8385,0,7.0587976e-07
8386,0,1.2706889e-05
8387,0,0.0018358382
8388,0,5.0813695e-05
8389,0,9.05145e-06
8390,0,5.375084e-06
8391,0,4.3903565e-05
8392,0,1.6195318e-05
8393,0,7.5206604e-05
8394,0,2.7719461e-05
8395,0,3.2329117e-05
8396,0,0.0006841368
8397,0,5.7136485e-06
8398,0,4.9586222e-05
8399,0,7.853796e-05
8400,0,2.8499535e-05
8401,0,2.3637223e-05
8402,0,0.0007689822
8403,0,0.00059956755
8404,0,8.267522e-05
8405,0,3.5983976e-05
8406,0,7.273189e-06
8407,0,6.317116e-05
8408,0,4.934259e-06
8409,0,0.0004687238
8410,0,0.00021607133
8411,0,4.8981346e-06
8412,0,0.00073467474
8413,0,2.5165878e-05
8414,0,2.8866472e-07
8415,0,3.9455412e-07
8416,0,0.00012130916
8417,0,3.0012663e-07
8418,0,2.350195e-06
8419,0,3.2672342e-05
8420,0,2.5926282e-05
8421,0,2.6287657e-05
8422,0,9.29152e-06
8423,0,2.950488e-05
8424,0,3.8447233e-05
8425,0,1.2057031e-05
8426,0,8.372199e-05
8427,0,0.0001494443
8428,0,7.006527e-05
8429,0,1.2470856e-05
8430,0,6.1752557e-06
8431,0,1.0874813e-07
8432,0,3.5686055e-06
8433,0,4.1921234e-07
8434,0,0.010696962
8435,0,2.1117234e-05
8436,0,1.0814042e-05
8437,0,0.00061790313
8438,0,6.9691646e-06
8439,0,5.7166057e-05
8440,0,0.00036987828
8441,0,0.0027482454
8442,0,0.00022770111
8443,0,6.0070906e-05
8444,0,0.00089686963
8445,0,4.1372983e-05
8446,0,3.204761e-07
8447,0,0.00064969296
8448,0,1.9127203e-05
8449,0,0.00065948704
8450,0,3.440438e-09
8451,0,2.4293173e-05
8452,0,3.1646592e-05
8453,0,8.027344e-06
8454,0,0.00012073192
8455,0,5.6669737e-06
8456,0,3.4681452e-05
8457,0,1.4409908e-05
8458,0,5.6461026e-06
8459,0,0.0004642677
8460,0,6.6782726e-05
8461,0,9.953785e-07
8462,0,1.4517249e-06
8463,0,6.2338877e-06
8464,0,1.3245617e-05
8465,0,8.4811e-06
8466,0,5.3151864e-05
8467,0,0.00011737331
8468,0,0.00031217802
8469,0,6.859802e-05
8470,0,1.6885386e-05
8471,0,0.00084031303
8472,0,4.364317e-05
8473,0,1.6687734e-07
8474,0,0.0011996821
8475,0,7.5410453e-06
8476,0,4.1206582e-05
8477,0,1.8649436e-06
8478,0,0.0008441009
8479,0,7.442703e-07
8480,0,3.103966e-05
8481,0,1.2262232e-05
8482,0,1.4617048e-05
8483,0,2.4544775e-07
8484,0,5.09769e-06
8485,0,0.0004568654
8486,0,1.8486597e-05
8487,0,0.000615254
8488,0,2.4148078e-06
8489,0,7.6002702e-06
8490,0,8.342859e-07
8491,0,0.000115965115
8492,0,2.17326e-06
8493,0,2.2511476e-05
8494,0,1.8211447e-06
8495,0,2.9110244e-05
8496,0,9.8688425e-08
8497,0,2.0755577e-05
8498,0,2.3022947e-05
8499,0,3.7327464e-07
8500,0,5.8860413e-05
8501,0,0.00045262143
8502,0,4.816773e-07
8503,0,1.1091859e-07
8504,0,8.9510595e-06
8505,0,2.4850859e-05
8506,0,2.2645747e-06
8507,0,1.9159124e-06
8508,0,1.511036e-05
8509,0,2.2464203e-06
8510,0,0.06571552
8511,0,5.034386e-06
8512,0,5.6626413e-05
8513,0,0.00011337916
8514,0,6.338604e-05
8515,0,0.0015362179
8516,0,1.44191035e-05
8517,0,7.420672e-06
8518,0,0.0028358812
8519,0,2.4302442e-05
8520,0,3.414639e-05
8521,0,3.4425124e-05
8522,0,1.0452399e-06
8523,0,1.5790616e-05
8524,0,3.9301065e-07
8525,0,3.7004345e-05
8526,0,7.866716e-06
8527,0,4.6746447e-07
8528,0,1.7524384e-08
8529,0,9.49244e-05
8530,0,3.1744436e-05
8531,0,3.9191076e-05
8532,0,1.33384565e-05
8533,0,7.1250855e-05
8534,0,1.1331416e-06
8535,0,0.0017845315
8536,0,7.0522633e-06
8537,0,7.4713236e-05
8538,0,0.0003157977
8539,0,6.4870273e-06
8540,0,3.646956e-06
8541,0,1.7309621e-06
8542,0,9.035349e-07
8543,0,1.0021211e-05
8544,0,7.966888e-06
8545,0,1.942027e-06
8546,0,6.7586975e-06
8547,0,1.2065756e-07
8548,0,7.828769e-05
8549,0,5.7085613e-06
8550,0,0.00023390265
8551,0,6.064907e-06
8552,0,2.1745145e-05
8553,0,3.3647993e-07
8554,0,9.1450977e-07
8555,0,2.625732e-07
8556,0,5.407262e-07
8557,0,2.210094e-06
8558,0,7.470411e-06
8559,0,1.1548546e-05
8560,0,1.7695198e-06
8561,0,4.6223257e-05
8562,0,0.00012391315
8563,0,1.8760351e-05
8564,0,1.5350462e-05
8565,0,0.00044691013
8566,0,1.4450077e-05
8567,0,6.4278094e-05
8568,0,0.0005704005
8569,0,0.000116176845
8570,0,0.0012925356
8571,0,3.865915e-05
8572,0,3.8582653e-05
8573,0,0.000108037915
8574,0,2.4941198e-06
8575,0,7.0503665e-06
8576,0,6.857821e-05
8577,0,0.0006800969
8578,0,2.5174114e-07
8579,0,0.01977242
8580,0,1.9871648e-05
8581,0,3.041313e-07
8582,0,1.8431143e-06
8583,0,0.0007918356
8584,0,0.0066768867
8585,0,3.9294687e-06
8586,0,3.9516112e-07
8587,0,3.6595993e-05
8588,0,2.8913617e-05
8589,0,0.0011640304
8590,0,1.1885908e-05
8591,0,0.00065248314
8592,0,2.3966895e-05
8593,0,1.0078592e-06
8594,0,0.00019147967
8595,0,2.1965222e-06
8596,0,3.845716e-06
8597,0,1.2290014e-05
8598,0,1.6410006e-05
8599,0,3.5035246e-05
8600,0,0.00042556255
8601,0,1.0457241e-05
8602,0,1.7308139e-05
8603,0,0.0007008784
8604,0,1.1446193e-05
8605,0,2.7020194e-05
8606,0,0.0005932975
8607,0,3.1928758e-07
8608,0,5.343784e-06
8609,0,1.7873497e-05
8610,0,3.6897607e-05
8611,0,7.5612884e-06
8612,0,5.4341285e-07
8613,0,1.3925493e-06
8614,0,2.1218016e-06
8615,0,1.9254305e-05
8616,0,8.8969483e-07
8617,0,2.4733768e-07
8618,0,0.00010971449
8619,0,7.3391886e-05
8620,0,1.948671e-05
8621,0,5.642227e-06
8622,0,3.4737255e-05
8623,0,2.5623988e-06
8624,0,0.00011106501
8625,0,3.7018724e-06
8626,0,0.00023359487
8627,0,1.1302599e-06
8628,0,6.685128e-05
8629,0,1.0086419e-05
8630,0,3.832375e-07
8631,0,3.2451376e-06
8632,0,1.2149149e-05
8633,0,4.090741e-06
8634,0,1.7512226e-05
8635,0,0.011336242
8636,0,0.015802253
8637,0,0.00030219855
8638,0,5.343784e-06
8639,0,4.1389785e-07
8640,0,5.7416974e-06
8641,0,1.8515586e-05
8642,0,4.5786473e-05
8643,0,3.9479796e-06
8644,0,2.243822e-05
8645,0,0.00029209905
8646,0,2.528552e-06
8647,0,6.0611685e-05
8648,0,6.1119375e-05
8649,0,7.4966392e-06
8650,0,3.217318e-06
8651,0,3.5450143e-05
8652,0,0.00017854603
8653,0,6.341523e-07
8654,0,9.355175e-05
8655,0,7.976201e-06
8656,0,4.862623e-06
8657,0,1.3953783e-06
8658,0,8.847283e-06
8659,0,8.467055e-06
8660,0,4.53118e-05
8661,0,2.440031e-07
8662,0,1.2802946e-05
8663,0,1.8729786e-06
8664,0,1.1885024e-05
8665,0,6.2136596e-06
8666,0,3.6298664e-07
8667,0,2.4232506e-07
8668,0,1.995301e-07
8669,0,0.000682193
8670,0,0.00051051937
8671,0,9.2015165e-07
8672,0,1.2755843e-05
8673,0,0.00031174527
8674,0,4.2071083e-06
8675,0,7.848443e-05
8676,0,3.4491797e-05
8677,0,1.4462333e-05
8678,0,3.3905166e-05
8679,0,1.5098016e-05
8680,0,5.861032e-05
8681,0,1.1441674e-05
8682,0,6.298591e-07
8683,0,0.00054978306
8684,0,2.2247805e-06
8685,0,1.3584902e-06
8686,0,3.5052374e-06
8687,0,3.0271794e-06
8688,0,3.986384e-05
8689,0,5.618982e-06
8690,0,4.0057057e-06
8691,0,1.46700295e-05
8692,0,6.0929546e-05
8693,0,4.260341e-07
8694,0,1.6602648e-06
8695,0,0.0003820786
8696,0,1.741568e-05
8697,0,0.000987329
8698,0,0.00020226749
8699,0,9.075774e-06
8700,0,2.4293367e-06
8701,0,1.9906092e-05
8702,0,1.2051399e-05
8703,0,7.825045e-05
8704,0,0.0001279778
8705,0,4.0463387e-06
8706,0,4.260258e-06
8707,0,8.7710035e-08
8708,0,1.1536746e-05
8709,0,1.1699763e-05
8710,0,6.463941e-07
8711,0,4.395505e-06
8712,0,0.00014432274
8713,0,9.368646e-06
8714,0,0.0038545178
8715,0,2.075946e-06
8716,0,5.328207e-06
8717,0,0.00017136832
8718,0,9.917115e-07
8719,0,6.4340014e-07
8720,0,4.6013764e-07
8721,0,0.000116854586
8722,0,0.0017079797
8723,0,6.124047e-07
8724,0,1.1983037e-05
8725,0,3.5462176e-06
8726,0,2.6870973e-07
8727,0,1.597262e-05
8728,0,0.00013744451
8729,0,4.0834916e-06
8730,0,0.00023944202
8731,0,0.00022974426
8732,0,1.5420259e-05
8733,0,4.376119e-06
8734,0,6.6478124e-06
8735,0,7.3461854e-07
8736,0,1.8326575e-06
8737,0,4.038449e-05
8738,0,2.0159625e-05
8739,0,8.313217e-05
8740,0,0.0003294453
8741,0,6.9138514e-05
8742,0,9.138689e-06
8743,0,9.589695e-07
8744,0,5.7802043e-07
8745,0,2.4239856e-05
8746,0,0.00030800106
8747,0,5.3643766e-06
8748,0,7.146351e-07
8749,0,6.4909505e-06
8750,0,0.00014916541
8751,0,1.4123826e-06
8752,0,5.4441675e-06
8753,0,2.7200525e-05
8754,0,1.9775143e-06
8755,0,1.4558315e-06
8756,0,3.9539937e-05
8757,0,6.3286393e-06
8758,0,7.371011e-05
8759,0,8.15025e-07
8760,0,5.8527085e-06
8761,0,0.00023044189
8762,0,1.89752e-07
8763,0,4.5867757e-05
8764,0,1.4188154e-06
8765,0,5.6729754e-05
8766,0,4.0050677e-06
8767,0,1.3124505e-05
8768,0,8.085976e-07
8769,0,4.785382e-06
8770,0,9.357558e-07
8771,0,4.400685e-05
8772,0,9.8293555e-08
8773,0,0.003333309
8774,0,2.6691863e-05
8775,0,2.198435e-05
8776,0,5.760615e-05
8777,0,1.5660788e-05
8778,0,4.3838504e-06
8779,0,4.762477e-07
8780,0,5.0194285e-06
8781,0,2.4334688e-06
8782,0,1.7072467e-05
8783,0,4.456403e-06
8784,0,0.0017851195
8785,0,0.00018818783
8786,0,2.7593694e-07
8787,0,1.6898006e-06
8788,0,2.0086268e-06
8789,0,1.1624912e-05
8790,0,2.998002e-07
8791,0,6.7323804e-06
8792,0,3.2020282e-06
8793,0,0.00041335885
8794,0,1.9995152e-05
8795,0,1.7407443e-05
8796,0,2.3729961e-05
8797,0,7.4632415e-05
8798,0,2.0390564e-05
8799,0,6.6988614e-05
8800,0,2.91841e-06
8801,0,1.6793128e-05
8802,0,3.8093225e-05
8803,0,1.3596809e-05
8804,0,8.917557e-06
8805,0,2.4046567e-05
8806,0,1.4011486e-05
8807,0,0.012639807
8808,0,2.239522e-06
8809,0,0.00061809836
8810,0,3.3189655e-05
8811,0,4.993922e-06
8812,0,3.3704562e-06
8813,0,2.7518402e-06
8814,0,1.1002495e-05
8815,0,5.6152454e-05
8816,0,9.0332725e-07
8817,0,4.1044577e-06
8818,0,4.4369073e-05
8819,0,0.000115329916
8820,0,6.7320326e-07
8821,0,5.246197e-06
8822,0,5.9421823e-06
8823,0,4.9686923e-06
8824,0,1.5489678e-06
8825,0,2.196383e-07
8826,0,0.00020727883
8827,0,2.5997364e-05
8828,0,3.4722685e-05
8829,0,1.4399509e-05
8830,0,4.2269217e-05
8831,0,0.002670837
8832,0,0.0002072654
8833,0,2.718738e-06
8834,0,5.2777964e-06
8835,0,8.44864e-06
8836,0,1.0951483e-05
8837,0,0.00012257649
8838,0,3.2317062e-06
8839,0,4.169786e-05
8840,0,3.8666376e-06
8841,0,5.658872e-07
8842,0,4.6702848e-05
8843,0,0.0007738737
8844,0,8.913297e-06
8845,0,1.782023e-06
8846,0,0.0015205649
8847,0,0.0002967904
8848,0,5.0447153e-07
8849,0,0.000114183444
8850,0,1.7080007e-05
8851,0,0.0007793338
8852,0,2.418876e-06
8853,0,3.308048e-05
8854,0,2.4385321e-05
8855,0,2.2267184e-06
8856,0,1.3937304e-06
8857,0,0.00033399506
8858,0,0.0004386569
8859,0,8.946145e-05
8860,0,1.5746725e-06
8861,0,2.4690291e-06
8862,0,1.5415804e-05
8863,0,2.1779555e-05
8864,0,3.7423746e-05
8865,0,0.00078475755
8866,0,1.2714615e-06
8867,0,2.3053442e-05
8868,0,7.1797745e-06
8869,0,1.0794112e-06
8870,0,8.750008e-05
8871,0,8.725185e-06
8872,0,3.3655933e-06
8873,0,2.7552303e-06
8874,0,0.00015820419
8875,0,4.5988463e-06
8876,0,5.2872205e-05
8877,0,0.0003070365
8878,0,2.111816e-05
8879,0,1.2228705e-06
8880,0,0.00012906421
8881,0,3.140142e-07
8882,0,2.4807052e-05
8883,0,3.559547e-05
8884,0,5.0169936e-05
8885,0,6.5088005e-07
8886,0,4.8411807e-06
8887,0,1.7732888e-06
8888,0,2.3230637e-05
8889,0,0.00028059835
8890,0,1.8017165e-05
8891,0,1.4514741e-05
8892,0,0.00024397633
8893,0,7.5145763e-06
8894,0,2.9689204e-06
8895,0,9.449776e-05
8896,0,0.00027362173
8897,0,6.085057e-06
8898,0,1.9052425e-06
8899,0,1.4472805e-05
8900,0,6.647471e-06
8901,0,0.00019581245
8902,0,0.063479595
8903,0,0.0001072986
8904,0,1.8205497e-05
8905,0,3.992658e-06
8906,0,3.3693465e-05
8907,0,0.00353041
8908,0,1.4292e-07
8909,0,6.728818e-05
8910,0,5.3602853e-06
8911,0,6.174025e-06
8912,0,4.4851065e-05
8913,0,7.0000256e-06
8914,0,2.3395894e-05
8915,0,9.31021e-06
8916,0,1.8732898e-07
8917,0,6.0182956e-06
8918,0,0.0006408616
8919,0,0.00016475709
8920,0,1.1629286e-06
8921,0,2.5170827e-06
8922,0,2.5524076e-05
8923,0,9.361663e-05
8924,0,4.652044e-06
8925,0,5.6198576e-05
8926,0,1.4294822e-07
8927,0,3.7427995e-05
8928,0,2.1084454e-05
8929,0,2.4643125e-06
8930,0,1.3325042e-05
8931,0,5.6712665e-06
8932,0,5.021583e-06
8933,0,0.000993405
8934,0,5.523795e-07
8935,0,6.8626828e-06
8936,0,2.2184173e-05
8937,0,2.7668251e-05
8938,0,6.6054145e-06
8939,0,9.3846254e-05
8940,0,1.5946298e-06
8941,0,6.1639175e-06
8942,0,5.8652637e-07
8943,0,1.817924e-06
8944,0,2.625534e-06
8945,0,0.00016993737
8946,0,5.9482907e-05
8947,0,4.0281807e-06
8948,0,1.18490025e-05
8949,0,1.6183923e-05
8950,0,0.0009572907
8951,0,7.264365e-06
8952,0,1.2555095e-06
8953,0,1.6141884e-07
8954,0,1.6407532e-06
8955,0,3.376105e-06
8956,0,0.0006246379
8957,0,5.7032597e-05
8958,0,2.332061e-06
8959,0,0.0043616556
8960,0,3.2834184e-06
8961,0,0.00010301407
8962,0,0.00014193442
8963,0,3.5076216e-06
8964,0,8.57656e-07
8965,0,4.5650863e-06
8966,0,0.00013161081
8967,0,6.544734e-07
8968,0,0.00023164223
8969,0,0.00033045406
8970,0,4.4587006e-05
8971,0,0.00052793586
8972,0,2.7992035e-06
8973,0,0.046545487
8974,0,4.337308e-06
8975,0,2.0116672e-06
8976,0,1.1825972e-05
8977,0,4.846826e-06
8978,0,1.5095266e-05
8979,0,1.0285873e-05
8980,0,0.000261433
8981,0,3.896491e-05
8982,0,0.00018812773
8983,0,4.609257e-06
8984,0,2.5956266e-05
8985,0,1.749862e-05
8986,0,0.007208105
8987,0,0.00015892903
8988,0,0.0001123401
8989,0,3.2084322e-06
8990,0,2.6154476e-05
8991,0,4.726826e-06
8992,0,1.2871246e-05
8993,0,1.2087426e-05
8994,0,0.000106593805
8995,0,2.9686834e-07
8996,0,1.3696382e-05
8997,0,0.0023898305
8998,0,0.000180511
8999,0,0.00032770578
9000,0,7.970614e-05
9001,0,9.014572e-07
9002,0,0.0004932292
9003,0,4.9937713e-05
9004,0,2.6396605e-05
9005,0,2.951456e-05
9006,0,1.5973412e-05
9007,0,8.577559e-05
9008,0,0.00015578096
9009,0,6.3315497e-06
9010,0,6.433523e-07
9011,0,1.5183321e-05
9012,0,3.2218715e-05
9013,0,3.7233535e-06
9014,0,2.5989802e-06
9015,0,3.1270512e-05
9016,0,7.595505e-09
9017,0,1.8624534e-06
9018,0,6.0039747e-05
9019,0,2.849535e-05
9020,0,1.280426e-06
9021,0,4.7040842e-07
9022,0,6.4105407e-06
9023,0,0.00017103367
9024,0,0.00017706784
9025,0,7.0698857e-06
9026,0,1.3308344e-06
9027,0,0.00010869647
9028,0,0.00013081146
9029,0,7.577082e-06
9030,0,0.00031145473
9031,0,2.7150172e-06
9032,0,0.0015619404
9033,0,6.6000706e-05
9034,0,1.1889987e-06
9035,0,2.1022073e-05
9036,0,1.1487489e-06
9037,0,2.6773334e-06
9038,0,0.00011979101
9039,0,4.035973e-05
9040,0,1.2537538e-05
9041,0,3.9446636e-06
9042,0,6.240393e-05
9043,0,0.00015905652
9044,0,1.396675e-06
9045,0,0.0003736401
9046,0,3.0454394e-06
9047,0,2.2976474e-06
9048,0,5.6410343e-05
9049,0,7.136727e-05
9050,0,2.5080273e-05
9051,0,2.5846397e-05
9052,0,3.2515146e-07
9053,0,2.9831367e-06
9054,0,1.9496745e-06
9055,0,3.6815158e-07
9056,0,2.4192653e-07
9057,0,0.00011728616
9058,0,1.1749665e-05
9059,0,0.0006211068
9060,0,1.8571219e-06
9061,0,2.2027538e-05
9062,0,5.8478875e-08
9063,0,1.2978601e-06
9064,0,1.1481669e-05
9065,0,1.0866124e-05
9066,0,2.5270933e-06
9067,0,8.4432184e-05
9068,0,3.7204973e-05
9069,0,0.000876973
9070,0,0.00082157453
9071,0,7.57623e-06
9072,0,0.00041516457
9073,0,7.9812835e-06
9074,0,2.0946669e-05
9075,0,5.9432705e-06
9076,0,1.3559404e-06
9077,0,9.282646e-06
9078,0,7.066442e-07
9079,0,9.30124e-07
9080,0,2.136067e-05
9081,0,0.00014969945
9082,0,0.00017330139
9083,0,0.00028508084
9084,0,4.3261163e-05
9085,0,1.0647139e-05
9086,0,1.9124202e-06
9087,0,9.325309e-07
9088,0,8.0183e-07
9089,0,1.6387095e-05
9090,0,1.9413756e-05
9091,0,3.6877136e-05
9092,0,4.975445e-08
9093,0,3.1343077e-07
9094,0,6.972017e-06
9095,0,5.023165e-07
9096,0,6.4806436e-08
9097,0,1.5723481e-06
9098,0,6.840069e-05
9099,0,1.2550266e-05
9100,0,5.2525244e-05
9101,0,2.3089597e-06
9102,0,5.3776585e-06
9103,0,2.2051631e-06
9104,0,3.8825187e-06
9105,0,1.2101889e-05
9106,0,3.3137749e-06
9107,0,9.183405e-07
9108,0,0.00013691331
9109,0,3.096881e-06
9110,0,2.0632904e-05
9111,0,0.00010616644
9112,0,6.686917e-06
9113,0,2.5352986e-06
9114,0,0.00015794495
9115,0,2.0649518e-06
9116,0,2.5386953e-06
9117,0,0.0011187451
9118,0,1.2537538e-05
9119,0,4.2447455e-06
9120,0,1.2316908e-06
9121,0,1.8561977e-05
9122,0,8.1028964e-05
9123,0,9.432517e-05
9124,0,4.669628e-06
9125,0,5.051238e-07
9126,0,6.3546366e-05
9127,0,5.1763022e-06
9128,0,0.00067997474
9129,0,9.0158355e-06
9130,0,3.310516e-05
9131,0,8.769807e-06
9132,0,2.673117e-05
9133,0,4.8499282e-06
9134,0,0.00020291361
9135,0,2.0600264e-06
9136,0,1.8429477e-05
9137,0,4.785165e-05
9138,0,5.4555113e-07
9139,0,0.0009710889
9140,0,1.4308015e-06
9141,0,9.266716e-06
9142,0,5.7939294e-05
9143,0,8.675162e-06
9144,0,3.0643576e-05
9145,0,0.0011018341
9146,0,1.8618673e-05
9147,0,6.5516906e-07
9148,0,6.959036e-05
9149,0,1.08693375e-05
9150,0,2.6366215e-05
9151,0,1.8393234e-06
9152,0,0.0001403746
9153,0,1.1011606e-05
9154,0,7.1085774e-06
9155,0,5.5560245e-06
9156,0,0.00030300143
9157,0,1.12813395e-05
9158,0,2.9340347e-06
9159,0,1.5929569e-05
9160,0,5.878838e-05
9161,0,7.94462e-06
9162,0,0.0001657969
9163,0,7.814612e-07
9164,0,0.0022927958
9165,0,1.3847355e-07
9166,0,0.00023041267
9167,0,0.00037299274
9168,0,0.00040599774
9169,0,0.00016049379
9170,0,1.3783044e-05
9171,0,2.623582e-06
9172,0,3.9345582e-07
9173,0,7.9924816e-05
9174,0,1.8068233e-05
9175,0,4.661019e-06
9176,0,5.5441524e-06
9177,0,5.0482513e-06
9178,0,3.4695154e-06
9179,0,9.851967e-05
9180,0,0.00016486426
9181,0,0.00037257958
9182,0,8.324759e-05
9183,0,2.0313142e-05
9184,0,8.2383895e-06
9185,0,6.427951e-06
9186,0,0.00011935671
9187,0,1.3261985e-05
9188,0,4.509467e-06
9189,0,1.599849e-05
9190,0,2.364254e-06
9191,0,3.9032002e-05
9192,0,0.0054281354
9193,0,0.00029168164
9194,0,3.4678712e-06
9195,0,8.3093744e-07
9196,0,4.5297193e-07
9197,0,9.423728e-06
9198,0,8.154626e-06
9199,0,2.2533966e-05
9200,0,3.4469733e-06
9201,0,1.4240807e-06
9202,0,2.4525392e-05
9203,0,9.917115e-07
9204,0,0.00015804452
9205,0,0.00021586419
9206,0,7.970204e-05
9207,0,6.4118426e-06
9208,0,1.3063775e-06
9209,0,8.670729e-06
9210,0,7.59895e-05
9211,0,6.471925e-06
9212,0,8.687263e-07
9213,0,6.2461525e-09
9214,0,3.3608815e-06
9215,0,4.889795e-07
9216,0,1.3244176e-05
9217,0,0.00028965532
9218,0,2.380376e-05
9219,0,9.625817e-06
9220,0,1.6233435e-05
9221,0,6.6736343e-06
9222,0,0.005648075
9223,0,3.7304833e-06
9224,0,1.1667978e-06
9225,0,7.983248e-06
9226,0,5.9338295e-06
9227,0,4.2747793e-06
9228,0,4.941092e-07
9229,0,2.488235e-05
9230,0,3.0185487e-05
9231,0,7.782196e-06
9232,0,0.00032669792
9233,0,3.4659602e-06
9234,0,0.00029890364
9235,0,2.922797e-05
9236,0,0.00019981315
9237,0,1.8140645e-05
9238,0,4.9674305e-05
9239,0,2.8376905e-06
9240,0,2.5053312e-06
9241,0,2.0039708e-05
9242,0,1.1779441e-05
9243,0,1.2089569e-05
9244,0,2.3769323e-06
9245,0,2.3507313e-05
9246,0,1.4292877e-05
9247,0,2.5614654e-06
9248,0,2.5877446e-06
9249,0,7.2867675e-05
9250,0,3.3701572e-06
9251,0,6.1730243e-06
9252,0,2.5192226e-06
9253,0,6.9615394e-06
9254,0,1.667405e-05
9255,0,1.4774579e-06
9256,0,0.00013788689
9257,0,9.679699e-05
9258,0,1.5408234e-05
9259,0,6.0853192e-05
9260,0,0.00052997126
9261,0,2.2324934e-06
9262,0,4.981814e-05
9263,0,6.725905e-06
9264,0,6.446305e-05
9265,0,1.8531218e-05
9266,0,3.6408474e-05
9267,0,3.6208849e-06
9268,0,2.6684762e-05
9269,0,1.4077272e-06
9270,0,2.2452154e-05
9271,0,0.009370459
9272,0,4.993408e-06
9273,0,4.4790457e-05
9274,0,2.9670367e-05
9275,0,5.225226e-06
9276,0,1.2376604e-05
9277,0,7.038e-05
9278,0,2.62759e-05
9279,0,5.7176976e-07
9280,0,4.6599783e-07
9281,0,1.2922731e-05
9282,0,1.9774292e-05
9283,0,6.8339527e-06
9284,0,7.922747e-06
9285,0,2.0935606e-05
9286,0,3.8628194e-05
9287,0,7.287339e-06
9288,0,1.9879431e-07
9289,0,1.244035e-07
9290,0,1.4843223e-05
9291,0,2.4076999e-06
9292,0,0.00014710976
9293,0,3.1130046e-05
9294,0,1.699093e-05
9295,0,0.00010969451
9296,0,2.7742144e-07
9297,0,4.380298e-06
9298,0,0.0001578808
9299,0,0.00024692333
9300,0,7.458254e-05
9301,0,3.0616e-05
9302,0,2.8608715e-06
9303,0,1.1642131e-05
9304,0,2.6370286e-05
9305,0,6.6054145e-06
9306,0,7.261456e-06
9307,0,4.677816e-06
9308,0,3.0291169e-05
9309,0,4.4856584e-05
9310,0,4.7744168e-05
9311,0,5.685307e-05
9312,0,4.8547363e-06
9313,0,1.173527e-06
9314,0,3.7215515e-05
9315,0,8.1105805e-05
9316,0,3.7921785e-05
9317,0,1.01651685e-05
9318,0,0.001383697
9319,0,2.3712984e-07
9320,0,7.209657e-07
9321,0,6.6520743e-06
9322,0,1.14235545e-05
9323,0,4.7988786e-05
9324,0,1.497581e-05
9325,0,0.00037404176
9326,0,1.3802637e-06
9327,0,9.317783e-05
9328,0,3.441531e-05
9329,0,0.0005392205
9330,0,9.2827366e-07
9331,0,4.8223897e-06
9332,0,9.709782e-06
9333,0,1.7024418e-06
9334,0,0.00073668966
9335,0,5.439666e-07
9336,0,2.5071618e-05
9337,0,0.00016255975
9338,0,1.6969192e-06
9339,0,1.244035e-07
9340,0,2.2102808e-05
9341,0,9.732669e-07
9342,0,1.0097814e-06
9343,0,2.3252737e-07
9344,0,0.0001541188
9345,0,2.4980784e-05
9346,0,3.500342e-05
9347,0,2.156177e-06
9348,0,7.0000256e-06
9349,0,5.0789957e-05
9350,0,5.508011e-06
9351,0,0.00017826213
9352,0,1.6677532e-05
9353,0,2.163836e-06
9354,0,6.3921725e-05
9355,0,3.9211078e-05
9356,0,4.5687656e-07
9357,0,0.0001534933
9358,0,2.7422545e-06
9359,0,4.2654005e-06
9360,0,1.1941646e-06
9361,0,6.3621064e-07
9362,0,2.7850752e-05
9363,0,7.564146e-05
9364,0,1.1427705e-05
9365,0,3.9465226e-06
9366,0,3.161254e-05
9367,0,1.1432458e-05
9368,0,9.306268e-06
9369,0,0.0013592422
9370,0,2.4584772e-06
9371,0,9.335196e-05
9372,0,0.00019446701
9373,0,7.910953e-06
9374,0,3.5363533e-05
9375,0,4.7294412e-07
9376,0,2.7965489e-05
9377,0,1.9601353e-06
9378,0,2.283967e-05
9379,0,2.4774497e-06
9380,0,1.5141441e-07
9381,0,4.6797745e-06
9382,0,6.7450264e-07
9383,0,0.00065357913
9384,0,2.031202e-05
9385,0,5.5468972e-06
9386,0,0.00036765737
9387,0,0.000120840414
9388,0,9.649963e-06
9389,0,7.963629e-06
9390,0,2.4253915e-05
9391,0,1.2828551e-05
9392,0,1.3644911e-05
9393,0,1.9829318e-05
9394,0,8.305339e-06
9395,0,0.0001172846
9396,0,0.00074498996
9397,0,3.0919626e-05
9398,0,2.2680548e-05
9399,0,1.506654e-06
9400,0,1.6851674e-06
9401,0,4.2870633e-06
9402,0,4.347595e-06
9403,0,8.668164e-05
9404,0,1.6443828e-05
9405,0,0.0010108809
9406,0,2.2472282e-06
9407,0,3.1369032e-07
9408,0,0.0026921162
9409,0,5.6409345e-07
9410,0,0.00010100783
9411,0,4.028492e-06
9412,0,2.5987524e-06
9413,0,4.0573137e-05
9414,0,0.00011172359
9415,0,2.2877577e-05
9416,0,4.068394e-06
9417,0,8.419394e-06
9418,0,8.500382e-05
9419,0,0.00013811704
9420,0,8.633969e-06
9421,0,7.5594726e-05
9422,0,1.0737069e-06
9423,0,1.744194e-05
9424,0,6.460318e-08
9425,0,1.8070384e-07
9426,0,5.5910987e-05
9427,0,9.675356e-07
9428,0,0.00036593905
9429,0,4.5110195e-05
9430,0,4.153584e-06
9431,0,3.1031218e-06
9432,0,1.5790606e-07
9433,0,2.0091298e-05
9434,0,0.00025329352
9435,0,4.4364884e-07
9436,0,0.049029294
9437,0,1.2872224e-06
9438,0,6.031204e-05
9439,0,7.6470285e-05
9440,0,4.0242656e-07
9441,0,2.1218016e-06
9442,0,2.4909084e-05
9443,0,5.4818765e-06
9444,0,5.701857e-07
9445,0,2.2509336e-07
9446,0,1.34904085e-05
9447,0,2.4418669e-05
9448,0,3.5066348e-06
9449,0,0.00011832751
9450,0,6.8475942e-06
9451,0,9.716183e-06
9452,0,0.0099496
9453,0,1.8943879e-06
9454,0,1.47440705e-05
9455,0,2.007613e-05
9456,0,6.109584e-06
9457,0,0.000115911054
9458,0,0.00017384607
9459,0,0.000114702256
9460,0,0.00042098775
9461,0,1.3009932e-05
9462,0,1.1652388e-06
9463,0,9.5136966e-07
9464,0,0.000245786
9465,0,1.8024546e-06
9466,0,3.9221304e-06
9467,0,3.4618408e-06
9468,0,7.779733e-05
9469,0,1.7082973e-05
9470,0,9.799636e-06
9471,0,3.9865397e-05
9472,0,1.0160696e-07
9473,0,1.4657041e-07
9474,0,0.00017606393
9475,0,1.171831e-05
9476,0,4.2080548e-05
9477,0,2.4852634e-06
9478,0,5.384251e-05
9479,0,5.375441e-07
9480,0,1.5119177e-06
9481,0,2.205558e-05
9482,0,0.00017735643
9483,0,7.919377e-06
9484,0,1.0101243e-05
9485,0,1.2614715e-05
9486,0,7.0086626e-06
9487,0,0.00031835993
9488,0,5.188038e-05
9489,0,7.0000256e-06
9490,0,0.00061964465
9491,0,5.2844025e-05
9492,0,1.2498477e-05
9493,0,5.5163637e-06
9494,0,1.2731245e-05
9495,0,3.0411354e-06
9496,0,0.00013686162
9497,0,7.376618e-07
9498,0,1.9833973e-05
9499,0,1.407192e-05
9500,0,1.35199925e-05
9501,0,9.730201e-05
9502,0,6.702194e-07
9503,0,7.3116616e-06
9504,0,3.4010445e-05
9505,0,5.236435e-06
9506,0,0.00058363716
9507,0,2.2651031e-07
9508,0,1.7149996e-05
9509,0,1.7737535e-05
9510,0,0.0002691772
9511,0,0.00018711464
9512,0,2.0136298e-05
9513,0,0.00011754143
9514,0,2.9253175e-05
9515,0,2.4739298e-05
9516,0,1.9454012e-05
9517,0,2.6653292e-06
9518,0,5.1071805e-08
9519,0,0.00039736784
9520,0,4.112227e-06
9521,0,2.1142702e-07
9522,0,1.6842918e-06
9523,0,1.110257e-07
9524,0,5.8172598e-05
9525,0,1.8414945e-06
9526,0,2.5939711e-05
9527,0,1.6807067e-05
9528,0,0.00017329842
9529,0,1.0283718e-06
9530,0,5.24732e-07
9531,0,6.551462e-06
9532,0,9.535107e-05
9533,0,5.911355e-06
9534,0,1.4136361e-05
9535,0,0.00011575278
9536,0,6.128355e-05
9537,0,2.403903e-06
9538,0,8.864234e-06
9539,0,2.7441503e-05
9540,0,3.9613384e-05
9541,0,1.2626286e-06
9542,0,8.703519e-06
9543,0,0.0004495654
9544,0,3.131029e-06
9545,0,2.064934e-06
9546,0,2.5597853e-06
9547,0,0.0012719362
9548,0,8.35711e-06
9549,0,1.6162885e-05
9550,0,0.00051231234
9551,0,6.3928615e-05
9552,0,2.9020744e-05
9553,0,5.3581847e-05
9554,0,6.6533557e-06
9555,0,5.839902e-07
9556,0,3.3192434e-06
9557,0,7.986013e-05
9558,0,5.006998e-06
9559,0,0.00025514382
9560,0,1.0103729e-06
9561,0,5.3452113e-06
9562,0,0.000102931976
9563,0,3.778771e-05
9564,0,0.00019126291
9565,0,2.589947e-05
9566,0,3.688294e-05
9567,0,6.0636194e-05
9568,0,0.00017328652
9569,0,2.2104796e-06
9570,0,2.7805532e-05
9571,0,3.845698e-06
9572,0,7.1108654e-05
9573,0,4.5717468e-07
9574,0,5.8271785e-06
9575,0,0.0001326438
9576,0,3.7240636e-06
9577,0,1.1113285e-06
9578,0,3.6134745e-07
9579,0,1.8750765e-05
9580,0,5.402625e-06
9581,0,0.0002472001
9582,0,2.5486897e-06
9583,0,0.00039066773
9584,0,1.4347448e-05
9585,0,0.0003805863
9586,0,1.3375665e-05
9587,0,0.0013326819
9588,0,0.00010043539
9589,0,6.0223872e-05
9590,0,5.0329754e-07
9591,0,1.2364299e-05
9592,0,3.275312e-06
9593,0,1.8844034e-05
9594,0,0.0003635261
9595,0,1.2891293e-05
9596,0,2.011621e-06
9597,0,3.120837e-05
9598,0,6.3415064e-05
9599,0,0.00045877098
9600,0,1.5521339e-06
9601,0,0.00011427201
9602,0,9.6527096e-05
9603,0,1.2510573e-06
9604,0,1.6388189e-05
9605,0,0.0003497002
9606,0,6.9247176e-06
9607,0,7.2880903e-06
9608,0,2.5675797e-06
9609,0,0.00052455935
9610,0,2.767738e-05
9611,0,3.1396554e-05
9612,0,5.7656316e-06
9613,0,0.003275116
9614,0,8.279132e-06
9615,0,1.7443903e-05
9616,0,0.002250575
9617,0,1.9857649e-05
9618,0,0.00023648393
9619,0,5.8049744e-05
9620,0,1.0599371e-05
9621,0,6.833328e-05
9622,0,2.2901502e-05
9623,0,5.7360046e-07
9624,0,4.1779174e-05
9625,0,1.7366087e-06
9626,0,3.655365e-05
9627,0,7.7921846e-05
9628,0,1.0592086e-05
9629,0,3.1276312e-07
9630,0,7.7058685e-05
9631,0,1.9583322e-06
9632,0,0.0069536925
9633,0,1.304841e-06
9634,0,2.6638045e-07
9635,0,1.8609053e-06
9636,0,3.521904e-06
9637,0,8.801235e-06
9638,0,2.6732545e-05
9639,0,0.00016613698
9640,0,3.2851272e-05
9641,0,8.622975e-06
9642,0,9.343778e-06
9643,0,1.5699597e-06
9644,0,0.00048224535
9645,0,0.00015780781
9646,0,3.9625356e-06
9647,0,3.1627977e-05
9648,0,7.0516912e-06
9649,0,8.544623e-07
9650,0,1.0464004e-05
9651,0,7.655079e-07
9652,0,6.12664e-07
9653,0,0.0003831358
9654,0,5.4415163e-05
9655,0,1.1064934e-06
9656,0,1.2092326e-05
9657,0,4.9655523e-07
9658,0,3.7524808e-06
9659,0,1.272159e-06
9660,0,9.775822e-07
9661,0,8.2295804e-07
9662,0,0.0007165041
9663,0,1.6621276e-05
9664,0,4.327618e-05
9665,0,0.0013521899
9666,0,4.3684545e-06
9667,0,1.3610501e-06
9668,0,1.2328459e-05
9669,0,0.00021460599
9670,0,5.7771464e-05
9671,0,1.2197421e-05
9672,0,0.00010975467
9673,0,6.30437e-05
9674,0,8.276886e-05
9675,0,2.4134075e-05
9676,0,3.863906e-06
9677,0,6.066498e-06
9678,0,0.019303631
9679,0,1.2005972e-05
9680,0,3.435392e-06
9681,0,1.22323445e-05
9682,0,3.956853e-05
9683,0,1.9560723e-07
9684,0,5.789092e-06
9685,0,7.8754306e-07
9686,0,4.4279814e-06
9687,0,3.054473e-05
9688,0,6.0619986e-06
9689,0,6.977522e-05
9690,0,2.5306088e-05
9691,0,8.557952e-06
9692,0,0.00018119389
9693,0,1.4441116e-08
9694,0,0.0010011423
9695,0,0.008897152
9696,0,0.000113908965
9697,0,6.102567e-06
9698,0,6.5739305e-06
9699,0,3.7990608e-07
9700,0,6.991753e-06
9701,0,3.774568e-05
9702,0,9.513657e-06
9703,0,2.2915026e-05
9704,0,3.2222215e-06
9705,0,9.399309e-07
9706,0,5.0973176e-05
9707,0,1.5452557e-05
9708,0,2.304975e-05
9709,0,2.8988873e-06
9710,0,6.166746e-06
9711,0,2.1137383e-05
9712,0,9.110761e-05
9713,0,4.2024504e-07
9714,0,3.239439e-06
9715,0,1.5184146e-05
9716,0,4.9686856e-05
9717,0,0.00016946036
9718,0,0.0021816231
9719,0,9.97023e-07
9720,0,2.2606102e-07
9721,0,6.753329e-05
9722,0,0.00015856982
9723,0,2.6462161e-05
9724,0,1.979788e-06
9725,0,2.4905066e-07
9726,0,3.2095162e-05
9727,0,0.00061178737
9728,0,9.002862e-06
9729,0,3.9217825e-06
9730,0,3.6449226e-05
9731,0,1.392235e-05
9732,0,8.728798e-05
9733,0,0.059119567
9734,0,6.512296e-07
9735,0,4.023975e-05
9736,0,1.0462159e-05
9737,0,2.5833806e-05
9738,0,8.560066e-06
9739,0,4.9596024e-06
9740,0,1.6605704e-06
9741,0,0.00012382137
9742,0,0.000519464
9743,0,3.2589512e-06
9744,0,6.147266e-05
9745,0,8.02399e-05
9746,0,4.762477e-07
9747,0,0.00017860648
9748,0,5.9048074e-05
9749,0,8.659887e-06
9750,0,0.00043444367
9751,0,2.2403542e-07
9752,0,1.1284202e-05
9753,0,6.4348937e-06
9754,0,0.00039139687
9755,0,1.9392196e-06
9756,0,4.7210957e-05
9757,0,3.2073378e-05
9758,0,2.7996788e-05
9759,0,0.00019511094
9760,0,2.938919e-06
9761,1,0.97450817
9762,0,3.37069e-05
9763,0,3.045866e-05
9764,0,3.1661543e-06
9765,0,2.5770562e-06
9766,0,3.1512104e-06
9767,0,0.00010812315
9768,0,2.7064864e-06
9769,0,6.0618502e-05
9770,0,0.0001124713
9771,0,2.9519413e-06
9772,0,0.00023798899
9773,0,8.617607e-06
9774,0,0.00019912694
9775,0,2.1327169e-05
9776,0,7.3621834e-07
9777,0,2.9473329e-05
9778,0,1.0328347e-05
9779,0,8.785092e-06
9780,0,2.2459906e-08
9781,0,0.00011126908
9782,0,6.364859e-06
9783,0,3.6780166e-05
9784,0,9.3812724e-07
9785,0,1.9141473e-05
9786,0,8.5247186e-05
9787,0,4.434602e-07
9788,0,1.9986524e-06
9789,0,2.8928012e-05
9790,0,5.2143887e-06
9791,0,3.1405565e-05
9792,0,0.0015355796
9793,0,1.4800598e-06
9794,0,5.105578e-07
9795,0,5.922014e-06
9796,0,9.211998e-06
9797,0,1.2168884e-06
9798,0,3.9857605e-05
9799,0,8.072522e-06
9800,0,0.00011299557
9801,0,0.0002208726
9802,0,9.567574e-06
9803,0,0.005066275
9804,0,4.589878e-05
9805,0,0.00020983788
9806,0,6.979186e-05
9807,0,2.5428892e-07
9808,0,3.3930867e-06
9809,0,0.00021810725
9810,0,1.798839e-05
9811,0,0.00052460836
9812,0,1.4384714e-05
9813,0,3.2802745e-05
9814,0,0.0021839922
9815,0,5.7008616e-08
9816,0,3.317858e-05
9817,0,1.6102816e-06
9818,0,1.6814671e-06
9819,0,3.617145e-05
9820,0,3.47152e-05
9821,0,5.3189335e-05
9822,0,4.3710603e-05
9823,0,1.1875923e-06
9824,0,6.031839e-06
9825,0,1.3591261e-05
9826,0,7.1748957e-07
9827,0,2.9674271e-05
9828,0,3.5414225e-05
9829,0,6.1897244e-06
9830,0,0.00020762715
9831,0,9.738122e-06
9832,0,1.011092e-06
9833,0,3.6324825e-05
9834,0,2.208441e-07
9835,0,0.00018532944
9836,0,0.0015455061
9837,0,9.75769e-06
9838,0,7.8321245e-06
9839,0,6.0246125e-06
9840,0,0.0010065828
9841,0,9.673305e-05
9842,0,4.9679416e-05
9843,0,1.6172348e-07
9844,0,1.50277865e-05
9845,0,9.115763e-06
9846,0,1.0971586e-05
9847,0,5.837401e-06
9848,0,4.2460596e-07
9849,0,4.1050644e-06
9850,0,1.5252227e-05
9851,0,2.0113891e-08
9852,0,5.3292947e-06
9853,0,0.00013592755
9854,0,4.1471343e-05
9855,0,4.0220357e-06
9856,0,3.3108256e-05
9857,0,0.0010348808
9858,0,8.415301e-06
9859,0,0.00013464208
9860,0,0.00026355148
9861,0,6.569236e-06
9862,0,5.818837e-06
9863,0,2.855733e-06
9864,0,2.1789361e-05
9865,0,8.13094e-05
9866,0,9.125992e-06
9867,0,2.8282532e-06
9868,0,0.0006343778
9869,0,8.8871864e-05
9870,0,9.2202004e-07
9871,0,1.1751408e-06
9872,0,4.5775196e-06
9873,0,1.6437854e-05
9874,0,4.0329145e-05
9875,0,8.745859e-07
9876,0,9.152524e-05
9877,0,1.528617e-05
9878,0,0.00017005505
9879,0,0.0003400025
9880,0,7.444098e-06
9881,0,2.911366e-06
9882,0,0.0019887905
9883,0,1.7419949e-05
9884,0,9.842158e-06
9885,0,1.4196423e-06
9886,0,2.1153705e-06
9887,0,2.5508356e-05
9888,0,7.798562e-06
9889,0,1.1087286e-06
9890,0,2.7029782e-06
9891,0,6.070203e-07
9892,0,9.403472e-05
9893,0,7.698383e-07
9894,0,0.00069183914
9895,0,1.9360084e-05
9896,0,7.370153e-06
9897,0,6.2208396e-06
9898,0,8.323005e-06
9899,0,0.0009681313
9900,0,1.5234463e-05
9901,0,6.83613e-08
9902,0,9.472215e-07
9903,0,0.00043760525
9904,0,6.594792e-05
9905,0,6.218082e-06
9906,0,3.3377273e-05
9907,0,5.8146934e-06
9908,0,7.799091e-06
9909,0,0.00010975383
9910,0,0.0001713639
9911,0,4.1338117e-05
9912,0,8.513621e-06
9913,0,0.00012036272
9914,0,5.856388e-06
9915,0,0.00017855353
9916,0,7.4250005e-07
9917,0,1.1277382e-05
9918,0,8.973855e-06
9919,0,1.3905982e-07
9920,0,8.188941e-05
9921,0,1.4598477e-05
9922,0,3.5994456e-06
9923,0,2.4764508e-05
9924,0,2.845156e-06
9925,0,2.1353564e-05
9926,0,0.00031374567
9927,0,2.8084366e-07
9928,0,2.7033596e-07
9929,0,1.0105869e-05
9930,0,3.1370604e-05
9931,0,1.216465e-05
9932,0,1.7194967e-05
9933,0,6.9906e-08
9934,0,1.2450474e-07
9935,0,0.002266177
9936,0,7.994105e-05
9937,0,0.00017040272
9938,0,1.2197852e-05
9939,0,0.0002231662
9940,0,2.405203e-06
9941,0,3.5618257e-05
9942,0,3.7114169e-06
9943,0,1.8779683e-05
9944,0,7.360783e-06
9945,0,6.6436034e-05
9946,0,3.1495338e-06
9947,0,3.2087544e-05
9948,0,1.2439796e-06
9949,0,8.923028e-06
9950,0,9.341765e-06
9951,0,1.9870567e-05
9952,0,2.2144252e-06
9953,0,3.534661e-05
9954,0,6.415311e-05
9955,0,6.516138e-05
9956,0,0.00030075136
9957,0,3.7012815e-05
9958,0,6.548811e-07
9959,0,6.347456e-06
9960,0,9.142736e-05
9961,0,5.5396453e-05
9962,0,2.8772978e-05
9963,0,1.043417e-05
9964,0,2.6959788e-05
9965,0,3.0826957e-06
9966,0,0.0070447
9967,0,2.2055958e-05
9968,0,7.689081e-06
9969,0,6.8522586e-06
9970,0,2.8031893e-05
9971,0,0.00067606894
9972,0,3.0146884e-07
9973,0,0.00013146595
9974,0,2.002815e-05
9975,0,0.000104642415
9976,0,1.7151631e-05
9977,0,2.1197366e-06
9978,0,6.35214e-05
9979,0,4.102251e-06
9980,0,3.199351e-06
9981,0,3.669955e-05
9982,0,5.514253e-07
9983,0,0.0019165203
9984,0,2.1987111e-07
9985,0,2.7922746e-05
9986,0,0.0063918605
9987,0,1.1066307e-05
9988,0,6.0839666e-06
9989,0,8.611355e-06
9990,0,2.0010841e-08
9991,0,6.95643e-08
9992,0,5.0883787e-06
9993,0,8.529435e-06
9994,0,5.0332204e-07
9995,0,5.3555796e-06
9996,0,2.1303953e-05
9997,0,3.4279174e-06
9998,0,2.2656033e-05
9999,0,2.1796073e-05
10000,0,0.0001441221
10001,0,1.0328308e-05
10002,0,0.00034405605
10003,0,2.5437482e-06
10004,0,0.0025557883
10005,0,9.8067885e-06
10006,0,1.4797754e-05
10007,0,0.00017673166
10008,0,3.4023863e-06
10009,0,0.00013493434
10010,0,4.4121107e-06
10011,0,3.0784945e-06
10012,0,8.659887e-06
10013,0,6.7518033e-07
10014,0,1.597636e-07
10015,0,0.0003235614
10016,0,3.7829327e-07
10017,0,1.1412336e-07
10018,0,0.00016455518
10019,0,2.588046e-05
10020,0,1.9673098e-06
10021,0,9.460227e-07
10022,0,2.2530312e-05
10023,0,4.5556008e-06
10024,0,0.00012938632
10025,0,0.00012468202
10026,0,5.7605597e-05
10027,0,0.0016167886
10028,0,0.0002516187
10029,0,2.2003605e-05
10030,0,5.3950153e-06
10031,0,4.724293e-05
10032,0,2.1533253e-05
10033,0,4.644065e-06
10034,0,0.00014752922
10035,0,1.3049273e-05
10036,0,3.7234506e-05
10037,0,6.24297e-05
10038,0,0.061604347
10039,0,3.7888353e-06
10040,0,5.4108165e-07
10041,0,0.0003005734
10042,0,3.3737394e-06
10043,0,1.0982397e-06
10044,0,3.4669447e-05
10045,0,3.5258363e-06
10046,0,1.3759342e-07
10047,0,8.1673854e-05
10048,0,0.00016199097
10049,0,6.0060935e-05
10050,0,1.2481603e-06
10051,0,0.000117288844
10052,0,8.731195e-06
10053,0,0.0041848305
10054,0,4.2411506e-07
10055,0,4.4896424e-05
10056,0,0.00015693656
10057,0,4.1614596e-05
10058,0,0.000244927
10059,0,5.5297e-06
10060,0,5.2425763e-05
10061,0,0.00018868875
10062,0,2.1157841e-06
10063,0,9.493581e-05
10064,0,1.7427325e-05
10065,0,9.972108e-05
10066,0,0.0004951351
10067,0,1.0364868e-06
10068,0,9.705058e-07
10069,0,1.9991854e-05
10070,0,0.00012761027
10071,0,2.0486184e-06
10072,0,5.7682055e-06
10073,0,8.875027e-06
10074,0,3.7134683e-05
10075,0,5.311073e-07
10076,0,8.149192e-06
10077,0,4.177316e-05
10078,0,8.285704e-06
10079,0,1.3381407e-06
10080,0,1.9422738e-05
10081,0,0.00025405778
10082,0,6.50242e-05
10083,0,0.0001942378
10084,0,0.0009454961
10085,0,9.060605e-06
10086,0,2.8755683e-06
10087,0,3.5888988e-06
10088,0,3.185658e-07
10089,0,0.00031201437
10090,0,0.00018915784
10091,0,5.3132485e-06
10092,0,0.00046197936
10093,0,1.5014363e-05
10094,0,1.861159e-05
10095,0,1.7997253e-06
10096,0,0.00027990257
10097,0,5.174491e-06
10098,0,3.0653628e-05
10099,0,6.5067e-05
10100,0,9.927602e-06
10101,0,7.0768606e-06
10102,0,1.38733385e-05
10103,0,1.3554517e-06
10104,0,6.4381416e-06
10105,0,2.3676095e-05
10106,0,6.36329e-07
10107,0,2.632793e-06
10108,0,1.2441277e-05
10109,0,7.1130745e-07
10110,0,0.00013952587
10111,0,6.47802e-06
10112,0,5.2789626e-05
10113,0,0.00028921574
10114,0,1.7951329e-06
10115,0,2.3238047e-06
10116,0,3.698358e-06
10117,0,3.1737152e-06
10118,0,3.6690103e-06
10119,0,0.00022705873
10120,0,9.329087e-06
10121,0,6.2864065e-06
10122,0,2.346419e-06
10123,0,2.684221e-07
10124,0,1.2876361e-06
10125,0,3.9703395e-06
10126,0,0.00064344914
10127,0,6.096135e-07
10128,0,4.9444993e-06
10129,0,2.2651031e-07
10130,0,4.7546354e-07
10131,0,0.0006094112
10132,0,3.8491288e-07
10133,0,0.00013960306
10134,0,8.353482e-05
10135,0,1.1400799e-06
10136,0,5.59588e-06
10137,0,2.2222252e-06
10138,0,1.9498455e-06
10139,0,0.0004465594
10140,0,2.3629646e-06
10141,0,7.349549e-07
10142,0,3.1466454e-05
10143,0,1.1969092e-05
10144,0,2.1081628e-06
10145,0,1.6988777e-05
10146,0,1.7588714e-05
10147,0,7.9775856e-07
10148,0,6.38014e-07
10149,0,3.2100517e-05
10150,0,5.9166272e-05
10151,0,3.2335083e-07
10152,0,0.00074704917
10153,0,0.00014668073
10154,0,1.3649184e-06
10155,0,1.8865472e-06
10156,0,2.4351657e-06
10157,0,2.0066042e-05
10158,0,2.1790089e-05
10159,0,4.3951277e-06
10160,0,4.874007e-06
10161,0,5.295119e-06
10162,0,2.6286529e-05
10163,0,0.00029203587
10164,0,3.12503e-06
10165,0,5.602159e-06
10166,0,1.80833e-05
10167,0,1.6341977e-05
10168,0,4.7901958e-05
10169,0,5.8884267e-05
10170,0,5.260957e-06
10171,0,2.0949805e-05
10172,0,7.539629e-06
10173,0,2.2186912e-06
10174,0,3.828218e-06
10175,0,7.653753e-06
10176,0,5.716159e-05
10177,0,5.0733242e-06
10178,0,0.00024839226
10179,0,4.1562466e-06
10180,0,0.0001840606
10181,0,3.7141078e-07
10182,0,1.1908135e-05
10183,0,0.0011825394
10184,0,0.00016299264
10185,0,0.00013500372
10186,0,3.163705e-07
10187,0,1.244035e-07
10188,0,0.00036346377
10189,0,1.5187996e-06
10190,0,6.213037e-05
10191,0,8.6602796e-07
10192,0,4.082199e-05
10193,0,1.6654728e-07
10194,0,4.6757574e-05
10195,0,2.8983347e-06
10196,0,1.217455e-05
10197,0,3.7569534e-05
10198,0,0.014308158
10199,0,2.9146884e-08
10200,0,5.775301e-06
10201,0,4.8558013e-06
10202,0,4.22654e-06
10203,0,1.1847477e-05
10204,0,7.879721e-06
10205,0,1.6263015e-05
10206,0,1.7386074e-05
10207,0,0.00034862637
10208,0,1.848538e-05
10209,0,5.573596e-06
10210,0,2.0996254e-06
10211,0,2.0980975e-05
10212,0,0.0013120477
10213,0,8.580196e-06
10214,0,3.311697e-05
10215,0,1.189863e-06
10216,0,0.00026993122
10217,0,3.5049885e-05
10218,0,4.829924e-05
10219,0,1.5057869e-05
10220,0,0.0007793568
10221,0,6.928529e-06
10222,0,1.3744493e-05
10223,0,3.9713468e-05
10224,0,1.0274276e-05
10225,0,0.0004135565
10226,0,2.8445067e-05
10227,0,0.0038250159
10228,0,0.00084864907
10229,0,4.4508455e-05
10230,0,1.0464657e-06
10231,0,2.8229042e-05
10232,0,0.00027210455
10233,0,5.111619e-05
10234,0,1.4871518e-05
10235,0,0.00017706784
10236,0,3.7933114e-06
10237,0,2.6297937e-05
10238,0,2.1482652e-05
10239,0,0.0004225403
10240,0,6.494818e-07
10241,0,2.2093473e-05
10242,0,4.0531245e-06
10243,0,2.2553224e-06
10244,0,4.1601976e-05
10245,0,4.2890347e-06
10246,0,8.435508e-05
10247,0,7.983712e-06
10248,0,5.172651e-06
10249,0,8.8412366e-05
10250,0,3.6387672e-07
10251,0,0.00013437119
10252,0,0.00019926918
10253,0,0.00013796936
10254,0,5.8289486e-05
10255,0,2.5872512e-05
10256,0,1.2420673e-05
10257,0,5.377992e-06
10258,0,4.9385526e-06
10259,0,0.00029940874
10260,0,1.978593e-05
10261,0,4.0364757e-06
10262,0,3.9222996e-07
10263,0,1.299649e-05
10264,0,3.0272719e-05
10265,0,6.096135e-07
10266,0,1.4214647e-05
10267,0,8.981792e-06
10268,0,0.0007706405
10269,0,5.0436076e-05
10270,0,3.00343e-06
10271,0,8.495366e-05
10272,0,0.00077035226
10273,0,2.2238715e-05
10274,0,3.9242615e-05
10275,0,1.4282493e-06
10276,0,2.2321774e-05
10277,0,4.7877802e-05
10278,0,9.633565e-05
10279,0,1.1598722e-05
10280,0,4.435864e-06
10281,0,5.9708634e-07
10282,0,0.00038317745
10283,0,5.0288924e-07
10284,0,4.9685295e-05
10285,0,7.505155e-07
10286,0,5.8958835e-06
10287,0,0.0001314009
10288,0,0.00016993737
10289,0,9.7134125e-06
10290,0,2.2382387e-06
10291,0,2.055466e-05
10292,0,2.479239e-05
10293,0,5.500392e-07
10294,0,5.488693e-06
10295,0,9.470234e-06
10296,0,6.762338e-05
10297,0,6.802131e-06
10298,0,1.1749665e-05
10299,0,2.3474934e-06
10300,0,7.1445165e-06
10301,0,7.5199154e-08
10302,0,3.173841e-05
10303,0,1.0085957e-06
10304,0,7.474893e-06
10305,0,2.5838483e-06
10306,0,0.0028282457
10307,0,0.00020083043
10308,0,7.712176e-05
10309,0,1.3480008e-06
10310,0,3.4561206e-05
10311,0,6.9935863e-06
10312,0,8.73406e-05
10313,0,1.5689011e-05
10314,0,0.0001328291
10315,0,1.8873355e-06
10316,0,0.00014080519
10317,0,0.00014599811
10318,0,2.0984857e-05
10319,0,2.2667095e-06
10320,0,1.2724234e-06
10321,0,6.1497435e-06
10322,0,7.532557e-06
10323,0,9.982219e-06
10324,0,6.908375e-05
10325,0,0.000109942586
10326,0,1.2298222e-05
10327,0,5.4709662e-06
10328,0,7.467932e-05
10329,0,0.0010549959
10330,0,1.0247591e-05
10331,0,1.3237029e-06
10332,0,9.483022e-05
10333,0,0.00029271518
10334,0,0.00059457513
10335,0,1.5892016e-05
10336,0,1.8200584e-05
10337,0,8.11383e-05
10338,0,0.0014399841
10339,0,7.031613e-07
10340,0,1.12411535e-05
10341,0,0.00046420709
10342,0,1.0931499e-06
10343,0,4.4980377e-05
10344,0,4.427617e-05
10345,0,2.4146213e-06
10346,0,8.9559435e-06
10347,0,4.0107578e-05
10348,0,2.2618826e-07
10349,0,1.0243557e-06
10350,0,1.3707789e-05
10351,0,1.1660525e-06
10352,0,2.1596189e-07
10353,0,7.65769e-05
10354,0,4.1184543e-05
10355,0,4.481011e-05
10356,0,2.5720278e-06
10357,0,0.0002202438
10358,0,0.0029549778
10359,0,4.8352337e-07
10360,0,1.6398177e-06
10361,0,6.032575e-06
10362,0,2.1443327e-06
10363,0,1.51568e-06
10364,0,2.929223e-05
10365,0,0.0013367331
10366,0,0.0003797502
10367,0,6.8063156e-07
10368,0,0.0006968327
10369,0,2.8801437e-06
10370,0,7.694524e-05
10371,0,5.7192033e-06
10372,0,4.7426524e-06
10373,0,6.40476e-06
10374,0,4.120607e-05
10375,0,7.159906e-07
10376,0,8.011703e-06
10377,0,5.802534e-07
10378,0,2.4964635e-05
10379,0,1.2142299e-07
10380,0,0.00015099802
10381,0,0.00012844788
10382,0,8.043928e-06
10383,0,6.5461404e-06
10384,0,0.00016207239
10385,0,5.5513377e-05
10386,0,9.739914e-06
10387,0,4.3538206e-05
10388,0,3.4476572e-05
10389,0,1.5791851e-05
10390,0,4.169078e-05
10391,0,2.4370049e-05
10392,0,1.3583603e-07
10393,0,0.0005585846
10394,0,4.3410724e-05
10395,0,1.9300873e-05
10396,0,4.160879e-06
10397,0,6.010649e-05
10398,0,1.2772136e-06
10399,0,7.560619e-05
10400,0,8.360461e-07
10401,0,0.00055283343
10402,0,1.7156637e-05
10403,0,0.0021081464
10404,0,3.5053781e-06
10405,0,1.0333788e-06
10406,0,3.6564183e-05
10407,0,2.3753417e-05
10408,0,1.4635962e-05
10409,0,5.8661755e-07
10410,0,8.160923e-08
10411,0,0.00011401644
10412,0,2.6704289e-05
10413,0,4.05895e-08
10414,0,1.129693e-06
10415,0,1.5114493e-06
10416,0,0.00044073624
10417,0,8.847318e-06
10418,0,2.4399174e-06
10419,0,1.0034474e-06
10420,0,3.9199545e-06
10421,0,1.6020545e-06
10422,0,2.4006747e-06
10423,0,0.00012337787
10424,0,0.00013002264
10425,0,0.00050446193
10426,0,1.254375e-06
10427,0,0.00018035788
10428,0,2.5556346e-05
10429,0,0.0020323135
10430,0,4.791136e-06
10431,0,4.1935773e-06
10432,0,4.9442206e-05
10433,0,0.015437751
10434,0,4.391994e-05
10435,0,0.00045998459
10436,0,4.781509e-08
10437,0,2.5480664e-05
10438,0,9.710929e-05
10439,0,0.00030574453
10440,0,2.6242349e-06
10441,0,4.6081577e-06
10442,0,1.7286366e-05
10443,0,4.250212e-07
10444,0,2.1832146e-05
10445,0,7.259607e-06
10446,0,0.00020136365
10447,0,5.7178484e-05
10448,0,1.4558758e-07
10449,0,3.082046e-06
10450,0,1.2711555e-05
10451,0,3.9457896e-05
10452,0,1.5353551e-06
10453,0,4.0973275e-05
10454,0,1.2924686e-06
10455,0,0.002515284
10456,0,4.0314688e-05
10457,0,1.6017833e-05
10458,0,0.00093647547
10459,0,0.00083206716
10460,0,3.6560102e-06
10461,0,2.3009317e-05
10462,0,0.00014343961
10463,0,1.4851513e-06
10464,0,1.515559e-05
10465,0,0.00014366588
10466,0,1.43704265e-05
10467,0,1.8898978e-05
10468,0,0.002472248
10469,0,7.096543e-08
10470,0,4.9375075e-07
10471,0,4.290806e-06
10472,0,0.00034646445
10473,0,6.6400506e-05
10474,0,7.703973e-05
10475,0,0.00035191048
10476,0,0.000104068444
10477,0,1.6321573e-06
10478,0,1.0091528e-06
10479,0,2.2866387e-05
10480,0,8.236206e-06
10481,0,1.2453565e-06
10482,0,5.032984e-06
10483,0,7.293008e-07
10484,0,2.4084504e-05
10485,0,6.038377e-06
10486,0,0.0003034339
10487,0,5.9228105e-06
10488,0,1.4243849e-05
10489,0,4.1584764e-05
10490,0,8.793449e-06
10491,0,8.261529e-06
10492,0,4.074972e-05
10493,0,1.4835856e-06
10494,0,8.3961453e-07
10495,0,3.5563065e-07
10496,0,5.013813e-05
10497,0,2.7265042e-07
10498,0,0.00016136123
10499,0,1.14615e-06
10500,0,7.630155e-06
10501,0,1.3770104e-05
10502,0,1.6036535e-06
10503,0,8.358476e-07
10504,0,3.525363e-05
10505,0,1.4613539e-06
10506,0,0.00025310955
10507,0,4.084999e-05
10508,0,4.8785525e-05
10509,0,4.7499535e-07
10510,0,0.0012834681
10511,0,7.582504e-05
10512,0,2.0957147e-08
10513,0,2.2402098e-06
10514,0,2.2192573e-05
10515,0,1.7469474e-05
10516,0,4.1114595e-07
10517,0,0.018383963
10518,0,1.7236043e-05
10519,0,3.82412e-06
10520,0,1.834368e-05
10521,0,1.1508828e-06
10522,0,1.723154e-05
10523,0,4.79396e-06
10524,0,0.00015664831
10525,0,0.002184493
10526,0,7.2060575e-05
10527,0,3.3026172e-05
10528,0,0.00013769402
10529,0,7.0749655e-07
10530,0,5.1312185e-05
10531,0,5.7910966e-06
10532,0,6.634613e-05
10533,0,4.1756743e-06
10534,0,3.0681253e-08
10535,0,6.097983e-06
10536,0,1.4206311e-06
10537,0,1.4897664e-05
10538,0,9.979015e-05
10539,0,3.7984908e-05
10540,0,0.00016962217
10541,0,2.1018966e-05
10542,0,2.3088689e-05
10543,0,2.6139738e-05
10544,0,8.0062655e-06
10545,0,2.6299424e-06
10546,0,0.00021200701
10547,0,1.3786805e-05
10548,0,4.4227432e-05
10549,0,2.1000378e-06
10550,0,4.162804e-06
10551,0,4.7506965e-06
10552,0,1.552831e-05
10553,0,0.00023327327
10554,0,6.155664e-06
10555,0,2.412197e-07
10556,0,3.846354e-08
10557,0,2.927983e-05
10558,0,2.8389031e-06
10559,0,6.6305525e-05
10560,0,1.9657586e-05
10561,0,4.629247e-05
10562,0,2.216333e-06
10563,0,0.0014497407
10564,0,2.7850196e-05
10565,0,1.8784416e-06
10566,0,3.9366935e-07
10567,0,4.4550794e-05
10568,0,0.00019354119
10569,0,2.0356713e-06
10570,0,6.232649e-05
10571,0,2.2979055e-05
10572,0,3.9983235e-05
10573,0,9.4811134e-05
10574,0,2.580699e-05
10575,0,0.0002746536
10576,0,0.000100661484
10577,0,3.0717747e-05
10578,0,1.0727657e-05
10579,0,6.648452e-07
10580,0,4.8212173e-06
10581,0,6.397849e-06
10582,0,6.504597e-05
10583,0,9.02426e-05
10584,0,6.2048544e-05
10585,0,5.1382056e-05
10586,0,1.0723116e-05
10587,0,4.6756188e-05
10588,0,0.00019334217
10589,0,0.0015617678
10590,0,2.7343393e-07
10591,0,2.3464638e-06
10592,0,4.416089e-06
10593,0,2.0420865e-05
10594,0,9.364049e-07
10595,0,4.0744044e-06
10596,0,0.0008001599
10597,0,0.00014652417
10598,0,3.2064694e-05
10599,0,4.7373005e-06
10600,0,1.6686967e-05
10601,0,3.9227775e-06
10602,0,0.0003971287
10603,0,1.4994711e-06
10604,0,3.612908e-05
10605,0,4.3098703e-07
10606,0,5.4831147e-05
10607,0,5.682408e-05
10608,0,6.4340014e-07
10609,0,9.0678055e-05
10610,0,6.7277015e-06
10611,0,3.0703777e-05
10612,0,2.4678457e-05
10613,0,4.6556925e-06
10614,0,0.0003652157
10615,0,9.840559e-05
10616,0,1.4624953e-05
10617,0,1.6406186e-06
10618,0,1.7619857e-05
10619,0,5.2057535e-06
10620,0,0.0006429146
10621,0,1.7998591e-06
10622,0,8.731361e-06
10623,0,5.114495e-06
10624,0,2.5427818e-05
10625,0,3.169898e-06
10626,0,0.0003055828
10627,0,0.0010909791
10628,0,0.004181491
10629,0,2.1119156e-06
10630,0,0.00029784968
10631,0,0.00053828955
10632,0,0.00015864514
10633,0,6.6460176e-05
10634,0,0.0015782726
10635,0,2.6976657e-05
10636,0,0.00014488352
10637,0,7.075262e-07
10638,0,6.231076e-06
10639,0,7.1401914e-06
10640,0,7.160964e-07
10641,0,1.4028681e-05
10642,0,7.2658963e-06
10643,0,0.00015886297
10644,0,6.969203e-05
10645,0,3.2014511e-06
10646,0,0.00028008278
10647,0,5.7394816e-05
10648,0,4.84161e-06
10649,0,6.450642e-06
10650,0,0.00051781285
10651,0,0.00014636916
10652,0,0.0056122793
10653,0,8.797517e-06
10654,0,2.376298e-05
10655,0,4.145792e-06
10656,0,2.416969e-06
10657,0,6.5061163e-06
10658,0,5.2323912e-06
10659,0,1.4986769e-05
10660,0,5.0953327e-06
10661,0,4.190648e-07
10662,0,9.1308766e-07
10663,0,1.5689011e-05
10664,0,2.2959122e-05
10665,0,1.2329542e-06
10666,0,3.2106725e-06
10667,0,0.0003795499
10668,0,1.1247726e-05
10669,0,2.4990052e-06
10670,0,1.6662287e-05
10671,0,1.1912611e-05
10672,0,0.0001893818
10673,0,0.21765983
10674,0,1.0479103e-05
10675,0,9.56508e-07
10676,0,2.5699173e-05
10677,0,0.0066788285
10678,0,2.56381e-05
10679,0,0.00028934042
10680,0,2.993062e-06
10681,0,0.0003622166
10682,0,1.8392115e-05
10683,0,5.5007014e-05
10684,0,4.4394783e-06
10685,0,4.590375e-08
10686,0,2.6681377e-05
10687,0,1.4720318e-06
10688,0,2.7965489e-05
10689,0,2.0137172e-06
10690,0,0.0006113103
10691,0,1.3531691e-05
10692,0,0.00026715276
10693,0,0.00027543952
10694,0,7.2323533e-06
10695,0,0.00025877947
10696,0,0.00080160337
10697,0,7.4075876e-07
10698,0,0.00019587015
10699,0,0.00018655864
10700,0,2.5401981e-05
10701,0,0.0012135018
10702,0,7.1837467e-06
10703,0,4.1886806e-06
10704,0,4.3202937e-07
10705,0,5.2396925e-05
10706,0,7.002238e-05
10707,0,3.7575767e-06
10708,0,4.7591384e-05
10709,0,6.3111365e-06
10710,0,2.8424973e-05
10711,0,0.00012740273
10712,0,1.6563632e-05
10713,0,6.3187064e-05
10714,0,2.1920958e-05
10715,0,8.630577e-06
10716,0,2.8252934e-06
10717,0,5.013176e-06
10718,0,1.4425692e-05
10719,0,1.4614231e-05
10720,0,2.1475764e-06
10721,0,3.3279666e-05
10722,0,0.00023640343
10723,0,0.00036039655
10724,0,2.991624e-06
10725,0,6.256916e-07
10726,0,2.0640737e-06
10727,0,2.2434326e-05
10728,0,1.573098e-06
10729,0,4.71718e-05
10730,0,3.2348053e-06
10731,0,7.105149e-07
10732,0,5.6159577e-05
10733,0,0.000317418
10734,0,7.20759e-05
10735,0,0.00043510203
10736,0,4.145926e-06
10737,0,0.00036494443
10738,0,5.6309966e-07
10739,0,9.460596e-07
10740,0,5.066603e-06
10741,0,0.00037522535
10742,0,2.1183685e-06
10743,0,9.927536e-06
10744,0,0.0008044519
10745,0,7.1141653e-06
10746,0,0.00017124515
10747,0,5.4995056e-05
10748,0,0.0016758721
10749,0,1.0277549e-05
10750,0,2.3583927e-05
10751,0,4.991715e-05
10752,0,2.1202673e-05
10753,0,0.00018812342
10754,0,3.7065004e-06
10755,0,9.943378e-06
10756,0,1.6568292e-05
10757,0,3.3900513e-05
10758,0,0.00010827099
10759,0,5.849892e-05
10760,0,2.4136152e-06
10761,0,2.3794362e-05
10762,0,1.5003343e-05
10763,0,1.5524964e-05
10764,0,6.2120416e-05
10765,0,1.0746159e-05
10766,0,2.838048e-06
10767,0,1.9337162e-06
10768,0,1.485803e-06
10769,0,0.00019742301
10770,0,3.7941763e-06
10771,0,1.6254593e-06
10772,0,2.0448824e-06
10773,0,2.975942e-06
10774,0,1.5513302e-05
10775,0,0.00019204119
10776,0,5.659267e-06
10777,0,1.7800086e-06
10778,0,0.00014848467
10779,0,2.6212781e-05
10780,0,0.0016079098
10781,0,2.324146e-06
10782,0,6.0039865e-06
10783,0,3.8817458e-07
10784,0,5.413257e-05
10785,0,3.616117e-05
10786,0,0.0003438693
10787,0,6.927492e-06
10788,0,3.5549133e-06
10789,0,4.546645e-05
10790,0,2.0291614e-05
10791,0,0.00013177733
10792,0,1.9037887e-05
10793,0,1.3761885e-05
10794,0,1.0483613e-05
10795,0,2.0783644e-05
10796,0,3.719937e-05
10797,0,0.0011226262
10798,0,0.0001184282
10799,0,3.1339758e-07
10800,0,1.8113928e-06
10801,0,1.1537406e-05
10802,0,2.8889244e-06
10803,0,1.4893872e-05
10804,0,1.8978037e-06
10805,0,1.6690566e-06
10806,0,4.852167e-08
10807,0,0.0003914954
10808,0,4.012303e-05
10809,0,3.5420808e-06
10810,0,9.118905e-08
10811,0,4.6630466e-06
10812,0,5.235696e-06
10813,0,9.848081e-06
10814,0,1.659043e-06
10815,0,3.7913474e-06
10816,0,2.8003142e-06
10817,0,1.6611946e-06
10818,0,5.0497874e-06
10819,0,1.5334339e-05
10820,0,1.1945829e-05
10821,0,1.4559117e-05
10822,0,1.2419476e-05
10823,0,2.454631e-05
10824,0,6.196133e-05
10825,0,3.4860823e-06
10826,0,2.0288433e-06
10827,0,2.775599e-05
10828,0,0.0028515374
10829,0,5.231409e-05
10830,0,1.8581955e-05
10831,0,5.4906354e-06
10832,0,7.5845505e-06
10833,0,4.173928e-08
10834,0,0.0004959456
10835,0,9.590892e-07
10836,0,3.2427588e-06
10837,0,7.701358e-05
10838,0,1.1222901e-05
10839,0,0.002335228
10840,0,2.9368593e-06
10841,0,1.1576172e-06
10842,0,0.0010972421
10843,0,3.6839006e-06
10844,0,4.2616577e-07
10845,0,0.00012640115
10846,0,6.390222e-05
10847,0,0.00037795902
10848,0,5.2445984e-07
10849,0,7.603864e-05
10850,0,8.156718e-06
10851,0,0.00038329288
10852,0,5.7552723e-05
10853,0,6.965131e-05
10854,0,3.258441e-05
10855,0,6.475691e-06
10856,0,1.2264969e-05
10857,0,1.8148847e-05
10858,0,6.308556e-05
10859,0,7.2108895e-05
10860,0,0.0009775893
10861,0,0.0004087252
10862,0,0.0007475181
10863,0,0.0001938012
10864,0,8.922423e-06
10865,0,9.474922e-06
10866,0,8.999119e-07
10867,0,1.3483041e-06
10868,0,2.458559e-06
10869,0,1.0983687e-05
10870,0,0.00010119293
10871,0,0.002793234
10872,0,7.241438e-07
10873,0,2.82998e-06
10874,0,4.726501e-07
10875,0,0.0002291066
10876,0,2.1273116e-05
10877,0,2.6001405e-07
10878,0,8.1720755e-05
10879,0,5.7563535e-05
10880,0,1.1531379e-05
10881,0,3.217324e-06
10882,0,0.00022156908
10883,0,0.0001228565
10884,0,8.443017e-05
10885,0,2.8293454e-05
10886,0,5.906599e-06
10887,0,4.309679e-06
10888,0,3.5524215e-07
10889,0,1.3812848e-05
10890,0,8.2132414e-07
10891,0,7.4399104e-06
10892,0,2.2789953e-05
10893,0,2.2781458e-05
10894,0,5.0792994e-07
10895,0,5.2060136e-07
10896,0,2.2778956e-06
10897,0,3.077256e-06
10898,0,2.2007087e-05
10899,0,2.8291595e-05
10900,0,2.5460563e-06
10901,0,0.0003122188
10902,0,2.07039e-06
10903,0,9.3659655e-06
10904,0,6.3240535e-05
10905,0,0.00018640787
10906,0,0.00017129398
10907,0,6.1361175e-06
10908,0,8.21602e-06
10909,0,1.1874217e-05
10910,0,5.3502758e-05
10911,0,8.756101e-05
10912,0,0.00018842985
10913,0,7.153509e-06
10914,0,8.691683e-06
10915,0,1.7797502e-05
10916,0,9.953785e-07
10917,0,1.127535e-05
10918,0,2.031202e-05
10919,0,1.4034364e-06
10920,0,1.32513405e-05
10921,0,0.0002942844
10922,0,7.5415454e-07
10923,0,0.002049489
10924,0,7.288192e-05
10925,0,0.00021246576
10926,0,0.00021086294
10927,0,5.928335e-05
10928,0,1.837765e-05
10929,0,1.7811135e-05
10930,0,2.0686673e-06
10931,0,2.8755794e-06
10932,0,5.277795e-05
10933,0,0.00014931824
10934,0,1.0562616e-06
10935,0,1.5134902e-06
10936,0,6.339892e-05
10937,0,0.0002117139
10938,0,1.749173e-05
10939,0,6.450868e-05
10940,0,1.0532912e-06
10941,0,6.753323e-05
10942,0,2.7526567e-06
10943,0,2.5158153e-05
10944,0,4.685808e-06
10945,0,3.4549278e-06
10946,0,0.0006354001
10947,0,4.6569226e-06
10948,0,9.883751e-06
10949,0,0.00022930787
10950,0,1.3693068e-06
10951,0,1.5305191e-06
10952,0,5.6764122e-05
10953,0,9.48636e-06
10954,0,0.000122057914
10955,0,0.00061541673
10956,0,1.15660264e-07
10957,0,0.0002811508
10958,0,7.582504e-05
10959,0,4.4243006e-06
10960,0,1.6029691e-05
10961,0,0.000523458
10962,0,2.3283878e-06
10963,0,3.3777334e-05
10964,0,0.00010976378
10965,0,5.6158824e-05
10966,0,9.919946e-06
10967,0,1.5222159e-06
10968,0,7.9775856e-07
10969,0,4.6947553e-05
10970,0,0.00011354373
10971,0,0.0006113589
10972,0,4.901187e-07
10973,0,2.5372765e-07
10974,0,6.1429455e-07
10975,0,2.7239383e-05
10976,0,1.7149761e-06
10977,0,1.5991945e-05
10978,0,1.1554687e-06
10979,0,1.2302174e-05
10980,0,5.553577e-06
10981,0,3.346505e-05
10982,0,2.325369e-05
10983,0,0.0002967904
10984,0,5.444391e-06
10985,0,1.0585189e-05
10986,0,1.4534854e-05
10987,0,0.0007074795
10988,0,0.0002648798
10989,0,0.0007055182
10990,0,9.694382e-07
10991,0,3.4114308e-07
10992,0,0.00018223937
10993,0,1.6196738e-05
10994,0,1.812484e-05
10995,0,2.0513773e-05
10996,0,0.00040122718
10997,0,4.7739388e-05
10998,0,1.5456714e-06
10999,0,9.497964e-06
11000,0,0.00021335777
11001,0,4.4026833e-06
11002,0,0.0001208796
11003,0,1.7217327e-06
11004,0,6.8491805e-05
11005,0,3.2436308e-06
11006,0,7.337713e-07
11007,0,4.491287e-05
11008,0,7.2997686e-06
11009,0,1.4172375e-05
11010,0,1.4792992e-06
11011,0,0.000117642354
11012,0,5.244556e-06
11013,0,1.6864216e-06
11014,0,0.00023309785
11015,0,3.2791563e-06
11016,0,1.7489678e-07
11017,0,7.727108e-06
11018,0,2.8424349e-05
11019,0,0.004388816
11020,0,6.9828675e-05
11021,0,3.108679e-05
11022,0,5.89499e-06
11023,0,1.415325e-05
11024,0,9.336492e-06
11025,0,3.5662135e-05
11026,0,5.4079683e-05
11027,0,0.00055308273
11028,0,6.4716204e-07
11029,0,2.251684e-06
11030,0,3.5869896e-06
11031,0,1.2101912e-05
11032,0,4.237979e-06
11033,0,1.36348945e-05
11034,0,5.520774e-06
11035,0,2.2700284e-05
11036,0,3.6690103e-06
11037,0,1.996185e-05
11038,0,4.6588928e-05
11039,0,7.778655e-07
11040,0,0.00037953453
11041,0,4.825969e-06
11042,0,4.153566e-05
11043,0,0.00029396752
11044,0,3.5938617e-06
11045,0,2.0433254e-05
11046,0,0.00017335443
11047,0,1.2902869e-05
11048,0,8.376751e-05
11049,0,1.4906448e-05
11050,0,8.132151e-06
11051,0,6.0481225e-06
11052,0,3.541499e-07
11053,0,6.9252135e-05
11054,0,2.4055219e-06
11055,0,0.0008081333
11056,0,8.803362e-05
11057,0,1.4253552e-05
11058,0,1.0331639e-06
11059,0,8.890806e-05
11060,0,9.7338845e-05
11061,0,0.0004215383
11062,0,0.00014244748
11063,0,0.00021930943
11064,0,1.5020561e-06
11065,0,2.8222608e-05
11066,0,8.379467e-07
11067,0,1.13601955e-05
11068,0,1.7794615e-05
11069,0,9.782978e-06
11070,0,8.102897e-06
11071,0,3.8365302e-05
11072,0,1.0798285e-05
11073,0,2.4178536e-05
11074,0,4.4483208e-05
11075,0,6.513796e-05
11076,0,0.00015825804
11077,0,1.6830356e-05
11078,0,2.1492185e-07
11079,0,1.3133469e-05
11080,0,5.054882e-07
11081,0,0.00020053975
11082,0,0.0003022527
11083,0,6.533885e-06
11084,0,3.6449226e-05
11085,0,0.00010937698
11086,0,5.913248e-05
11087,0,3.7044047e-06
11088,0,1.38526875e-05
11089,0,4.228056e-06
11090,0,6.081345e-05
11091,0,5.7188868e-06
11092,0,9.954551e-05
11093,0,1.1055172e-07
11094,0,1.9704077e-05
11095,0,9.913458e-06
11096,0,1.2037868e-08
11097,0,5.9565104e-05
11098,0,0.000106381274
11099,0,1.6395566e-05
11100,0,5.2691757e-05
11101,0,0.000114565504
11102,0,3.992658e-06
11103,0,0.00026261638
11104,0,9.859236e-06
11105,0,2.8093393e-05
11106,0,3.9167708e-06
11107,0,1.3879994e-05
11108,0,1.1313437e-06
11109,1,0.99957985
11110,0,1.629515e-05
11111,0,4.3732857e-06
11112,0,3.7068746e-06
11113,0,7.591692e-05
11114,0,0.00035572963
11115,0,9.862498e-07
11116,0,1.7192699e-06
11117,0,4.1744659e-07
11118,0,4.1391686e-05
11119,0,9.680576e-05
11120,0,5.668174e-06
11121,0,0.00027699777
11122,0,2.9071518e-05
11123,0,1.4033735e-06
11124,0,1.1780392e-06
11125,0,0.000100436446
11126,0,0.000113219365
11127,0,2.1614228e-06
11128,0,4.1907584e-05
11129,0,4.4074386e-06
11130,0,4.1503307e-07
11131,0,5.6586344e-07
11132,0,2.6100756e-07
11133,0,5.785703e-05
11134,0,2.3440145e-06
11135,0,1.0415995e-05
11136,0,9.846562e-08
11137,0,6.412338e-06
11138,0,0.0003153458
11139,0,1.6685646e-05
11140,0,7.1120153e-06
11141,0,7.9060953e-07
11142,0,2.664622e-08
11143,0,2.6559574e-05
11144,0,2.6116368e-05
11145,0,3.5604938e-07
11146,0,4.6030978e-06
11147,0,6.1138503e-06
11148,0,3.293669e-05
11149,0,7.3855404e-06
11150,0,1.8353392e-05
11151,0,5.9326467e-06
11152,0,2.1294874e-05
11153,0,2.0820602e-05
11154,0,2.6635863e-07
11155,0,1.6428731e-07
11156,0,2.7655024e-06
11157,0,4.9836362e-06
11158,0,0.0004344737
11159,0,2.0560974e-05
11160,0,1.9730712e-07
11161,0,0.0002947106
11162,0,0.00013684192
11163,0,0.000587713
11164,0,8.7515684e-05
11165,0,2.8241482e-05
11166,0,2.0060206e-05
11167,0,3.3994154e-06
11168,0,1.7184639e-05
11169,0,2.8793618e-05
11170,0,0.0007080609
11171,0,1.1481497e-06
11172,0,5.5619927e-07
11173,0,1.9678575e-05
11174,0,8.565023e-06
11175,0,2.4536434e-05
11176,0,2.387863e-05
11177,0,2.9092651e-05
11178,0,1.6424659e-06
11179,0,4.1569066e-07
11180,0,3.314544e-05
11181,0,1.1125385e-05
11182,0,1.8670937e-07
11183,0,9.3662635e-07
11184,0,0.00080658693
11185,0,4.9254345e-06
11186,0,6.4690744e-06
11187,0,8.200779e-06
11188,0,1.1529904e-05
11189,0,0.005802092
11190,0,0.0017974055
11191,0,1.3470496e-06
11192,0,0.00030710618
11193,0,9.4942374e-07
11194,0,1.2680795e-06
11195,0,0.00011372501
11196,0,5.002016e-07
11197,0,7.2981913e-07
11198,0,0.0004194705
11199,0,2.2216693e-07
11200,0,1.5228145e-05
11201,0,0.00067526434
11202,0,4.3966747e-06
11203,0,1.4537726e-06
11204,0,2.5809916e-06
11205,0,5.8886184e-07
11206,0,0.00052151625
11207,0,4.515121e-05
11208,0,7.6413826e-08
11209,0,0.00013956698
11210,0,2.0693558e-05
11211,0,0.00045305485
11212,0,1.5521427e-06
11213,0,0.00012313176
11214,0,5.7854713e-06
11215,0,0.0005467466
11216,0,0.00037152602
11217,0,2.7528483e-07
11218,0,0.000105787876
11219,0,4.3333293e-07
11220,0,4.3248653e-07
11221,0,3.5510777e-06
11222,0,0.00022110647
11223,0,7.9865385e-05
11224,0,7.4456743e-06
11225,0,8.6696455e-06
11226,0,2.9465878e-05
11227,0,1.3363743e-05
11228,0,6.052975e-06
11229,0,4.2922015e-06
11230,0,3.623192e-06
11231,0,0.00013519372
11232,0,3.2544413e-05
11233,0,8.59688e-06
11234,0,1.2169826e-05
11235,0,0.000108931185
11236,0,3.6583294e-06
11237,0,1.77591e-05
11238,0,7.4098593e-06
11239,0,1.112756e-06
11240,0,1.8150467e-06
11241,0,4.994205e-05
11242,0,0.0029947432
11243,0,0.00030331733
11244,0,2.4306253e-06
11245,0,1.2861589e-05
11246,0,0.00022345364
11247,0,4.0173622e-06
11248,0,0.0024061964
11249,0,2.3446228e-06
11250,0,7.063792e-05
11251,0,0.0010667797
11252,0,1.4768169e-06
11253,0,0.0001164769
11254,0,1.8412065e-06
11255,0,1.2905903e-06
11256,0,1.2924358e-05
11257,0,2.6903076e-06
11258,0,0.000103061626
11259,0,5.8565904e-05
11260,0,0.00021833384
11261,0,5.4705055e-07
11262,0,2.115289e-05
11263,0,1.1084463e-05
11264,0,3.4217726e-07
11265,0,1.0992635e-06
11266,0,0.0021053697
11267,0,0.0004547568
11268,0,1.7648213e-06
11269,0,6.3841785e-06
11270,0,3.2643634e-06
11271,0,0.00015736184
11272,0,2.5011534e-06
11273,0,7.0413495e-05
11274,0,3.288211e-05
11275,0,1.0663445e-06
11276,0,7.4979456e-05
11277,0,1.3816748e-05
11278,0,1.4590614e-05
11279,0,6.106032e-07
11280,0,1.270987e-05
11281,0,1.9959356e-05
11282,0,4.3941386e-06
11283,0,0.00022139866
11284,0,9.6846925e-06
11285,0,5.107648e-07
11286,0,9.192768e-05
11287,0,2.3334717e-06
11288,0,3.184829e-07
11289,0,2.629603e-05
11290,0,4.7452672e-06
11291,0,5.0811873e-06
11292,0,1.3979968e-06
11293,0,0.008748572
11294,0,5.4316137e-05
11295,0,1.5197982e-05
11296,0,0.0003626981
11297,0,6.945266e-06
11298,0,0.00014139315
11299,0,1.2867768e-06
11300,0,8.674624e-06
11301,0,2.677924e-05
11302,0,2.084387e-06
11303,0,4.0598597e-06
11304,0,0.00025657506
11305,0,1.0612683e-05
11306,0,0.0031001496
11307,0,6.3210696e-06
11308,0,2.7919652e-06
11309,0,5.691036e-06
11310,0,6.504032e-05
11311,0,1.6588847e-05
11312,0,2.0085245e-05
11313,0,3.3135789e-06
11314,0,1.1010497e-07
11315,0,0.0006517258
11316,0,3.2214997e-05
11317,0,6.323667e-05
11318,0,0.0007572984
11319,0,2.7054773e-05
11320,0,5.6186545e-06
11321,0,1.2374669e-05
11322,0,4.5292487e-05
11323,0,0.00067904254
11324,0,3.235322e-07
11325,0,0.0011801746
11326,0,0.00011125549
11327,0,4.9362543e-06
11328,0,0.00013202523
11329,0,2.1734759e-05
11330,0,0.00035236418
11331,0,2.8567517e-06
11332,0,1.3042927e-05
11333,0,2.0751144e-05
11334,0,3.9490345e-07
11335,0,2.2721228e-05
11336,0,2.4001458e-05
11337,0,7.106476e-06
11338,0,2.56414e-05
11339,0,6.2945833e-06
11340,0,4.354346e-06
11341,0,3.0174556e-07
11342,0,0.0008497709
11343,0,5.65713e-06
11344,0,6.0905495e-06
11345,0,1.7677353e-06
11346,0,5.2670766e-06
11347,0,2.0512638e-05
11348,0,2.144994e-05
11349,0,7.319011e-07
11350,0,0.0001176216
11351,0,9.8455246e-05
11352,0,6.4539934e-05
11353,0,8.956354e-06
11354,0,1.3119662e-05
11355,0,2.2651031e-07
11356,0,1.8585659e-05
11357,0,1.5677062e-05
11358,0,6.5456916e-06
11359,0,7.943837e-05
11360,0,4.181606e-07
11361,0,1.369333e-06
11362,0,1.0663297e-07
11363,0,1.2348405e-06
11364,0,0.00014454406
11365,0,4.426405e-07
11366,0,1.1278769e-05
11367,0,7.734966e-07
11368,0,2.2335967e-06
11369,0,0.0006195924
11370,0,8.560717e-05
11371,0,0.0001363298
11372,0,1.967591e-05
11373,0,0.00045627807
11374,0,3.342572e-05
11375,0,8.6283144e-05
11376,0,4.413264e-06
11377,0,1.6707475e-08
11378,0,1.4881116e-06
11379,0,4.5985e-05
11380,0,9.5266e-05
11381,0,4.6086327e-05
11382,0,0.0027373936
11383,0,9.985668e-05
11384,0,1.245638e-06
11385,0,1.056722e-06
11386,0,4.8469326e-07
11387,0,7.787281e-06
11388,0,1.17093e-06
11389,0,8.4685445e-07
11390,0,8.568854e-06
11391,0,5.0217122e-06
11392,0,8.977972e-06
11393,0,6.413207e-06
11394,0,3.030345e-05
11395,0,1.0514331e-05
11396,0,5.457194e-06
11397,0,1.0397377e-05
11398,0,1.5712524e-06
11399,0,2.1643935e-05
11400,0,7.234225e-05
11401,0,0.0001495217
11402,0,5.559603e-05
11403,0,0.00015729731
11404,0,2.879675e-05
11405,0,2.323855e-07
11406,0,4.3817905e-05
11407,1,0.9999151
11408,0,5.185344e-06
11409,0,6.353528e-05
11410,0,3.7944792e-05
11411,0,5.3456138e-06
11412,0,1.2690278e-06
11413,0,4.3131163e-06
11414,0,7.20292e-06
11415,0,1.7484608e-05
11416,0,1.2715052e-06
11417,0,0.00024042683
11418,0,6.322842e-06
11419,0,1.1958524e-06
11420,0,0.00023534801
11421,0,1.3767136e-05
11422,0,0.0002779117
11423,0,6.6643424e-06
11424,0,6.448421e-06
11425,0,1.37441e-05
11426,0,0.00011937787
11427,0,1.872096e-05
11428,0,0.0003324933
11429,0,3.403147e-05
11430,0,1.630286e-05
11431,0,1.7140708e-05
11432,0,1.1365375e-05
11433,0,0.00033881483
11434,0,3.796296e-05
11435,0,4.6827527e-06
11436,0,3.8479543e-06
11437,0,2.8054383e-06
11438,0,8.229201e-05
11439,0,1.3472397e-05
11440,0,2.6345638e-06
11441,0,3.9070856e-06
11442,0,1.072015e-05
11443,0,1.9059602e-06
11444,0,0.00026197717
11445,0,4.6356792e-05
11446,0,6.313848e-07
11447,0,2.697982e-06
11448,0,4.9022437e-05
11449,0,1.6350488e-05
11450,0,1.6486474e-05
11451,0,4.406283e-05
11452,0,3.228743e-05
11453,0,4.2709045e-05
11454,0,1.707491e-05
11455,0,1.7722169e-06
11456,0,1.0582373e-05
11457,0,0.0006333382
11458,0,0.00044553788
11459,0,7.0335304e-06
11460,0,0.0002288588
11461,0,0.00016549663
11462,0,2.836032e-06
11463,0,7.5431217e-07
11464,0,4.7705842e-05
11465,0,8.480736e-06
11466,0,1.229611e-05
11467,0,0.030962909
11468,0,6.76325e-06
11469,0,0.00012425912
11470,0,4.918399e-05
11471,0,3.0012663e-07
11472,0,6.5843583e-06
11473,0,8.311101e-05
11474,0,2.168569e-06
11475,0,2.2249682e-05
11476,0,7.0000256e-06
11477,0,9.598574e-06
11478,0,1.3285264e-05
11479,0,3.7088532e-05
11480,0,5.7650333e-05
11481,0,2.827571e-06
11482,0,4.0408086e-06
11483,0,8.1732895e-07
11484,0,8.8296315e-07
11485,0,1.6392676e-05
11486,0,1.5859576e-06
11487,0,0.00010208712
11488,0,2.8465186e-06
11489,0,1.5873627e-05
11490,0,4.3402113e-05
11491,0,1.1271876e-05
11492,0,7.464053e-05
11493,0,0.00014115148
11494,0,0.000107165666
11495,0,2.781203e-05
11496,0,8.4771666e-05
11497,0,1.1277285e-05
11498,0,4.4267053e-05
11499,0,3.9194292e-05
11500,0,4.7423124e-05
11501,0,7.100603e-06
11502,0,1.4072882e-06
11503,0,0.00012472161
11504,0,7.813338e-05
11505,0,7.0935776e-06
11506,0,0.00021975883
11507,0,8.2032915e-07
11508,0,3.9716429e-07
11509,0,1.3617109e-06
11510,0,1.5797545e-05
11511,0,2.3114068e-05
11512,0,1.3041186e-05
11513,0,3.2995413e-05
11514,0,2.9976238e-06
11515,0,4.3216637e-06
11516,0,1.7234679e-05
11517,0,6.774714e-06
11518,0,7.992008e-07
11519,0,3.0937885e-05
11520,0,5.117399e-05
11521,0,1.0581676e-05
11522,0,0.00019118487
11523,0,2.7366245e-06
11524,0,3.240993e-05
11525,0,7.0947965e-07
11526,0,5.533994e-06
11527,0,7.816045e-06
11528,0,1.5873627e-05
11529,0,5.0049086e-05
11530,0,8.5734206e-07
11531,0,1.2999316e-05
11532,0,1.4448313e-05
11533,0,3.4734344e-07
11534,0,0.00012652042
11535,0,0.000120167526
11536,0,5.7298683e-05
11537,0,3.4432508e-06
11538,0,0.0001259723
11539,0,7.463611e-05
11540,0,4.258793e-05
11541,0,0.00020580302
11542,0,2.9719273e-05
11543,0,1.3018059e-06
11544,0,0.00023938563
11545,0,7.7759773e-07
11546,0,0.00024166997
11547,0,1.1450287e-05
11548,0,1.3881173e-05
11549,1,0.99996793
11550,0,0.00016940704
11551,0,4.012358e-06
11552,0,0.0013107767
11553,0,4.75615e-06
11554,0,0.00019119745
11555,0,5.836313e-05
11556,0,3.435579e-05
11557,0,6.7945066e-06
11558,0,0.0011320782
11559,0,2.1135052e-06
11560,0,2.0206812e-06
11561,0,1.2889494e-06
11562,0,6.5757677e-06
11563,0,6.2823325e-05
11564,0,0.00071545294
11565,0,4.9771934e-05
11566,0,5.200486e-05
11567,0,5.943222e-05
11568,0,0.0018556984
11569,0,6.3906473e-06
11570,0,7.299966e-07
11571,0,5.285511e-05
11572,0,2.5411516e-06
11573,0,3.1636002e-05
11574,0,6.5412296e-06
11575,0,2.9200914e-05
11576,0,3.3260817e-06
11577,0,3.060517e-05
11578,0,3.9889283e-06
11579,0,1.039029e-05
11580,0,4.764776e-06
11581,0,7.5585216e-05
11582,0,8.724313e-05
11583,0,1.1409903e-06
11584,0,3.5467758e-06
11585,0,0.0019183253
11586,0,2.463822e-05
11587,0,3.443701e-05
11588,0,5.0024782e-06
11589,0,0.010339208
11590,0,6.0052e-05
11591,0,1.3946e-06
11592,0,3.9856277e-06
11593,0,0.0004468577
11594,0,2.654247e-06
11595,0,6.754664e-06
11596,0,9.310579e-05
11597,0,0.00058414915
11598,0,2.936621e-05
11599,0,2.681964e-06
11600,0,7.6959975e-07
11601,0,1.0594606e-06
11602,0,5.2635354e-05
11603,0,2.2492673e-06
11604,0,2.6304363e-07
11605,0,4.539021e-07
11606,0,5.8887188e-05
11607,0,1.798694e-06
11608,0,0.00145539
11609,0,2.4363087e-06
11610,0,2.1861168e-05
11611,0,7.137041e-05
11612,0,0.0004667858
11613,0,1.371241e-06
11614,0,0.00064448576
11615,0,3.9345582e-07
11616,0,2.6959578e-06
11617,0,0.00042228337
11618,0,8.840376e-06
11619,0,1.1225759e-05
11620,0,1.5825673e-06
11621,0,3.409202e-05
11622,0,1.4611682e-05
11623,0,0.0004964818
11624,0,2.0944311e-05
11625,0,5.0939987e-05
11626,0,4.832813e-06
11627,0,0.0003745236
11628,0,5.3886688e-05
11629,0,5.8149485e-06
11630,0,6.35122e-05
11631,0,8.367139e-05
11632,0,0.00044858898
11633,0,0.0033473836
11634,0,8.701309e-07
11635,0,4.2115885e-06
11636,0,3.709761e-06
11637,0,0.0003258006
11638,0,0.000120111625
11639,0,0.00011367893
11640,0,1.079265e-06
11641,0,6.3510342e-06
11642,0,3.5346224e-07
11643,0,1.7964636e-06
11644,0,1.5472759e-05
11645,0,1.6762621e-06
11646,0,3.9737297e-05
11647,0,0.0001017821
11648,0,5.4709662e-06
11649,0,3.2206983e-05
11650,0,5.0263698e-05
11651,0,1.8112296e-05
11652,0,4.2498086e-06
11653,0,1.4571105e-05
11654,0,7.5759164e-07
11655,0,3.346594e-05
11656,0,4.274898e-05
11657,0,0.00020895498
11658,0,0.00025577366
11659,0,1.4682613e-05
11660,0,1.2104856e-05
11661,0,3.880317e-07
11662,0,1.2868877e-05
11663,0,0.0004214696
11664,0,0.00011476231
11665,0,1.2522975e-06
11666,0,0.006726875
11667,0,5.1732477e-06
11668,0,0.0014932532
11669,0,9.709856e-06
11670,0,4.3893224e-06
11671,0,0.00033734879
11672,0,1.5018473e-05
11673,0,1.7425397e-07
11674,0,0.00028461317
11675,0,1.52132525e-05
11676,0,8.3894665e-06
11677,0,8.460506e-05
11678,0,0.00032389164
11679,0,8.420246e-06
11680,0,1.0219454e-05
11681,0,1.943052e-05
11682,0,1.6764583e-05
11683,0,1.919162e-06
11684,0,1.5458629e-06
11685,0,5.5856897e-05
11686,0,0.0020600234
11687,0,3.2163825e-05
11688,0,8.011275e-05
11689,0,2.422163e-06
11690,0,0.00012219032
11691,0,4.5152203e-05
11692,0,3.089575e-07
11693,0,0.0767413
11694,0,0.000448833
11695,0,3.5069876e-05
11696,0,1.9266788e-06
11697,0,1.7145401e-05
11698,0,3.866383e-06
11699,0,3.3226548e-05
11700,0,9.439877e-07
11701,0,6.7456585e-06
11702,0,7.913141e-06
11703,0,2.9364087e-06
11704,0,7.5960065e-07
11705,0,2.7655024e-06
11706,0,0.00037859785
11707,0,0.000106653904
11708,0,4.2061674e-07
11709,0,0.00039499658
11710,0,0.00011342155
11711,0,7.569778e-07
11712,0,3.5587498e-06
11713,0,3.671169e-05
11714,0,0.00018317137
11715,0,2.1594846e-05
11716,0,2.4547691e-05
11717,0,3.590945e-05
11718,0,5.3590156e-07
11719,0,3.41688e-05
11720,0,2.4833185e-05
11721,0,5.6907535e-05
11722,0,3.1439005e-05
11723,0,0.000580037
11724,0,8.81082e-05
11725,0,2.3163606e-07
11726,0,6.2397403e-06
11727,0,1.5594378e-05
11728,0,2.2122587e-05
11729,0,6.92668e-05
11730,0,0.000212081
11731,0,3.0129402e-06
11732,0,2.3828513e-06
11733,0,1.3065597e-05
11734,0,9.3031795e-06
11735,0,0.001522979
11736,1,0.9996871
11737,0,0.000106776424
11738,0,6.9203606e-06
11739,0,1.5461372e-05
11740,0,1.9099105e-06
11741,0,2.257466e-05
11742,0,4.7334393e-06
11743,0,8.934812e-06
11744,0,2.5103202e-06
11745,0,1.5657177e-07
11746,0,1.4123934e-06
11747,0,0.00020722252
11748,0,0.000112911344
11749,0,0.001429037
11750,0,0.0007688038
11751,0,2.49599e-06
11752,0,9.675314e-06
11753,0,1.6224798e-05
11754,0,2.0408483e-05
11755,0,1.0899718e-06
11756,0,2.8717318e-06
11757,0,2.3933933e-07
11758,0,3.412744e-05
11759,0,6.564392e-05
11760,0,0.004054396
11761,0,0.00015794435
11762,0,8.76514e-05
11763,0,1.5922416e-05
11764,0,1.5169919e-05
11765,0,7.505872e-05
11766,0,0.0008241196
11767,0,2.4361718e-06
11768,0,0.00014262063
11769,0,3.5546283e-05
11770,0,1.2224702e-07
11771,0,0.0067447787
11772,0,1.3305602e-05
11773,0,1.1520358e-06
11774,0,0.00018792602
11775,0,5.290539e-05
11776,0,7.722244e-07
11777,0,6.523058e-05
11778,0,3.5392948e-06
11779,0,1.9035788e-06
11780,0,4.178547e-05
11781,0,6.671827e-06
11782,0,2.2271984e-06
11783,0,2.2103946e-05
11784,0,3.8925653e-05
11785,0,6.771373e-05
11786,0,7.890286e-06
11787,0,4.428273e-06
11788,0,0.00031867513
11789,0,0.00022136529
11790,0,0.0007602713
11791,0,1.497334e-05
11792,0,1.4797981e-05
11793,0,3.8985985e-05
11794,0,3.2398652e-06
11795,0,7.449947e-07
11796,0,1.7120436e-05
11797,0,2.0586144e-06
11798,0,1.0037634e-05
11799,0,1.8829232e-05
11800,0,8.560303e-06
11801,0,1.631885e-05
11802,0,0.0011989813
11803,0,0.0001715084
11804,0,8.5695615e-07
11805,0,0.00020385705
11806,0,6.7673847e-07
11807,0,2.7528902e-06
11808,0,6.4193255e-06
11809,0,4.9715836e-06
11810,0,4.0049483e-05
11811,0,7.880518e-06
11812,0,0.001129374
11813,0,2.4053286e-05
11814,0,6.1806304e-07
11815,0,7.893906e-06
11816,0,9.109357e-06
11817,0,4.1259704e-05
11818,0,3.1471372e-05
11819,0,1.0283718e-06
11820,0,6.4405904e-05
11821,0,0.00012966718
11822,0,2.3981574e-05
11823,0,5.8418677e-06
11824,0,7.800541e-06
11825,0,2.8067605e-05
11826,0,2.0866499e-05
11827,0,6.407017e-07
11828,0,6.615804e-06
11829,0,4.631089e-06
11830,0,3.7718553e-07
11831,0,3.2367276e-05
11832,0,5.1080406e-06
11833,0,5.0601425e-06
11834,0,4.8571757e-05
11835,0,0.00010095939
11836,0,1.5175284e-06
11837,0,6.9106085e-05
11838,0,3.936292e-07
11839,0,4.5953693e-06
11840,0,1.9064993e-05
11841,0,0.000538629
11842,0,1.8611254e-06
11843,0,8.69861e-05
11844,0,0.00011475979
11845,0,5.402625e-06
11846,0,3.6236182e-05
11847,0,1.6313108e-07
11848,0,1.5750494e-07
11849,0,1.2912211e-05
11850,0,5.2176085e-05
11851,1,0.99962103
11852,0,7.9916035e-06
11853,0,0.00019372454
11854,0,2.6982036e-05
11855,0,1.2215966e-06
11856,0,7.463935e-07
11857,0,3.0888447e-07
11858,0,0.0063349316
11859,0,0.008955649
11860,0,6.429826e-05
11861,0,2.9063676e-07
11862,0,7.7213383e-07
11863,0,1.4633236e-08
11864,0,1.0775342e-06
11865,0,5.6117037e-06
11866,0,7.0351875e-06
11867,0,6.0182956e-06
11868,0,0.07591628
11869,0,4.2515276e-06
11870,0,0.0008937556
11871,0,0.00022607607
11872,0,5.5446348e-05
11873,0,1.3017279e-05
11874,0,1.0139241e-08
11875,0,0.00195335
11876,0,2.1407004e-05
11877,0,1.8290264e-05
11878,0,2.1030355e-05
11879,0,1.7141052e-05
11880,0,0.0001422516
11881,0,3.0628e-05
11882,0,0.0009682546
11883,0,3.9490345e-07
11884,0,0.0087210005
11885,0,1.959879e-05
11886,0,3.1868614e-05
11887,0,5.158173e-06
11888,0,1.0501333e-05
11889,0,6.306288e-05
11890,0,2.4727693e-05
11891,0,0.003845133
11892,0,1.5911706e-07
11893,0,2.4146183e-07
11894,0,3.2137636e-06
11895,0,9.928121e-05
11896,0,1.1563711e-05
11897,0,6.8906465e-06
11898,0,1.7356286e-06
11899,0,4.506165e-06
11900,0,1.3674627e-07
11901,0,1.9455956e-06
11902,0,6.054188e-06
11903,0,2.1781384e-06
11904,0,2.3332625e-06
11905,0,2.89739e-05
11906,0,3.3477947e-06
11907,0,4.379024e-06
11908,0,1.6305596e-05
11909,0,2.9139824e-06
11910,0,2.8449651e-05
11911,0,5.6449946e-05
11912,0,1.7262212e-06
11913,0,0.00011327034
11914,0,7.8163646e-07
11915,0,1.4206839e-06
11916,0,4.6037126e-06
11917,0,4.2681644e-05
11918,0,0.0010035913
11919,0,2.6312617e-07
11920,0,1.5823842e-05
11921,0,3.0080344e-07
11922,0,5.553884e-06
11923,0,2.4248317e-05
11924,0,2.0769021e-05
11925,0,8.8138615e-05
11926,0,8.634026e-06
11927,0,0.00036429596
11928,0,1.1294883e-05
11929,0,9.220898e-05
11930,0,3.1796273e-07
11931,0,5.5812598e-05
11932,0,0.00957952
11933,0,0.0004056322
11934,0,0.00021917274
11935,0,2.4524152e-05
11936,0,1.69148e-05
11937,0,0.00011112445
11938,0,1.0154937e-06
11939,0,4.7112506e-05
11940,0,0.00011488199
11941,0,9.8005905e-05
11942,0,0.00013765975
11943,0,1.3010714e-05
11944,0,2.8984596e-05
11945,0,0.00026193698
11946,0,3.5005123e-05
11947,0,1.3171625e-05
11948,0,0.00016307582
11949,0,4.6873723e-07
11950,0,1.9180368e-06
11951,0,4.376227e-06
11952,0,2.026918e-07
11953,0,0.00010312031
11954,0,4.5899877e-05
11955,0,3.255067e-07
11956,0,0.0002869531
11957,0,5.980671e-06
11958,0,6.9863404e-07
11959,0,3.4745583e-06
11960,0,6.041258e-08
11961,0,4.7450176e-05
11962,0,2.7944318e-06
11963,0,4.8937645e-06
11964,0,7.546566e-05
11965,0,3.9224337e-06
11966,0,1.851677e-05
11967,0,7.545141e-05
11968,0,2.0600264e-06
11969,0,3.374293e-06
11970,0,2.1839269e-06
11971,0,7.772872e-06
11972,0,7.6782446e-05
11973,0,1.7679069e-05
11974,0,2.401531e-05
11975,0,2.6718062e-06
11976,0,7.4915365e-06
11977,0,6.6057614e-06
11978,0,9.157141e-05
11979,0,8.843691e-05
11980,0,5.144982e-05
11981,0,0.003915006
11982,0,1.5347462e-06
11983,0,2.426239e-06
11984,0,3.8811936e-06
11985,0,7.08557e-05
11986,0,3.299582e-08
11987,0,6.773801e-05
11988,0,1.6871913e-05
11989,0,2.41539e-07
11990,0,7.3810347e-06
11991,0,1.4987063e-06
11992,0,1.830424e-05
11993,0,0.0026795606
11994,0,7.832699e-07
11995,0,0.00026235936
11996,0,0.0014204321
11997,0,6.033812e-06
11998,0,0.000208575
11999,0,7.9775856e-07
12000,0,7.862142e-08
12001,0,5.2108062e-05
12002,0,6.216256e-06
12003,0,0.0017447193
12004,0,1.1878204e-05
12005,0,3.8064103e-05
12006,0,7.704921e-05
12007,0,1.971199e-05
12008,0,1.7273198e-05
12009,0,1.0396604e-05
12010,0,6.3971174e-06
12011,0,9.897937e-06
12012,0,0.00091371953
12013,0,9.7102165e-05
12014,0,3.1925714e-07
12015,0,5.6975136e-05
12016,0,1.4564953e-06
12017,0,2.941734e-06
12018,0,1.7825254e-05
12019,0,7.344188e-05
12020,0,0.000613023
12021,0,2.345174e-05
12022,0,2.4919253e-05
12023,0,0.0003645195
12024,0,8.7406675e-05
12025,0,8.5524924e-08
12026,0,1.8542727e-05
12027,0,0.00010024432
12028,0,1.8901177e-05
12029,0,1.8868202e-05
12030,0,7.213653e-07
12031,0,0.00047903412
12032,0,1.2820052e-05
12033,0,2.5859632e-07
12034,0,6.905944e-05
12035,0,3.766194e-05
12036,0,0.00048097095
12037,0,2.4668802e-06
12038,0,5.1080086e-05
12039,0,6.155752e-06
12040,0,2.6618529e-05
12041,0,0.00082189316
12042,0,0.00014446786
12043,0,6.589258e-06
12044,0,2.5324468e-07
12045,0,6.029469e-06
12046,0,2.5500185e-05
12047,0,3.1691805e-05
12048,0,7.828933e-05
12049,0,0.0001258544
12050,0,3.6006224e-08
12051,0,5.6197264e-06
12052,0,5.277995e-07
12053,0,0.00067504786
12054,0,1.1473109e-05
12055,0,2.6904588e-06
12056,0,0.0006358093
12057,0,2.7226013e-06
12058,0,4.5173347e-05
12059,0,9.814355e-07
12060,0,0.0021439623
12061,0,3.420094e-05
12062,0,1.6551144e-07
12063,0,1.1876036e-06
12064,0,4.1211417e-05
12065,0,0.00011555173
12066,0,3.6077847e-05
12067,0,1.9861684e-05
12068,0,1.37683965e-05
12069,0,2.1200125e-05
12070,0,1.7409584e-05
12071,0,0.00016322515
12072,0,1.4714503e-05
12073,0,3.2990433e-06
12074,0,3.4184228e-07
12075,0,1.874472e-05
12076,0,2.5296318e-05
12077,0,2.8348315e-06
12078,0,1.3537628e-07
12079,0,5.6553273e-07
12080,0,0.0002498921
12081,0,1.0552899e-06
12082,0,4.4330304e-06
12083,0,1.792854e-06
12084,0,8.000961e-05
12085,0,0.015227291
12086,0,7.478951e-06
12087,0,1.6126349e-05
12088,0,2.5186625e-07
12089,0,0.0021461444
12090,0,7.0944225e-06
12091,0,8.328936e-05
12092,0,0.0001476756
12093,0,2.4707328e-05
12094,0,9.379732e-05
12095,0,8.714366e-06
12096,0,2.0273566e-05
12097,0,9.161422e-07
12098,0,6.265363e-06
12099,0,0.00015197288
12100,0,4.6650966e-06
12101,0,1.4245847e-05
12102,0,1.7508536e-06
12103,0,7.923281e-05
12104,0,5.212027e-06
12105,0,1.0917759e-05
12106,0,3.215236e-05
12107,0,3.712443e-07
12108,0,1.3386015e-06
12109,0,8.737508e-06
12110,0,8.432179e-06
12111,0,8.232703e-06
12112,0,9.5291426e-07
12113,0,9.365156e-07
12114,0,6.466844e-05
12115,0,2.1245705e-05
12116,0,5.301124e-05
12117,0,1.066259e-06
12118,0,7.5468806e-06
12119,0,2.548517e-07
12120,0,0.00015067455
12121,0,0.0006323939
12122,0,8.679007e-07
12123,0,3.1525042e-07
12124,0,0.00012457244
12125,0,4.31983e-06
12126,0,1.4155596e-06
12127,0,4.1350754e-06
12128,0,2.478775e-07
12129,0,1.2773872e-05
12130,0,6.3589766e-07
12131,0,3.5723166e-05
12132,0,0.00025009876
12133,0,0.00013458918
12134,0,2.689733e-05
12135,0,2.7246978e-07
12136,0,3.521564e-08
12137,0,3.4547434e-06
12138,0,1.022786e-06
12139,0,1.7066228e-07
12140,0,1.9402225e-05
12141,0,2.7184602e-05
12142,0,4.526274e-05
12143,0,3.9530703e-05
12144,0,1.3937304e-06
12145,0,4.6419205e-05
12146,1,0.9995351
12147,0,4.1993619e-07
12148,0,6.673307e-05
12149,0,3.8594467e-07
12150,0,6.5875594e-07
12151,0,4.1041985e-05
12152,0,1.0138341e-05
12153,0,0.0003818896
12154,0,2.787392e-07
12155,0,1.2860841e-05
12156,0,0.00048233013
12157,0,0.018168021
12158,0,0.0003313399
12159,0,0.00014984926
12160,0,1.3351782e-06
12161,0,4.9490136e-05
12162,0,1.7555165e-05
12163,0,5.2811114e-08
12164,0,1.7420214e-05
12165,0,1.358441e-06
12166,0,8.443226e-05
12167,0,3.6804454e-06
12168,0,9.457598e-06
12169,0,8.8371824e-05
12170,0,0.0049917367
12171,0,6.526225e-05
12172,0,2.75709e-05
12173,0,7.060062e-05
12174,0,1.9531602e-05
12175,0,0.00016993737
12176,0,8.5269846e-08
12177,0,1.0635195e-05
12178,0,1.3828045e-05
12179,0,1.2168862e-05
12180,0,5.730972e-05
12181,0,1.1456786e-05
12182,0,0.00033859606
12183,0,0.000646211
12184,0,4.1297724e-07
12185,0,6.9203867e-07
12186,0,0.00012120335
12187,0,7.9477495e-06
12188,0,1.244035e-07
12189,0,4.523158e-07
12190,0,0.004184872
12191,0,3.709363e-05
12192,0,0.00041260888
12193,0,2.9945502e-05
12194,0,3.1319942e-08
12195,0,4.8430693e-06
12196,0,0.00022477593
12197,0,1.0988622e-05
12198,0,1.44186915e-05
12199,0,2.6391178e-06
12200,0,7.3317015e-06
12201,0,9.075653e-06
12202,0,4.514203e-07
12203,0,2.561669e-05
12204,0,1.8275652e-05
12205,0,3.0078474e-05
12206,0,4.354332e-07
12207,0,1.4614037e-05
12208,0,2.3767489e-05
12209,0,0.00013163453
12210,0,5.8935734e-06
12211,0,2.4161693e-06
12212,0,4.1608673e-06
12213,0,1.2183667e-06
12214,0,4.697123e-06
12215,0,3.5503053e-06
12216,0,2.1126568e-06
12217,0,3.3291474e-06
12218,0,1.52471075e-05
12219,0,5.7269124e-05
12220,0,0.00013166995
12221,0,7.574359e-05
12222,0,0.00026449646
12223,0,3.530732e-06
12224,0,2.1360581e-06
12225,0,0.00034788947
12226,0,3.3908305e-05
12227,0,0.00032989692
12228,0,4.409646e-06
12229,0,2.261157e-05
12230,0,5.0472163e-06
12231,0,5.766308e-07
12232,0,1.3044009e-05
12233,0,9.22775e-05
12234,0,4.7763683e-06
12235,0,0.00018219974
12236,0,2.4260045e-05
12237,0,1.5649563e-07
12238,0,1.5157204e-06
12239,0,1.2228973e-05
12240,0,5.7323053e-09
12241,0,2.798352e-06
12242,0,5.884727e-06
12243,0,8.8509205e-06
12244,0,6.284142e-05
12245,0,1.4764407e-07
12246,0,0.00019455548
12247,0,1.8788088e-06
12248,0,0.0002702732
12249,0,8.797685e-06
12250,0,4.8146198e-05
12251,0,0.000547184
12252,0,1.8951823e-05
12253,0,1.0339091e-06
12254,0,7.175748e-05
12255,0,3.6716144e-06
12256,0,6.931331e-07
12257,0,5.670931e-06
12258,0,2.5919135e-07
12259,0,0.00012703177
12260,0,1.3285608e-06
12261,0,1.6895245e-05
12262,0,3.7068996e-06
12263,0,0.00020846725
12264,0,5.4116394e-06
12265,0,0.00011952197
12266,0,6.9719175e-07
12267,0,1.952408e-05
12268,0,1.2366964e-05
12269,0,9.1244516e-07
12270,0,1.4609535e-05
12271,0,9.96612e-05
12272,0,0.003621773
12273,0,8.7211066e-07
12274,0,1.30606395e-05
12275,0,6.387456e-05
12276,0,7.019253e-05
12277,0,1.0421245e-08
12278,0,2.7107715e-05
12279,0,0.0032762913
12280,0,5.2811114e-08
12281,0,2.5626748e-06
12282,0,2.3233051e-05
12283,0,6.823208e-06
12284,0,1.7498536e-05
12285,0,3.3223096e-05
12286,0,5.864234e-06
12287,0,8.882944e-06
12288,0,0.0005133611
12289,0,3.3343676e-06
12290,0,1.0280264e-05
12291,0,3.3771391e-06
12292,0,5.069033e-05
12293,0,0.0004385074
12294,0,6.7981305e-06
12295,0,1.2013804e-06
12296,0,9.998911e-07
12297,0,0.00024296237
12298,0,1.8408258e-05
12299,0,1.4567454e-06
12300,0,1.2282376e-06
12301,0,1.1839611e-06
12302,0,1.0664725e-06
12303,0,1.119798e-05
12304,0,9.543265e-07
12305,0,7.3133565e-06
12306,0,0.00021481133
12307,0,6.963258e-05
12308,0,4.4114164e-05
12309,0,0.0007231888
12310,0,1.4788928e-06
12311,0,1.2788628e-06
12312,0,1.7689088e-05
12313,0,1.1720529e-06
12314,0,5.238383e-05
12315,0,3.5109015e-06
12316,0,1.6230786e-05
12317,0,0.0010459019
12318,0,0.00056482275
12319,0,8.1589234e-05
12320,0,0.0001869242
12321,0,2.4580575e-06
12322,0,3.5614823e-05
12323,0,4.4282926e-05
12324,0,3.732776e-05
12325,0,1.4275071e-05
12326,0,1.6827145e-05
12327,0,2.247076e-06
12328,0,4.0011624e-08
12329,0,0.0005420842
12330,0,0.0034937933
12331,0,8.608327e-05
12332,0,0.000363838
12333,0,0.00020210804
12334,0,3.7989266e-06
12335,0,1.4208995e-05
12336,0,6.564775e-07
12337,0,2.7200088e-06
12338,0,0.002338422
12339,0,1.409705e-05
12340,0,8.012277e-06
12341,0,0.0019702588
12342,0,6.420146e-06
12343,0,5.2356314e-05
12344,0,7.889691e-06
12345,0,0.00021861965
12346,0,2.5020552e-05
12347,0,3.85272e-06
12348,0,2.5040486e-06
12349,0,2.2145182e-06
12350,0,1.749515e-05
12351,0,4.506538e-07
12352,0,2.7222039e-05
12353,0,3.5042035e-08
12354,0,0.00017498377
12355,0,5.873979e-07
12356,0,4.2156218e-05
12357,0,3.1228166e-05
12358,0,6.7232446e-05
12359,0,9.939973e-07
12360,0,8.1647224e-05
12361,0,2.1560495e-06
12362,0,4.7040096e-05
12363,0,7.796086e-05
12364,0,2.0600286e-05
12365,0,1.4252341e-06
12366,0,0.000411007
12367,0,4.115345e-05
12368,0,2.81561e-06
12369,0,3.2826358e-06
12370,1,0.58888286
12371,0,0.00040910332
12372,0,3.0117594e-06
12373,0,0.0063621867
12374,0,2.1203514e-06
12375,0,7.783303e-05
12376,0,5.6682925e-06
12377,0,6.1910464e-06
12378,0,7.452885e-06
12379,0,7.3898386e-06
12380,0,7.203072e-06
12381,0,7.425701e-05
12382,0,4.94994e-07
12383,0,2.6624039e-05
12384,0,6.8347214e-07
12385,0,1.0282953e-06
12386,0,4.0515562e-05
12387,0,4.3638593e-05
12388,0,0.025951155
12389,0,1.2482078e-06
12390,0,1.7514514e-05
12391,0,1.6303558e-05
12392,0,0.00017148699
12393,0,0.00043979406
12394,0,1.7857856e-05
12395,0,0.0010092633
12396,0,8.037879e-08
12397,0,1.1191393e-06
12398,0,2.5140142e-05
12399,0,2.9574358e-06
12400,0,9.881288e-07
12401,0,4.164957e-05
12402,0,8.610112e-07
12403,0,1.0372403e-06
12404,0,0.0018814337
12405,0,0.0007057525
12406,0,6.90286e-06
12407,0,2.3758696e-05
12408,0,0.000301361
12409,0,1.0384634e-05
12410,0,4.410933e-06
12411,0,2.9733363e-05
12412,0,6.841556e-06
12413,0,0.00010717088
12414,0,7.262903e-05
12415,0,1.6542841e-05
12416,0,6.278542e-07
12417,0,1.594169e-06
12418,0,4.3771e-05
12419,0,0.00019220167
12420,0,3.2007745e-05
12421,0,2.3299294e-06
12422,0,3.4301644e-05
12423,0,8.149966e-05
12424,0,0.00081287767
12425,0,6.11152e-07
12426,0,1.9502975e-06
12427,0,2.1965363e-05
12428,0,1.6902995e-05
12429,0,1.3055757e-05
12430,0,5.1507697e-05
12431,0,1.680901e-06
12432,0,1.8302912e-07
12433,0,1.3434918e-07
12434,0,2.2297563e-07
12435,0,1.1338797e-05
12436,0,8.2550173e-07
12437,0,1.2686927e-06
12438,0,1.8597505e-06
12439,0,6.3441394e-06
12440,0,2.8591123e-06
12441,0,5.9432597e-07
12442,0,3.0521027e-05
12443,0,7.342715e-06
12444,0,2.2651031e-07
12445,0,1.5949528e-05
12446,0,2.618083e-06
12447,0,4.9744904e-06
12448,0,4.451682e-05
12449,0,0.038423553
12450,0,9.960941e-05
12451,0,0.00040737345
12452,0,0.00041076494
12453,0,2.8289975e-05
12454,0,1.1892859e-05
12455,0,6.9614266e-06
12456,0,0.0001988302
12457,0,2.7985386e-06
12458,0,3.8192543e-06
12459,0,2.5898333e-05
12460,0,4.6632153e-06
12461,0,1.8430144e-05
12462,0,2.831535e-06
12463,0,1.52055645e-05
12464,0,5.5728888e-05
12465,0,0.00016463759
12466,0,1.6996279e-05
12467,0,7.6392905e-07
12468,0,3.4039895e-06
12469,0,1.625385e-05
12470,0,7.733098e-05
12471,0,0.0002858775
12472,0,2.3011644e-05
12473,0,7.215299e-05
12474,0,6.47802e-06
12475,0,1.6276776e-05
12476,0,0.00020265163
12477,0,6.7549074e-05
12478,0,5.227798e-06
12479,0,1.35906785e-05
12480,0,4.1140393e-06
12481,0,5.2871715e-06
12482,0,8.7284616e-07
12483,0,1.6144892e-05
12484,0,3.5858873e-05
12485,0,0.00011584807
12486,0,8.1878864e-07
12487,0,2.8511033e-05
12488,0,0.00012421742
12489,0,3.3089855e-05
12490,0,1.1315011e-05
12491,0,1.3671286e-05
12492,0,6.423916e-07
12493,0,2.2276561e-05
12494,0,3.292692e-05
12495,0,4.4382784e-08
12496,0,3.1567356e-06
12497,0,2.375244e-06
12498,0,9.8801625e-05
12499,0,0.00014517573
12500,0,7.0000256e-06
12501,0,5.812415e-08
12502,0,4.0052957e-05
12503,0,0.0006972605
12504,0,1.6173627e-06
12505,0,1.1898085e-06
12506,0,6.822369e-05
12507,0,6.2604136e-07
12508,0,3.001781e-05
12509,0,4.2551196e-07
12510,0,5.6815134e-07
12511,0,0.00020583914
12512,0,6.184881e-05
12513,0,2.4310717e-05
12514,0,0.004754552
12515,0,6.3465945e-05
12516,0,4.308721e-06
12517,0,9.161395e-06
12518,0,8.806822e-05
12519,0,1.2537538e-05
12520,0,5.3434937e-06
12521,0,6.7999e-06
12522,0,3.557328e-06
12523,0,0.0006544171
12524,0,7.8695746e-07
12525,0,5.2110845e-05
12526,0,3.4153672e-06
12527,0,6.589492e-05
12528,0,4.5396915e-05
12529,0,0.00047825894
12530,0,1.9650358e-07
12531,0,3.4752443e-06
12532,0,6.47802e-06
12533,0,3.365002e-05
12534,0,2.298364e-06
12535,0,5.4443803e-06
12536,0,7.352974e-06
12537,0,2.6117836e-05
12538,0,4.5244437e-07
12539,0,7.919189e-06
12540,0,2.897768e-06
12541,0,6.6298194e-06
12542,0,1.0635926e-05
12543,0,2.210094e-06
12544,0,7.415505e-05
12545,0,3.7143416e-06
12546,0,0.00091972016
12547,0,1.433615e-06
12548,0,4.6671216e-06
12549,0,1.22267e-06
12550,0,1.941759e-05
12551,0,7.1252666e-06
12552,0,5.874489e-07
12553,0,5.7052992e-05
12554,0,2.6485062e-05
12555,0,1.155753e-06
12556,0,4.609934e-05
12557,0,0.00010151041
12558,0,9.781224e-06
12559,0,2.8982106e-07
12560,0,8.901226e-07
12561,0,4.4774433e-06
12562,0,1.820463e-05
12563,0,5.509135e-06
12564,0,2.7000027e-05
12565,0,1.1896015e-07
12566,0,1.4337409e-06
12567,0,1.4556955e-06
12568,0,2.1410958e-06
12569,0,0.0001844851
12570,0,4.6428642e-08
12571,0,8.297691e-06
12572,0,0.00013847825
12573,0,4.4899723e-05
12574,0,1.7096532e-05
12575,0,1.0097747e-05
12576,0,3.200591e-05
12577,0,1.9396227e-06
12578,0,1.4200377e-06
12579,0,0.002827606
12580,0,6.1823207e-06
12581,0,0.0032548946
12582,0,2.6763403e-06
12583,0,1.7627169e-06
12584,0,1.7407641e-05
12585,0,7.540276e-06
12586,0,1.6995322e-05
12587,0,2.1687449e-05
12588,0,9.596748e-07
12589,0,2.5812207e-05
12590,0,1.6526029e-08
12591,0,3.45044e-05
12592,0,2.2009188e-05
12593,0,6.093588e-06
12594,0,2.5691088e-05
12595,0,0.00017266587
12596,0,6.4971005e-06
12597,0,1.0996107e-05
12598,0,2.5532902e-06
12599,0,2.2831525e-06
12600,0,0.012011334
12601,0,2.628971e-05
12602,0,0.00019113184
12603,0,0.00011190517
12604,0,2.683778e-06
12605,0,3.8097203e-06
12606,0,3.442834e-05
12607,0,7.582504e-05
12608,0,8.809117e-07
12609,0,8.913408e-06
12610,0,4.4672065e-06
12611,0,1.3381981e-06
12612,0,1.9024275e-05
12613,0,4.82752e-06
12614,0,2.018188e-05
12615,0,2.7486092e-06
12616,0,4.823135e-05
12617,0,8.933696e-06
12618,0,7.898032e-05
12619,0,1.8683509e-06
12620,0,0.00033701013
12621,0,1.7709363e-06
12622,0,0.0006373944
12623,0,6.3187435e-06
12624,0,2.2153075e-05
12625,0,1.9164625e-06
12626,0,0.0002542204
12627,0,1.07258065e-05
12628,0,0.000117247364
12629,0,4.4732224e-06
12630,0,1.0402429e-06
12631,0,5.677381e-05
12632,0,0.00015609305
12633,0,4.7759033e-07
12634,0,1.2921531e-06
12635,0,1.0103854e-05
12636,0,5.553816e-05
12637,0,2.9157643e-05
12638,0,5.0074148e-05
12639,0,1.9779025e-05
12640,0,1.07764345e-05
12641,0,1.5251062e-06
12642,0,9.886134e-07
12643,0,1.840545e-05
12644,0,1.5014606e-05
12645,0,3.2738287e-06
12646,0,8.249073e-06
12647,0,1.6757841e-06
12648,0,2.610245e-06
12649,0,0.001492855
12650,0,4.0077295e-05
12651,0,9.577077e-06
12652,0,3.026787e-06
12653,0,4.4331405e-06
12654,0,0.00011168428
12655,0,2.7660231e-05
12656,0,2.6442976e-06
12657,0,1.8432042e-05
12658,0,1.8096629e-06
12659,0,8.506939e-08
12660,0,1.7991024e-06
12661,0,9.540487e-06
12662,0,0.0004305388
12663,0,0.0005984537
12664,0,0.00017058676
12665,0,4.9248523e-05
12666,0,2.249847e-05
12667,0,2.5720278e-06
12668,0,1.6713531e-05
12669,0,8.975738e-06
12670,0,4.4500116e-06
12671,0,3.0938315e-06
12672,0,0.00016749535
12673,0,0.0006785994
12674,0,8.454717e-06
12675,0,8.977886e-07
12676,0,6.3239277e-06
12677,0,1.7757934e-06
12678,0,6.4114824e-06
12679,0,0.0008261029
12680,0,5.647213e-05
12681,0,1.309617e-06
12682,0,2.8847735e-05
12683,0,2.380941e-06
12684,0,1.1403081e-05
12685,0,2.099751e-05
12686,0,6.1161325e-07
12687,0,2.1226892e-07
12688,0,4.7786916e-06
12689,0,0.0004357072
12690,0,2.0134175e-06
12691,0,2.6915545e-06
12692,0,0.00030835954
12693,0,6.7272463e-06
12694,0,3.3168995e-05
12695,0,1.1246729e-05
12696,0,0.0018736994
12697,0,0.00012647278
12698,0,3.6711554e-05
12699,0,2.621651e-07
12700,0,1.3710016e-06
12701,0,8.802036e-05
12702,0,3.61789e-05
12703,0,0.00018312145
12704,0,6.075362e-06
12705,0,0.0004081521
12706,0,0.0002908971
12707,0,3.8119879e-06
12708,0,5.2425827e-07
12709,0,0.00017318163
12710,0,2.6248477e-05
12711,0,2.3866769e-05
12712,0,6.5446297e-06
12713,0,0.0003915514
12714,0,0.00057395024
12715,0,1.49499965e-05
12716,0,2.893402e-06
12717,0,2.5630667e-05
12718,0,4.663126e-06
12719,0,5.32075e-05
12720,0,6.6423186e-06
12721,0,0.00062488375
12722,0,6.0565053e-05
12723,0,0.0010184214
12724,0,7.333284e-05
12725,0,0.00048772694
12726,0,4.1459163e-05
12727,0,7.2495e-05
12728,0,1.7718852e-05
12729,0,1.1507671e-05
12730,0,0.0005353494
12731,0,5.458329e-05
12732,0,0.00022028455
12733,0,1.3031101e-06
12734,0,3.804002e-06
12735,0,7.855021e-06
12736,0,2.6351292e-06
12737,0,9.5106516e-05
12738,0,4.347218e-06
12739,0,7.149022e-05
12740,0,2.4214185e-05
12741,0,3.4111745e-06
12742,0,7.220032e-06
12743,0,3.5087953e-07
12744,0,3.287694e-07
12745,0,9.224288e-06
12746,0,4.5323004e-06
12747,0,2.3535205e-07
12748,0,2.361962e-06
12749,0,5.4064066e-07
12750,0,6.2569075e-06
12751,0,2.0646503e-06
12752,0,7.046019e-08
12753,0,0.00054384745
12754,0,7.929436e-06
12755,0,1.6124919e-05
12756,0,3.8467797e-06
12757,0,3.4406971e-06
12758,0,3.3434744e-06
12759,0,9.569338e-05
12760,0,9.973722e-06
12761,0,1.0663297e-07
12762,0,1.2418423e-05
12763,0,0.00031032105
12764,0,0.020775124
12765,0,0.0001412025
12766,0,9.269217e-06
12767,0,1.1346856e-05
12768,0,2.441201e-05
12769,0,4.254713e-05
12770,0,4.351754e-07
12771,0,0.000405973
12772,0,2.3294606e-06
12773,0,9.222933e-06
12774,0,3.794993e-05
12775,0,0.000102760256
12776,0,3.0012663e-07
12777,0,9.845349e-06
12778,0,4.6830787e-06
12779,0,0.0005364494
12780,0,0.00016602849
12781,0,1.6853082e-05
12782,0,1.5821699e-05
12783,0,2.5947926e-05
12784,0,0.00046954927
12785,0,5.3730577e-07
12786,0,3.9802153e-06
12787,0,5.9363706e-06
12788,0,2.2993043e-05
12789,0,1.0144995e-06
12790,0,2.0649518e-06
12791,0,5.6565905e-06
12792,0,2.2949927e-05
12793,0,4.221934e-05
12794,0,0.00027386655
12795,0,4.292185e-06
12796,0,0.000737482
12797,0,4.2346755e-07
12798,0,2.6517486e-05
12799,0,3.9580636e-06
12800,0,2.4111368e-05
12801,0,3.429108e-05
12802,0,6.0453376e-06
12803,0,4.862804e-08
12804,0,1.9027041e-06
12805,0,9.205014e-05
12806,0,1.7608652e-05
12807,0,8.91693e-08
12808,0,1.7951666e-05
12809,0,6.815456e-06
12810,0,7.220417e-06
12811,0,3.666558e-06
12812,0,0.00033847618
12813,0,6.1562766e-08
12814,0,4.3943396e-06
12815,0,4.0002806e-06
12816,0,6.0779353e-06
12817,0,3.5093562e-05
12818,0,1.6205853e-05
12819,0,3.301506e-07
12820,0,1.6680065e-06
12821,0,9.793299e-07
12822,0,1.8389414e-05
12823,0,0.0006248713
12824,0,5.4847467e-05
12825,0,9.792574e-06
12826,0,1.4256093e-06
12827,0,2.1829397e-05
12828,0,0.00039609175
12829,0,4.8882936e-07
12830,0,8.085976e-07
12831,0,5.2356616e-05
12832,0,0.0001374824
12833,0,2.4279185e-05
12834,0,4.1046565e-05
12835,0,0.00096893974
12836,0,0.00011768712
12837,0,2.0429761e-06
12838,0,1.3813843e-06
12839,0,0.00017715564
12840,0,2.4114037e-05
12841,0,0.00061804126
12842,0,1.589942e-06
12843,0,0.001016674
12844,0,8.3943276e-05
12845,0,2.3699182e-05
12846,0,0.0007899243
12847,0,9.120122e-08
12848,0,2.3632512e-05
12849,0,6.651743e-05
12850,0,1.3719211e-06
12851,0,3.1925714e-07
12852,0,0.0010121679
12853,0,0.00024200683
12854,0,5.507782e-05
12855,0,0.00017736066
12856,0,2.0631724e-06
12857,0,0.0010289493
12858,0,7.872107e-05
12859,0,1.3214743e-05
12860,0,0.00014553138
12861,0,5.0344774e-05
12862,0,2.8448785e-05
12863,0,0.00014132696
12864,0,4.339749e-06
12865,0,4.5567567e-06
12866,0,0.00022242886
12867,0,3.3094957e-06
12868,0,8.9248e-05
12869,0,3.092038e-06
12870,0,0.00017992074
12871,0,0.0005445209
12872,0,1.0156932e-05
12873,0,3.6824676e-07
12874,0,3.2260064e-06
12875,0,5.316127e-06
12876,0,1.2375273e-06
12877,0,2.4895903e-06
12878,0,1.3854471e-05
12879,0,2.5910338e-06
12880,0,3.6431009e-06
12881,0,2.845845e-06
12882,0,9.936704e-06
12883,0,1.2033939e-06
12884,0,1.9381272e-05
12885,0,1.667009e-05
12886,0,1.5793107e-06
12887,0,6.4136104e-05
12888,0,2.9257668e-05
12889,0,7.805229e-06
12890,0,0.00020048986
12891,0,0.0001266544
12892,0,0.00030360348
12893,0,4.889627e-06
12894,0,1.7348875e-05
12895,0,8.57901e-06
12896,0,0.00018787193
12897,0,8.969047e-06
12898,0,6.5318227e-06
12899,0,4.7741682e-06
12900,0,2.4677554e-06
12901,0,2.7676722e-05
12902,0,2.2591288e-05
12903,0,7.964495e-06
12904,0,7.231891e-06
12905,0,0.0003583912
12906,0,0.00021640328
12907,0,1.7930313e-05
12908,0,2.9705048e-05
12909,0,0.0037816726
12910,0,1.0084456e-05
12911,0,1.9812685e-05
12912,0,4.0763675e-06
12913,0,8.6349326e-05
12914,0,4.2743515e-05
12915,0,6.638171e-06
12916,0,2.2187663e-05
12917,0,0.00010259401
12918,0,0.00011037306
12919,0,5.3503263e-06
12920,0,6.6406783e-06
12921,0,5.905833e-06
12922,0,0.00011913169
12923,0,4.6991805e-05
12924,0,0.0024527924
12925,0,5.602079e-06
12926,0,1.0076353e-05
12927,0,2.7484139e-05
12928,0,7.3546515e-05
12929,0,8.378261e-05
12930,0,1.3519721e-05
12931,0,4.67239e-06
12932,0,1.9460447e-06
12933,0,6.2877552e-06
12934,0,3.3816883e-05
12935,0,3.994722e-05
12936,0,5.891668e-06
12937,0,3.7798492e-07
12938,0,6.1710402e-06
12939,0,1.973663e-05
12940,0,1.5736003e-05
12941,0,9.688292e-07
12942,0,2.4668802e-06
12943,0,1.6305596e-05
12944,0,0.00016355107
12945,0,3.4804282e-06
12946,0,2.1824112e-06
12947,0,1.1460906e-05
12948,0,7.914876e-05
12949,0,1.1352105e-05
12950,0,1.2616148e-05
12951,0,1.4135593e-05
12952,0,2.1363421e-05
12953,0,0.0001391788
12954,0,4.223442e-06
12955,0,9.737496e-05
12956,0,6.666357e-08
12957,0,2.0694802e-06
12958,0,0.0048706587
12959,0,4.6827704e-06
12960,0,6.053704e-07
12961,0,2.168517e-06
12962,0,5.558286e-07
12963,0,6.7037545e-06
12964,0,3.472203e-06
12965,0,9.927875e-07
12966,0,0.0021366032
12967,0,5.9338295e-06
12968,0,8.172314e-06
12969,0,2.7843896e-06
12970,0,5.8342175e-07
12971,0,1.783607e-05
12972,0,0.0010785271
12973,0,2.4236952e-06
12974,0,1.3488169e-05
12975,0,0.00012531481
12976,0,8.9610774e-07
12977,0,6.7386037e-07
12978,0,3.090645e-05
12979,0,9.733312e-06
12980,0,6.318442e-06
12981,0,2.1436914e-05
12982,0,0.0001381463
12983,0,6.2855374e-06
12984,0,0.00036660142
12985,0,6.2437466e-06
12986,0,1.3951072e-05
12987,0,1.1129587e-06
12988,0,2.0293877e-05
12989,0,3.1898248e-06
12990,0,5.147583e-06
12991,0,0.00024346233
12992,0,0.00022809963
12993,0,0.00012298918
12994,0,1.6692286e-06
12995,0,9.9791e-05
12996,0,7.2248964e-05
12997,0,0.00033877348
12998,0,0.00020825109
12999,0,5.444916e-05
13000,0,4.169786e-05
13001,0,5.1446284e-05
13002,0,9.386209e-06
13003,0,2.372462e-05
13004,0,8.192353e-06
13005,0,1.6022537e-05
13006,0,2.0014525e-06
13007,0,1.0786335e-05
13008,0,4.9311682e-05
13009,0,3.3437806e-05
13010,0,9.471129e-05
13011,0,5.8930782e-05
13012,0,1.8889608e-05
13013,0,0.005796989
13014,0,2.065519e-05
13015,0,4.667503e-08
13016,0,1.7484608e-05
13017,0,2.2231316e-05
13018,0,6.096135e-07
13019,0,1.1920118e-06
13020,0,3.757702e-05
13021,0,4.520058e-05
13022,0,0.00020907319
13023,0,7.6267424e-06
13024,0,3.2255268e-06
13025,0,8.1424776e-05
13026,0,0.00054619944
13027,0,6.4663977e-06
13028,0,5.3061816e-05
13029,0,3.301026e-06
13030,0,4.523827e-05
13031,0,8.9936686e-05
13032,0,7.399602e-07
13033,0,8.083909e-06
13034,0,0.00013692063
13035,0,5.8460497e-05
13036,0,7.63006e-06
13037,0,2.7740853e-05
13038,0,1.3327636e-06
13039,0,2.99983e-07
13040,0,4.036268e-06
13041,0,1.0323285e-05
13042,0,0.00207184
13043,0,4.396188e-06
13044,0,0.0012699341
13045,0,1.2858776e-06
13046,0,3.7430134e-05
13047,0,0.0007535212
13048,0,6.3226885e-08
13049,0,1.8440674e-05
13050,0,2.6066032e-06
13051,0,1.6823038e-05
13052,0,5.2550495e-05
13053,0,1.6467698e-06
13054,0,3.7316074e-06
13055,0,2.853984e-05
13056,0,1.1103878e-05
13057,0,0.00028192735
13058,0,0.0009366897
13059,0,4.108271e-05
13060,0,6.277552e-06
13061,0,9.493581e-05
13062,0,9.311328e-06
13063,0,5.0845856e-06
13064,0,9.235705e-06
13065,0,0.00045773986
13066,0,2.0617188e-05
13067,0,1.4181974e-05
13068,0,0.0026242775
13069,0,5.894118e-06
13070,0,7.512506e-06
13071,0,6.202222e-06
13072,0,0.001739409
13073,0,4.100119e-06
13074,0,6.8696954e-07
13075,0,1.3762658e-08
13076,0,5.176681e-05
13077,0,1.3050293e-05
13078,0,4.6375582e-05
13079,0,0.054026544
13080,0,4.426405e-07
13081,0,1.1548304e-05
13082,0,4.560813e-06
13083,0,9.018915e-06
13084,0,1.2676714e-05
13085,0,2.5280207e-05
13086,0,5.940902e-07
13087,0,4.2838693e-07
13088,0,8.6602796e-07
13089,0,0.00026634376
13090,0,1.902975e-07
13091,0,0.00051134976
13092,0,1.3097522e-05
13093,0,5.802207e-07
13094,0,8.26336e-05
13095,0,2.2375909e-05
13096,0,3.7180346e-06
13097,0,7.709728e-05
13098,0,1.045019e-07
13099,0,9.8621465e-05
13100,0,5.891668e-06
13101,0,0.0031936774
13102,0,5.6715257e-05
13103,0,6.3664374e-06
13104,0,0.00023456439
13105,0,2.147571e-05
13106,0,1.13743745e-05
13107,0,0.00012657423
13108,0,2.2949537e-06
13109,0,0.0002133311
13110,0,3.194977e-05
13111,0,3.1640015e-05
13112,0,0.0016448316
13113,0,6.00614e-06
13114,0,0.00037386423
13115,0,0.0006702515
13116,0,3.3519314e-05
13117,0,2.4017465e-06
13118,0,0.00025624014
13119,0,6.940625e-05
13120,0,7.818772e-05
13121,0,1.7964983e-07
13122,0,2.3510354e-06
13123,0,2.7894928e-06
13124,0,0.004671353
13125,0,1.6961483e-05
13126,0,4.0049418e-08
13127,0,3.189485e-05
13128,0,7.523547e-06
13129,0,0.00012829475
13130,0,3.1601423e-06
13131,0,2.3630816e-06
13132,0,0.001376598
13133,0,1.9366344e-05
13134,0,2.3758357e-05
13135,0,6.908941e-05
13136,0,1.4356578e-05
13137,0,4.217556e-05
13138,0,2.8274737e-05
13139,0,3.1748866e-06
13140,0,6.4390287e-07
13141,0,4.426144e-05
13142,0,2.7639123e-06
13143,0,0.00029479913
13144,0,0.41879869
13145,0,4.0434034e-06
13146,0,7.498652e-07
13147,0,3.9736424e-06
13148,0,6.217033e-06
13149,0,0.0016996461
13150,0,3.6470914e-07
13151,0,7.565804e-06
13152,0,2.6430562e-05
13153,0,4.0436513e-05
13154,0,3.1872503e-05
13155,0,1.2313075e-07
13156,0,2.6252988e-07
13157,0,2.364254e-06
13158,0,1.8863488e-05
13159,0,0.0023226873
13160,0,2.7602325e-06
13161,0,2.4786618e-06
13162,0,1.7119122e-06
13163,0,0.0013836048
13164,0,0.0060239187
13165,0,3.775187e-05
13166,0,0.00038768194
13167,0,2.8902307e-06
13168,0,8.5930566e-05
13169,0,4.843124e-05
13170,0,1.0991324e-06
13171,0,3.9176334e-06
13172,0,5.7059307e-05
13173,0,7.837788e-06
13174,0,0.00011951969
13175,0,0.00017777599
13176,0,6.6983375e-05
13177,0,6.9451203e-06
13178,0,1.3090916e-05
13179,0,7.156165e-07
13180,0,1.4619951e-06
13181,0,6.876355e-06
13182,0,1.3595163e-05
13183,0,9.16878e-09
13184,0,5.191267e-06
13185,0,1.2895253e-05
13186,0,4.3407443e-08
13187,0,0.000114871356
13188,0,1.5439138e-05
13189,0,1.5357416e-06
13190,0,8.284411e-05
13191,0,7.626836e-08
13192,0,1.6955848e-07
13193,0,1.1317007e-05
13194,0,2.8608294e-05
13195,0,2.447181e-06
13196,0,0.00041985058
13197,0,4.969706e-06
13198,0,5.3219455e-06
13199,0,0.00019438638
13200,0,3.3181015e-05
13201,0,8.780198e-05
13202,0,1.5911866e-05
13203,0,3.4061686e-06
13204,0,1.0482732e-05
13205,0,4.6203208e-05
13206,0,3.895403e-06
13207,0,1.2906633e-05
13208,0,9.917115e-07
13209,0,1.1969092e-05
13210,0,3.0069447e-07
13211,0,0.00036605785
13212,0,7.57255e-07
13213,0,3.45147e-05
13214,0,0.00044481372
13215,0,0.0014806201
13216,0,7.843318e-05
13217,0,4.8268254e-07
13218,0,1.4181095e-05
13219,0,4.629565e-05
13220,0,2.727268e-05
13221,0,1.411214e-06
13222,0,2.9982335e-05
13223,0,4.0522133e-07
13224,0,1.3971669e-05
13225,0,2.6888532e-07
13226,0,6.47802e-06
13227,0,0.0017745779
13228,0,0.00025174208
13229,0,8.665551e-05
13230,0,1.8252991e-05
13231,0,8.758315e-06
13232,0,1.7654573e-05
13233,0,6.392546e-07
13234,0,1.3431447e-05
13235,0,3.3169945e-05
13236,0,2.171342e-05
13237,0,2.9856412e-06
13238,0,0.000755981
13239,0,9.517393e-05
13240,0,1.4044797e-05
13241,0,7.577839e-07
13242,0,2.0720869e-05
13243,0,8.825776e-07
13244,0,4.751272e-06
13245,0,3.8403847e-05
13246,0,3.2049857e-06
13247,0,5.0888257e-06
13248,0,0.0038295975
13249,0,0.0002232158
13250,0,7.350471e-06
13251,0,5.5067185e-06
13252,0,8.555944e-06
13253,0,1.0138525e-06
13254,0,2.6811124e-06
13255,0,3.0080111e-05
13256,0,9.153369e-06
13257,0,3.1228194e-06
13258,0,4.051653e-05
13259,0,2.2099415e-05
13260,0,6.126462e-05
13261,0,1.5079353e-05
13262,0,1.9116078e-05
13263,0,1.3924515e-05
13264,0,2.6245374e-05
13265,0,0.00059310073
13266,0,1.3413298e-06
13267,0,6.0373208e-05
13268,0,1.1992856e-06
13269,0,9.008401e-07
13270,0,5.343784e-06
13271,0,3.1692915e-07
13272,0,7.60237e-05
13273,0,1.1300648e-06
13274,0,3.7829327e-07
13275,0,1.8606124e-06
13276,0,6.0269226e-06
13277,0,3.6359302e-06
13278,0,3.2102846e-05
13279,0,8.803123e-06
13280,0,0.00023800306
13281,0,2.3284159e-07
13282,0,0.00024519293
13283,0,1.8630005e-06
13284,0,1.1966525e-05
13285,0,0.015792564
13286,0,3.6011847e-05
13287,0,5.9008283e-07
13288,0,2.0194337e-05
13289,0,6.915374e-05
13290,0,3.198364e-05
13291,0,3.7496297e-06
13292,0,7.00324e-05
13293,0,0.00021711341
13294,0,6.435542e-07
13295,0,0.0003196412
13296,0,1.5836386e-05
13297,0,1.991327e-05
13298,0,1.3797089e-05
13299,0,1.9185948e-06
13300,0,3.7248733e-06
13301,0,1.3674586e-05
13302,0,0.00022862568
13303,0,6.462649e-06
13304,0,1.395223e-05
13305,0,6.018307e-06
13306,0,2.5320269e-06
13307,0,1.2558012e-05
13308,0,7.498183e-06
13309,0,1.09322e-05
13310,0,0.0018720361
13311,0,3.081539e-05
13312,0,8.6722675e-06
13313,0,7.149949e-05
13314,0,8.708856e-07
13315,0,0.0012342046
13316,0,2.4654088e-05
13317,0,1.9749114e-05
13318,0,4.0177365e-05
13319,0,7.527921e-05
13320,0,0.000720437
13321,0,0.00019368721
13322,0,2.759401e-06
13323,0,0.00089735386
13324,0,7.3863366e-06
13325,0,0.000110760106
13326,0,0.00012540314
13327,0,5.744766e-05
13328,0,0.00010553467
13329,0,1.9414978e-05
13330,0,1.6545778e-06
13331,0,1.5269066e-05
13332,0,2.0047705e-06
13333,0,1.8267985e-05
13334,0,4.2234846e-05
13335,0,1.5909682e-05
13336,0,6.2085596e-06
13337,0,6.295988e-06
13338,0,2.1561527e-05
13339,0,1.8993149e-05
13340,0,1.7901471e-05
13341,0,3.3763695e-06
13342,0,2.6894639e-05
13343,0,0.0061530825
13344,0,1.1450765e-07
13345,0,2.1490581e-05
13346,0,6.6555316e-07
13347,0,0.000390751
13348,0,6.7194305e-05
13349,0,0.0022677428
13350,0,1.6116219e-05
13351,0,5.362673e-05
13352,0,6.717214e-05
13353,0,8.1888703e-07
13354,0,0.004166743
13355,0,2.7407712e-05
13356,0,0.007870955
13357,0,2.3588022e-05
13358,0,1.2132582e-05
13359,0,1.2064773e-05
13360,0,0.00058314647
13361,0,0.00012735634
13362,0,7.797721e-07
13363,0,2.8232354e-05
13364,0,2.928528e-06
13365,0,3.721757e-05
13366,0,2.041442e-05
13367,0,2.0073455e-06
13368,0,1.8632563e-05
13369,0,3.2206642e-06
13370,0,6.156388e-07
13371,0,2.4016475e-05
13372,0,2.6999098e-05
13373,0,0.0027263514
13374,0,2.4739298e-05
13375,0,2.6047784e-08
13376,0,1.0644819e-06
13377,0,5.1944166e-06
13378,0,7.3140477e-06
13379,0,2.6646238e-05
13380,0,5.9755974e-05
13381,0,7.5612796e-08
13382,0,2.511508e-06
13383,0,8.4560355e-07
13384,0,1.072662e-06
13385,0,3.2140862e-05
13386,0,1.0393776e-07
13387,0,3.6807928e-06
13388,0,3.4130555e-06
13389,0,6.8642275e-06
13390,0,2.138857e-06
13391,0,4.0752248e-06
13392,0,2.229267e-05
13393,0,8.474409e-07
13394,0,2.5317198e-07
13395,0,1.5963164e-05
13396,0,0.00084416324
13397,0,3.3790297e-06
13398,0,0.0014363826
13399,0,6.0432994e-05
13400,0,9.159892e-06
13401,0,4.0596592e-07
13402,0,1.1282556e-05
13403,0,3.3379598e-05
13404,0,3.403981e-05
13405,0,9.07329e-06
13406,0,5.628355e-07
13407,0,3.2403997e-05
13408,0,8.799682e-06
13409,0,4.9893402e-05
13410,0,2.298844e-06
13411,0,2.6820311e-05
13412,0,2.0654028e-05
13413,0,9.0336687e-07
13414,0,3.5541438e-05
13415,0,8.8796736e-07
13416,0,4.8042903e-06
13417,0,1.3540405e-07
13418,0,4.2913667e-05
13419,0,3.5036825e-07
13420,0,5.296922e-06
13421,0,5.38497e-05
13422,0,3.258611e-07
13423,0,6.5826293e-07
13424,0,1.4404468e-05
13425,0,1.6875476e-06
13426,0,5.3024138e-05
13427,0,2.8664823e-05
13428,0,8.5439815e-08
13429,0,5.420916e-06
13430,0,0.0062418776
13431,0,6.4467343e-07
13432,0,0.021287331
13433,0,1.04775845e-05
13434,0,7.123161e-06
13435,0,0.0002631284
13436,0,8.048447e-06
13437,0,1.0654646e-05
13438,0,1.1936382e-07
13439,0,0.004377533
13440,0,0.000119697725
13441,0,1.2195188e-05
13442,0,1.6330185e-05
13443,0,1.6648423e-06
13444,0,9.7925375e-05
13445,0,1.1899564e-05
13446,0,1.07690685e-05
13447,0,2.2601412e-06
13448,0,2.267802e-05
13449,0,3.0645135e-06
13450,0,1.749994e-07
13451,0,6.5404183e-06
13452,0,0.0008738388
13453,0,2.8570844e-06
13454,0,4.7876324e-06
13455,0,3.4887362e-06
13456,0,1.6443828e-05
13457,0,1.5813734e-05
13458,0,0.00027129374
13459,0,1.5031308e-06
13460,0,1.9588663e-06
13461,0,1.7798178e-05
13462,0,1.8269013e-05
13463,0,0.00011638575
13464,0,4.2746037e-06
13465,0,0.000777891
13466,0,5.8750716e-06
13467,0,1.4666915e-06
13468,0,1.2398212e-06
13469,0,1.1455715e-05
13470,0,1.3268981e-06
13471,0,5.8139984e-05
13472,0,4.388849e-06
13473,0,2.5058546e-06
13474,0,1.1436691e-06
13475,0,2.4668261e-06
13476,0,1.5285836e-05
13477,0,0.0018253982
13478,0,0.00072989304
13479,0,2.6520926e-05
13480,0,4.0379773e-06
13481,0,5.5053457e-05
13482,0,2.5665613e-06
13483,0,3.907693e-06
13484,0,0.0005240064
13485,0,3.6359302e-06
13486,0,0.0004089832
13487,0,4.587791e-05
13488,0,7.2632083e-06
13489,0,6.215754e-07
13490,0,1.8503459e-05
13491,0,9.623731e-07
13492,0,0.0006306322
13493,0,0.00016224402
13494,0,1.5235901e-05
13495,0,0.00044926812
13496,0,2.6040215e-07
13497,0,5.32959e-06
13498,0,8.458274e-06
13499,0,1.1746998e-05
13500,0,1.2790779e-05
13501,0,0.0012576609
13502,0,0.00016103673
13503,0,3.1839423e-05
13504,0,1.9382562e-06
13505,0,3.1864238e-05
13506,0,7.763597e-06
13507,0,3.5175802e-07
13508,0,1.1142267e-05
13509,0,8.816751e-06
13510,0,1.9713812e-05
13511,0,2.8741795e-05
13512,0,3.0792903e-06
13513,0,4.0392174e-06
13514,0,4.512405e-05
13515,0,2.0276652e-06
13516,0,0.00041164338
13517,0,0.00013977422
13518,0,5.629161e-06
13519,0,1.9714056e-05
13520,0,3.3248372e-07
13521,0,0.00020534651
13522,0,7.775899e-05
13523,0,1.40247475e-05
13524,0,0.00021822519
13525,0,1.6569431e-05
13526,0,3.2204366e-06
13527,0,1.7698841e-05
13528,0,1.4849736e-05
13529,0,0.0021697383
13530,0,2.0667405e-06
13531,0,4.1331296e-05
13532,0,6.5171385e-05
13533,0,4.0062852e-05
13534,0,2.6853372e-06
13535,0,2.8109578e-06
13536,0,2.7066515e-05
13537,0,1.2182889e-05
13538,0,1.0816487e-05
13539,0,1.3085571e-06
13540,0,5.688568e-06
13541,0,4.0781408e-05
13542,0,2.525855e-06
13543,0,9.153168e-06
13544,0,1.4292045e-05
13545,0,1.6136288e-05
13546,0,2.6126756e-06
13547,0,4.2723556e-08
13548,0,0.0007086144
13549,0,0.0001935626
13550,0,1.0651902e-05
13551,0,0.00021183728
13552,0,3.7347868e-06
13553,0,3.9730634e-07
13554,0,6.612543e-06
13555,0,6.7892092e-06
13556,0,2.9634823e-05
13557,0,1.4279919e-05
13558,0,0.00013977422
13559,0,7.7854034e-05
13560,0,8.0792086e-07
13561,0,1.5221171e-07
13562,0,9.598176e-07
13563,0,0.0003077504
13564,0,0.000111648726
13565,0,0.00028677343
13566,0,9.019018e-06
13567,0,3.049351e-06
13568,0,1.570087e-06
13569,0,5.6603303e-06
13570,0,0.00037744665
13571,0,1.7457884e-05
13572,0,1.2781677e-06
13573,0,1.3450688e-05
13574,0,0.00041356063
13575,0,7.1228624e-06
13576,0,2.8670454e-05
13577,0,1.9260842e-05
13578,0,3.506797e-05
13579,0,3.2282687e-06
13580,0,3.6298664e-07
13581,0,5.4654545e-05
13582,0,0.00027677443
13583,0,4.7666737e-05
13584,0,6.694095e-06
13585,0,9.212499e-06
13586,0,4.7083834e-08
13587,0,0.00034589347
13588,0,8.227734e-05
13589,0,5.784754e-06
13590,0,0.015897825
13591,0,3.0208405e-06
13592,0,6.0067465e-05
13593,0,6.8551795e-05
13594,0,9.112329e-07
13595,0,1.6155427e-05
13596,0,0.000111152745
13597,0,8.636142e-06
13598,0,0.00014706544
13599,0,0.00011250155
13600,0,7.085367e-05
13601,0,6.276841e-05
13602,0,1.2168375e-05
13603,0,0.000121639285
13604,0,4.4897447e-06
13605,0,9.788183e-07
13606,0,7.706744e-06
13607,0,1.6952175e-06
13608,0,9.672665e-06
13609,0,1.9403647e-06
13610,0,3.1892835e-06
13611,0,1.5928439e-06
13612,0,2.0017877e-05
13613,0,9.79886e-06
13614,0,4.586332e-08
13615,0,1.6510171e-06
13616,0,3.2470103e-05
13617,0,1.17883865e-05
13618,0,2.0522261e-06
13619,0,1.4657041e-07
13620,0,3.435867e-06
13621,0,5.8177753e-05
13622,0,3.1028346e-06
13623,0,7.513083e-05
13624,0,5.8678427e-07
13625,0,3.5950407e-06
13626,0,4.762477e-07
13627,0,2.6314543e-05
13628,0,2.3997638e-06
13629,0,0.00038805685
13630,0,8.8582674e-05
13631,0,2.535116e-05
13632,0,1.7578586e-05
13633,0,4.0328473e-06
13634,0,1.0894032e-06
13635,0,8.341916e-05
13636,0,9.125095e-06
13637,0,6.9537884e-05
13638,0,1.3859295e-05
13639,0,0.0005773481
13640,0,5.969514e-06
13641,0,0.00021031118
13642,0,1.1898634e-05
13643,0,0.001132454
13644,0,2.743225e-06
13645,0,5.7157496e-05
13646,0,2.498088e-06
13647,0,0.0004010444
13648,0,3.2183954e-05
13649,0,2.840672e-07
13650,0,0.00035787257
13651,0,2.6208086e-06
13652,0,3.355379e-05
13653,0,4.025815e-06
13654,0,4.022255e-07
13655,0,0.00015068619
13656,0,1.5923904e-05
13657,0,5.482607e-07
13658,0,2.6731365e-07
13659,0,7.0906026e-07
13660,0,1.2101345e-06
13661,0,4.4831693e-05
13662,0,1.0777164e-05
13663,0,2.8416173e-06
13664,0,4.5345223e-06
13665,0,1.9143972e-05
13666,0,0.000118832504
13667,0,1.8397797e-05
13668,0,9.3281017e-07
13669,0,0.00016993737
13670,0,6.925437e-06
13671,0,2.2121826e-07
13672,0,1.6920953e-06
13673,0,0.00027888184
13674,0,2.6712405e-06
13675,0,7.858131e-06
13676,0,1.4062127e-05
13677,0,0.00020400835
13678,0,1.5959913e-06
13679,0,8.161279e-07
13680,0,1.0265579e-05
13681,0,6.1887267e-06
13682,0,2.392351e-06
13683,0,7.617799e-05
13684,0,8.729123e-05
13685,0,2.3410055e-06
13686,0,2.1228105e-05
13687,0,8.404193e-06
13688,0,0.00017004272
13689,0,2.3199032e-06
13690,0,1.1953898e-05
13691,0,4.931239e-06
13692,0,3.776736e-07
13693,0,0.00016408044
13694,0,6.9724288e-06
13695,0,8.202089e-08
13696,0,0.00021224123
13697,0,5.251508e-05
13698,0,4.358721e-06
13699,0,8.386974e-07
13700,0,5.0911043e-05
13701,0,3.6298057e-05
13702,0,3.167571e-06
13703,0,1.8762372e-05
13704,0,2.8154625e-06
13705,0,0.00022050856
13706,0,6.699347e-05
13707,0,0.00041514277
13708,0,6.092008e-05
13709,0,4.500865e-06
13710,0,2.9663195e-06
13711,0,7.811498e-05
13712,0,0.000114961986
13713,0,4.2314446e-06
13714,0,0.00054330006
13715,0,1.7551349e-05
13716,0,1.1072335e-05
13717,0,3.7096723e-07
13718,0,1.4420231e-05
13719,0,0.000689286
13720,0,3.7505487e-07
13721,0,4.2427928e-05
13722,0,4.5834036e-06
13723,0,8.734086e-05
13724,0,0.00068893493
13725,0,3.6643316e-05
13726,0,0.00013646872
13727,0,4.9418308e-05
13728,0,1.4997621e-05
13729,0,1.4515268e-05
13730,0,7.396146e-08
13731,0,0.003570307
13732,0,3.9895785e-05
13733,0,1.089707e-05
13734,0,2.6802509e-06
13735,0,1.0018861e-05
13736,0,1.0061028e-05
13737,0,6.0473467e-05
13738,0,2.8631956e-05
13739,0,0.0048487424
13740,0,5.013813e-05
13741,0,0.00035769452
13742,0,2.2459584e-05
13743,0,2.4559508e-06
13744,0,2.2551982e-05
13745,0,1.4315302e-05
13746,0,2.9762583e-05
13747,0,6.541428e-05
13748,0,4.806563e-07
13749,0,0.0014980792
13750,0,0.00016221772
13751,0,6.0271004e-06
13752,0,4.791466e-05
13753,0,0.00010794133
13754,0,7.462073e-06
13755,0,2.7119017e-06
13756,0,0.00015910143
13757,0,0.00038466227
13758,0,6.250091e-06
13759,0,4.966229e-06
13760,0,3.7438663e-06
13761,0,9.591707e-07
13762,0,4.028239e-06
13763,0,1.303846e-06
13764,0,1.3080121e-05
13765,0,8.7087195e-05
13766,0,1.7590995e-05
13767,0,6.948042e-07
13768,0,2.942573e-06
13769,0,5.7375755e-06
13770,0,1.5837322e-05
13771,0,0.00061791047
13772,0,6.1493523e-07
13773,0,1.1515103e-05
13774,0,0.0001201964
13775,0,2.8632187e-06
13776,0,1.6780401e-05
13777,0,1.3020607e-05
13778,0,0.00013903553
13779,0,2.4382369e-05
13780,0,6.406537e-06
13781,0,1.3064066e-05
13782,0,3.0070416e-05
13783,0,4.655726e-05
13784,0,8.275363e-08
13785,0,3.3094734e-06
13786,0,7.4729123e-06
13787,0,0.0002891231
13788,0,2.4409914e-05
13789,0,0.002981197
13790,0,9.440337e-05
13791,0,0.0005432428
13792,0,2.145e-05
13793,0,9.49465e-06
13794,0,3.510868e-06
13795,0,4.754159e-06
13796,0,7.246589e-06
13797,0,6.4706787e-06
13798,0,0.0003675543
13799,0,1.7479022e-05
13800,0,1.6227164e-05
13801,0,0.00010271509
13802,0,5.1339735e-05
13803,0,0.00010949574
13804,0,2.5130816e-05
13805,0,1.4601123e-05
13806,0,2.750775e-07
13807,0,9.289853e-05
13808,0,0.002923511
13809,0,0.00011553972
13810,0,0.00015137615
13811,0,4.3123453e-07
13812,0,1.1665092e-05
13813,0,6.4597098e-06
13814,0,1.1749665e-05
13815,0,1.9511774e-06
13816,0,7.8105666e-05
13817,0,7.378255e-06
13818,0,9.202076e-06
13819,0,3.8531175e-07
13820,0,2.4444428e-06
13821,0,6.4169234e-07
13822,0,0.0017922531
13823,0,2.5287874e-05
13824,0,1.6133189e-06
13825,0,5.347845e-07
13826,0,5.706667e-06
13827,0,0.0016743101
13828,0,5.121823e-07
13829,0,8.091932e-07
13830,0,0.0045722164
13831,0,0.00018992882
13832,0,1.115143e-06
13833,0,1.7312858e-06
13834,0,4.8867525e-05
13835,0,5.4569755e-06
13836,0,6.1247357e-07
13837,0,2.6335942e-06
13838,0,3.9481158e-05
13839,0,1.3372808e-05
13840,0,5.1307732e-05
13841,0,2.1268796e-05
13842,0,6.874171e-07
13843,0,1.7528231e-05
13844,0,9.628397e-08
13845,0,7.0026654e-05
13846,0,8.234994e-05
13847,0,4.193471e-07
13848,0,2.2224563e-06
13849,0,1.0972852e-05
13850,0,6.2583044e-06
13851,0,0.000105209125
13852,0,3.932344e-06
13853,0,5.8721926e-05
13854,0,1.6951981e-06
13855,0,2.6861132e-06
13856,0,1.2575702e-05
13857,0,9.09426e-05
13858,0,6.607891e-06
13859,0,1.0367716e-06
13860,0,1.1324349e-05
13861,0,3.4728255e-06
13862,0,9.259428e-06
13863,0,1.3437317e-06
13864,0,4.5962865e-05
13865,0,6.193893e-06
13866,0,3.7397267e-06
13867,0,2.2406914e-05
13868,0,0.0013731158
13869,0,7.799619e-06
13870,0,8.814442e-05
13871,0,4.5589495e-05
13872,0,0.00022401573
13873,0,6.306811e-06
13874,0,1.1513994e-05
13875,0,0.00058894634
13876,0,1.5563566e-05
13877,0,2.483359e-05
13878,0,1.2918266e-06
13879,0,5.579557e-06
13880,0,9.387445e-06
13881,0,0.0001412402
13882,0,7.545141e-05
13883,0,3.810643e-06
13884,0,0.00012744586
13885,0,3.0365156e-05
13886,0,0.0019479527
13887,0,8.862619e-06
13888,0,1.678588e-06
13889,0,1.4864136e-07
13890,0,0.0005748341
13891,0,0.00029699077
13892,0,0.00010888445
13893,0,1.1795922e-05
13894,0,1.5475503e-05
13895,0,8.588045e-08
13896,0,6.7946753e-06
13897,0,2.4587274e-07
13898,0,4.747422e-06
13899,0,4.1468807e-05
13900,0,2.2988572e-06
13901,0,4.926844e-07
13902,0,2.697699e-06
13903,0,6.8013745e-05
13904,0,8.635275e-07
13905,0,0.0001823873
13906,0,2.4073459e-05
13907,0,1.1742743e-05
13908,0,1.0800085e-06
13909,0,1.462865e-05
13910,0,1.1693822e-06
13911,0,3.0348308e-06
13912,0,5.705816e-05
13913,0,5.158173e-06
13914,0,0.0002621371
13915,0,0.0018198912
13916,0,0.00064993947
13917,0,6.3407765e-06
13918,0,6.837395e-06
13919,0,0.00010524184
13920,0,3.2020571e-07
13921,0,1.0867614e-06
13922,0,8.2216815e-07
13923,0,0.00010612008
13924,0,3.7880952e-07
13925,0,3.4880795e-05
13926,0,7.781001e-06
13927,0,3.2377277e-05
13928,0,0.00021357901
13929,0,9.272507e-06
13930,0,3.357076e-06
13931,0,8.220095e-05
13932,0,5.886855e-06
13933,0,2.3542125e-06
13934,0,6.03223e-06
13935,0,2.7898836e-06
13936,0,9.919802e-07
13937,0,2.0239799e-05
13938,0,1.4882186e-05
13939,0,7.4221934e-06
13940,0,4.8609476e-05
13941,0,5.861032e-05
13942,0,4.791136e-06
13943,0,7.8429366e-05
13944,0,0.00037732162
13945,0,2.5876683e-05
13946,0,1.452769e-05
13947,0,3.507942e-07
13948,0,8.8099915e-07
13949,0,4.9933888e-06
13950,0,0.0013642476
13951,0,0.00020627078
13952,0,3.2146563e-05
13953,0,4.1183506e-07
13954,0,1.3595396e-05
13955,0,0.00025624136
13956,0,0.0005096627
13957,0,0.00034799462
13958,0,2.2169272e-06
13959,0,1.6671811e-06
13960,0,0.0001102523
13961,0,0.0001165729
13962,1,0.2962446
13963,0,1.3445008e-06
13964,0,1.0814691e-05
13965,0,1.9132092e-05
13966,0,3.5836727e-06
13967,0,2.6947706e-05
13968,0,6.80533e-07
13969,0,0.0007315051
13970,0,1.4185086e-05
13971,0,2.5489315e-05
13972,0,0.00036618454
13973,0,1.8155079e-05
13974,0,8.0273285e-06
13975,0,5.7629986e-06
13976,0,3.951765e-08
13977,0,0.00021655046
13978,0,1.2522975e-06
13979,0,3.2734292e-06
13980,0,1.5476006e-05
13981,0,1.240203e-05
13982,0,4.5306226e-07
13983,0,3.8269695e-06
13984,0,5.623731e-06
13985,0,8.5291016e-05
13986,0,2.1600072e-06
13987,0,1.176598e-05
13988,0,1.4606085e-06
13989,0,2.7325374e-05
13990,0,5.117959e-06
13991,0,7.198915e-05
13992,0,2.1861422e-06
13993,0,5.110805e-07
13994,0,0.00023981374
13995,0,1.9982572e-05
13996,0,0.0009657932
13997,0,8.1393756e-07
13998,0,3.177722e-06
13999,0,5.2715286e-06
14000,0,1.7039676e-05
14001,0,1.3456897e-05
14002,0,3.7482569e-06
14003,0,8.896499e-07
14004,0,4.3083924e-06
14005,0,1.4856639e-07
14006,0,1.4924406e-06
14007,0,9.1293e-07
14008,0,4.9189234e-06
14009,0,0.000117288844
14010,0,5.9283257e-06
14011,0,1.732805e-08
14012,0,6.5673674e-07
14013,0,2.4557643e-05
14014,0,8.1125305e-05
14015,0,0.0008888367
14016,0,0.0008748373
14017,0,3.0964204e-06
14018,0,8.279945e-06
14019,0,0.00020415585
14020,0,1.8049282e-06
14021,0,3.8241073e-05
14022,0,2.6591277e-05
14023,0,3.8971448e-05
14024,0,9.2894317e-07
14025,0,2.7127395e-05
14026,0,4.2819988e-07
14027,0,3.356374e-05
14028,0,2.092355e-05
14029,0,7.942847e-06
14030,0,2.2803757e-05
14031,0,1.3675708e-07
14032,0,7.963788e-06
14033,0,3.8207352e-05
14034,0,2.0455187e-05
14035,0,2.88213e-06
14036,0,2.6572166e-05
14037,0,7.467623e-07
14038,0,3.4639143e-05
14039,0,1.7453089e-06
14040,0,3.902584e-07
14041,0,2.2141816e-05
14042,0,3.5310964e-05
14043,0,3.9770584e-05
14044,0,3.4886914e-05
14045,0,4.188427e-07
14046,0,7.2568474e-07
14047,0,9.486205e-05
14048,0,0.00012288766
14049,0,0.00085280923
14050,0,0.0015275171
14051,0,5.731319e-06
14052,0,3.5185435e-06
14053,0,7.0523434e-05
14054,0,8.8666e-05
14055,0,2.9444877e-06
14056,0,2.2477961e-06
14057,0,5.395796e-05
14058,0,5.5289247e-06
14059,0,0.00068063836
14060,0,6.3087e-05
14061,0,0.000108589666
14062,0,2.7655024e-06
14063,0,6.1545666e-06
14064,0,5.0884915e-07
14065,0,0.00037232076
14066,0,2.002894e-06
14067,0,6.5902386e-06
14068,0,0.0036622135
14069,0,1.534231e-05
14070,0,7.720639e-05
14071,0,5.547458e-06
14072,0,4.215202e-08
14073,0,4.4439412e-07
14074,0,4.3326654e-06
14075,0,0.000477044
14076,0,4.606106e-06
14077,0,1.0622089e-07
14078,0,1.1412047e-06
14079,0,4.9000687e-06
14080,0,1.4564423e-05
14081,0,1.0707808e-05
14082,0,0.00036199772
14083,0,0.0052633383
14084,0,5.0532526e-07
14085,0,0.0006177129
14086,0,7.2872904e-06
14087,0,5.6308763e-05
14088,0,0.0001083279
14089,0,6.614077e-05
14090,0,8.641679e-05
14091,0,4.655726e-05
14092,0,8.469413e-06
14093,0,5.8174315e-05
14094,0,2.820827e-06
14095,0,2.2143147e-05
14096,0,1.2492722e-05
14097,0,7.935694e-08
14098,0,1.511406e-06
14099,0,3.5624808e-07
14100,0,0.00010229859
14101,0,6.5055495e-08
14102,0,7.817841e-06
14103,0,2.673157e-07
14104,0,9.204926e-05
14105,0,5.613106e-06
14106,0,9.574739e-06
14107,0,0.0001538278
14108,0,0.0025876432
14109,0,0.043189865
14110,0,2.6479705e-05
14111,0,1.0430926e-05
14112,0,4.9088958e-05
14113,0,1.1005318e-05
14114,0,9.8063116e-05
14115,0,0.00013400447
14116,0,8.031201e-05
14117,0,0.00012047548
14118,0,1.4252341e-06
14119,0,8.520282e-05
14120,0,8.28568e-06
14121,0,2.3531238e-06
14122,0,4.3769865e-06
14123,0,3.939958e-05
14124,0,6.3782145e-06
14125,0,8.141613e-08
14126,0,1.624982e-05
14127,0,3.167337e-05
14128,0,3.3185097e-05
14129,0,1.2597404e-07
14130,0,0.0004939945
14131,0,3.039868e-06
14132,0,1.8200474e-06
14133,0,1.1992926e-05
14134,0,0.00029699077
14135,0,8.461974e-05
14136,0,1.1442354e-06
14137,0,0.00016584655
14138,0,5.7152118e-08
14139,0,3.241185e-05
14140,0,4.8356986e-05
14141,0,2.0516865e-05
14142,0,0.002614614
14143,0,2.5554486e-06
14144,0,6.960469e-05
14145,0,1.0255187e-05
14146,0,1.6878641e-05
14147,0,2.9126768e-06
14148,0,3.5950256e-05
14149,0,2.3258235e-05
14150,0,1.9064933e-07
14151,0,9.427362e-07
14152,0,8.7486815e-06
14153,0,6.6024564e-05
14154,0,1.1881376e-05
14155,0,9.2452586e-07
14156,0,1.5050427e-06
14157,0,1.9166286e-08
14158,0,2.618607e-05
14159,0,0.000113251124
14160,0,0.0011827315
14161,0,2.8123309e-06
14162,0,4.2943553e-05
14163,0,4.3169184e-06
14164,0,0.0024648611
14165,0,6.6133805e-07
14166,0,7.9953934e-05
14167,0,9.4372217e-07
14168,0,7.0130545e-06
14169,0,3.5085064e-05
14170,0,1.778096e-05
14171,0,6.226182e-06
14172,0,1.6575641e-05
14173,0,6.807485e-06
14174,0,0.0005119216
14175,0,1.372681e-05
14176,0,4.1502226e-06
14177,0,7.304326e-07
14178,0,0.00010764016
14179,0,0.00029368824
14180,0,3.3731334e-07
14181,0,3.3229815e-05
14182,0,4.855893e-05
14183,0,1.7007045e-05
14184,0,6.323016e-05
14185,0,0.00028628143
14186,0,1.2467323e-05
14187,0,1.6238539e-06
14188,0,1.7786318e-05
14189,0,9.686262e-06
14190,0,4.5844365e-05
14191,0,1.3076916e-05
14192,0,6.284476e-06
14193,0,1.2357228e-06
14194,0,4.754817e-06
14195,0,0.000115732575
14196,0,1.0404162e-05
14197,0,1.0991484e-05
14198,0,3.621033e-06
14199,0,1.8235802e-05
14200,0,9.838563e-06
14201,0,8.497465e-05
14202,0,5.949894e-06
14203,0,0.00018433512
14204,0,3.7718764e-05
14205,0,1.4243388e-05
14206,0,1.7527062e-05
14207,0,1.1214951e-05
14208,0,2.254824e-05
14209,0,1.8005503e-05
14210,0,0.00012190147
14211,0,0.00015417642
14212,0,1.3624418e-05
14213,0,8.26785e-06
14214,0,1.7727407e-05
14215,0,2.415118e-05
14216,0,0.00011045265
14217,0,3.7050086e-06
14218,0,0.0001581419
14219,0,1.3833143e-06
14220,0,7.4702236e-08
14221,0,0.00014872868
14222,0,9.15021e-06
14223,0,0.00037204244
14224,0,7.932023e-07
14225,0,1.7349502e-06
14226,0,7.2385565e-06
14227,0,7.556359e-05
14228,0,5.3819656e-07
14229,0,1.2398695e-05
14230,0,6.3834354e-06
14231,0,1.7966624e-06
14232,0,0.00016207671
14233,0,0.0021405087
14234,0,2.5337201e-06
14235,0,1.203929e-06
14236,0,3.6584897e-05
14237,0,5.368312e-06
14238,0,0.0017171858
14239,0,0.0002857445
14240,0,0.00019187409
14241,0,5.783447e-05
14242,0,3.0064048e-06
14243,0,3.7830327e-05
14244,0,1.8649666e-06
14245,0,3.2548414e-05
14246,0,3.3129786e-06
14247,0,4.1767624e-05
14248,0,3.8060666e-06
14249,0,0.00023377023
14250,0,8.48263e-06
14251,0,4.0544128e-05
14252,0,0.0013934007
14253,0,1.6056429e-06
14254,0,4.111916e-05
14255,0,6.001931e-05
14256,0,7.831392e-06
14257,0,3.80852e-05
14258,0,6.6665602e-06
14259,0,1.5300768e-06
14260,0,7.0907636e-06
14261,0,7.233328e-05
14262,0,2.995975e-06
14263,0,0.0001592737
14264,0,1.0564536e-05
14265,0,2.0910468e-06
14266,0,6.889881e-05
14267,0,4.5776983e-06
14268,0,8.1085e-05
14269,0,4.3062355e-05
14270,0,4.0397427e-07
14271,0,0.00023651413
14272,0,7.0119513e-06
14273,0,1.3417479e-05
14274,0,1.095398e-05
14275,0,7.9057565e-07
14276,0,9.733727e-05
14277,0,2.7124343e-05
14278,0,1.1468879e-06
14279,0,0.000119215656
14280,0,2.2672137e-05
14281,0,7.9454077e-07
14282,0,3.9068236e-05
14283,0,1.0463779e-06
14284,0,5.4114145e-05
14285,0,4.3861337e-06
14286,0,6.7338755e-07
14287,0,2.9552848e-06
14288,0,0.00025480933
14289,0,6.0182956e-06
14290,0,1.0617678e-06
14291,0,5.3657477e-06
14292,0,2.8201974e-05
14293,0,0.0027649559
14294,0,5.420551e-05
14295,0,8.233255e-07
14296,0,6.0607403e-05
14297,0,1.6518437e-05
14298,0,5.45517e-06
14299,0,3.2147873e-06
14300,0,6.6126886e-06
14301,0,3.946693e-05
14302,0,4.430341e-05
14303,0,2.0003392e-05
14304,0,2.3921064e-07
14305,0,1.7679307e-05
14306,0,2.8348072e-06
14307,0,7.4717645e-05
14308,0,6.849613e-06
14309,0,5.1965967e-06
14310,0,1.0987029e-05
14311,0,1.8676543e-06
14312,0,3.0903518e-06
14313,0,1.6919284e-05
14314,0,3.45706e-05
14315,0,0.00020248591
14316,0,1.1758173e-05
14317,0,0.0014679912
14318,0,4.1887742e-07
14319,0,0.00010784174
14320,0,2.99579e-07
14321,0,2.8528832e-06
14322,0,3.7796904e-06
14323,0,3.2003507e-07
14324,0,9.126409e-06
14325,0,4.2922384e-06
14326,0,2.6404814e-05
14327,0,7.893191e-06
14328,0,1.0172887e-05
14329,0,5.3387053e-06
14330,0,5.851343e-05
14331,0,0.00022603509
14332,0,1.9392492e-06
14333,0,0.00039518526
14334,0,4.4298863e-06
14335,0,4.9207392e-06
14336,0,6.0007307e-07
14337,0,0.00068899244
14338,0,1.8624676e-05
14339,0,3.98948e-06
14340,0,2.0434813e-05
14341,0,0.00013349624
14342,0,0.000116940086
14343,0,7.661326e-06
14344,0,2.4303346e-05
14345,0,1.860797e-06
14346,0,9.231962e-06
14347,0,4.312522e-07
14348,0,2.9488496e-07
14349,0,2.5280744e-06
14350,0,1.4344191e-06
14351,0,0.00030692763
14352,0,6.630565e-06
14353,0,2.8144048e-06
14354,0,6.608006e-05
14355,0,2.7191421e-05
14356,0,0.000111273526
14357,0,4.6835892e-05
14358,0,1.281207e-05
14359,0,2.4984305e-07
14360,0,6.107259e-05
14361,0,3.2980647e-06
14362,0,9.79404e-06
14363,0,1.3402492e-06
14364,0,0.00012086024
14365,0,2.358242e-05
14366,0,0.00021754795
14367,0,7.327524e-07
14368,0,3.2229043e-05
14369,0,1.8408573e-05
14370,0,4.141739e-07
14371,0,1.3921926e-05
14372,0,1.3183461e-06
14373,0,3.1146105e-06
14374,0,9.817305e-05
14375,0,1.3267222e-05
14376,0,0.0003725764
14377,0,0.000104675346
14378,0,2.2554088e-05
14379,0,0.0001280674
14380,0,1.2964502e-05
14381,0,4.952825e-06
14382,0,0.0012747172
14383,0,1.0876595e-05
14384,0,0.00015158141
14385,0,5.150962e-06
14386,0,3.2130807e-05
14387,0,1.1636536e-05
14388,0,2.9500292e-05
14389,0,1.5082085e-05
14390,0,3.9184002e-07
14391,0,1.0252752e-05
14392,0,0.00020552732
14393,0,6.8348977e-06
14394,0,0.00011820065
14395,0,2.2159878e-05
14396,0,0.00017896295
14397,0,1.8124927e-05
14398,0,0.00015227299
14399,0,6.892815e-06
14400,0,1.7727407e-05
14401,0,6.299372e-07
14402,0,0.0005364947
14403,0,3.947475e-06
14404,0,4.9650504e-07
14405,0,1.2262174e-05
14406,0,8.884697e-06
14407,0,9.669357e-05
14408,0,0.005752398
14409,0,1.7099852e-06
14410,0,9.569276e-07
14411,0,0.0015412038
14412,0,1.6512958e-07
14413,0,4.541116e-07
14414,0,4.03673e-06
14415,0,0.0008991722
14416,0,4.762477e-07
14417,0,7.426477e-06
14418,0,7.5785107e-07
14419,0,0.0020833435
14420,0,1.1969092e-05
14421,0,2.9432354e-06
14422,0,0.0025834255
14423,0,2.6792438e-06
14424,0,8.567798e-05
14425,0,0.00037600863
14426,0,1.7342969e-05
14427,0,0.00011187402
14428,0,6.8484824e-06
14429,0,2.462304e-06
14430,0,2.5444024e-05
14431,0,3.2875967e-05
14432,0,2.370207e-06
14433,0,0.0001276721
14434,0,0.00014444692
14435,0,1.960653e-06
14436,0,7.65123e-05
14437,0,8.410167e-06
14438,0,5.742334e-05
14439,0,1.1981655e-05
14440,0,5.9531186e-07
14441,0,7.584753e-06
14442,0,2.5789714e-06
14443,0,0.00012540865
14444,0,1.9302455e-05
14445,0,3.0703864e-05
14446,0,0.00014545383
14447,0,4.6983328e-06
14448,0,0.00032621768
14449,0,0.000105299354
14450,0,7.748085e-07
14451,0,7.2866846e-05
14452,0,7.244201e-07
14453,0,5.665683e-05
14454,0,1.4443189e-05
14455,0,7.535652e-08
14456,0,5.41635e-05
14457,0,4.807132e-05
14458,0,9.409629e-06
14459,0,1.4692997e-06
14460,0,4.425195e-06
14461,0,0.0012785863
14462,0,0.004156035
14463,0,1.3475376e-05
14464,0,6.087048e-06
14465,0,0.03701232
14466,0,3.992658e-06
14467,0,2.3131686e-05
14468,0,8.191524e-06
14469,0,1.9958952e-09
14470,0,1.4322396e-08
14471,0,4.8901085e-05
14472,0,3.784928e-07
14473,0,3.9462226e-05
14474,0,5.1683546e-05
14475,0,1.770531e-06
14476,0,7.0477256e-07
14477,0,1.6272071e-06
14478,0,0.00093673164
14479,0,0.0008051225
14480,0,1.7251205e-05
14481,0,0.0012083857
14482,0,2.5295794e-06
14483,0,7.890805e-05
14484,0,0.0026628622
14485,0,0.00012791423
14486,0,1.1621569e-06
14487,0,0.00021599616
14488,0,4.4957721e-07
14489,0,4.3216637e-06
14490,0,1.4434926e-05
14491,0,1.2297155e-06
14492,0,3.811492e-05
14493,0,2.9865096e-06
14494,0,4.3314532e-07
14495,0,0.0052480986
14496,0,0.0002846528
14497,0,3.4515094e-06
14498,0,1.9273815e-05
14499,0,1.426926e-06
14500,0,5.0997273e-06
14501,0,4.2616528e-05
14502,0,1.3348701e-05
14503,0,6.9131e-05
14504,0,8.8775734e-05
14505,0,6.9411275e-05
14506,0,8.362372e-06
14507,0,2.1043636e-05
14508,0,2.350455e-06
14509,0,0.00066002714
14510,0,0.00057916774
14511,0,1.2886341e-05
14512,0,1.2132958e-07
14513,0,2.4484078e-05
14514,0,0.00010664718
14515,0,9.88954e-06
14516,0,2.366887e-05
14517,0,1.8030882e-05
14518,0,1.1956065e-05
14519,0,6.2087275e-07
14520,0,0.00019954013
14521,0,3.5310964e-05
14522,0,3.7494078e-06
14523,0,6.4919222e-06
14524,0,4.867787e-06
14525,0,1.3238002e-06
14526,0,6.500938e-05
14527,0,3.147282e-06
14528,0,6.108564e-05
14529,0,3.030803e-07
14530,0,3.5258595e-06
14531,0,1.3824333e-06
14532,0,3.2217027e-05
14533,0,0.00072967197
14534,0,4.59886e-05
14535,0,5.413647e-06
14536,0,1.373327e-06
14537,0,5.829674e-06
14538,0,1.7940974e-06
14539,0,4.419808e-07
14540,0,2.1116408e-05
14541,0,9.345667e-06
14542,0,5.36142e-05
14543,0,3.1368781e-06
14544,0,6.640119e-07
14545,0,8.775125e-05
14546,0,3.6910358e-06
14547,0,8.47498e-06
14548,0,0.005754727
14549,0,0.0009603333
14550,0,0.0015573945
14551,0,0.0011044414
14552,0,5.2867766e-05
14553,0,1.5914969e-06
14554,0,2.3981574e-05
14555,0,5.2022962e-05
14556,0,5.3897857e-06
14557,0,7.130931e-07
14558,0,0.00031021188
14559,0,0.00046312844
14560,0,8.945879e-06
14561,0,3.669731e-07
14562,0,1.2013142e-05
14563,0,5.891668e-06
14564,0,5.5211287e-05
14565,0,9.34204e-06
14566,1,0.9999399
14567,0,4.793454e-05
14568,0,2.5536056e-05
14569,0,3.2571734e-05
14570,0,2.8612985e-05
14571,0,8.00735e-07
14572,0,2.0240564e-06
14573,0,6.65969e-05
14574,0,1.2708573e-05
14575,0,2.8862542e-05
14576,0,0.00053053605
14577,0,9.882585e-05
14578,0,9.50157e-06
14579,0,0.00010160638
14580,0,5.5968994e-06
14581,0,0.00019091017
14582,0,6.831868e-05
14583,0,2.7029964e-07
14584,0,0.00010405197
14585,0,2.6249152e-05
14586,0,0.009716383
14587,0,1.3977649e-06
14588,0,5.797783e-06
14589,0,0.00024645857
14590,0,7.556828e-05
14591,0,8.068585e-05
14592,0,2.2358377e-07
14593,0,1.2178173e-05
14594,0,1.7056449e-07
14595,0,2.4777311e-05
14596,0,3.9878034e-07
14597,0,3.0166233e-05
14598,0,1.8429546e-05
14599,0,0.00010716689
14600,0,0.00014810669
14601,0,3.488176e-05
14602,0,6.0481225e-06
14603,0,0.00055531797
14604,0,0.00014418505
14605,0,4.6390625e-07
14606,0,5.720652e-05
14607,0,8.404443e-05
14608,0,1.3264604e-06
14609,0,9.425665e-05
14610,0,1.9887611e-05
14611,0,0.00010066494
14612,0,7.654893e-05
14613,0,1.3881636e-05
14614,0,5.4569755e-06
14615,0,1.2909403e-05
14616,0,1.3438085e-06
14617,0,1.0901602e-05
14618,0,4.467381e-06
14619,0,3.4032477e-05
14620,0,1.0643414e-05
14621,0,4.842169e-07
14622,0,1.2725613e-05
14623,0,9.639064e-06
14624,0,0.00039733524
14625,0,1.514085e-06
14626,0,1.256482e-06
14627,0,2.4284025e-05
14628,0,7.0000256e-06
14629,0,1.0935338e-05
14630,0,0.00017532562
14631,0,0.00014605868
14632,0,1.635186e-06
14633,0,2.4671703e-05
14634,0,1.6541296e-06
14635,0,1.9712854e-06
14636,0,8.220095e-05
14637,0,0.00014444775
14638,0,0.00021275261
14639,0,0.000103196544
14640,0,8.633417e-06
14641,0,0.0034626566
14642,0,2.6825222e-05
14643,0,0.0005099477
14644,0,6.5870395e-06
14645,0,8.477235e-06
14646,0,1.6151263e-06
14647,0,2.4110266e-05
14648,0,2.5878655e-06
14649,0,0.00069786445
14650,0,0.00015454246
14651,0,2.868744e-05
14652,0,2.781847e-06
14653,0,1.3137288e-06
14654,0,1.6974509e-05
14655,0,0.0005261339
14656,0,3.6387607e-06
14657,0,3.135601e-06
14658,0,1.9389112e-05
14659,0,1.204509e-05
14660,0,0.00029146593
14661,0,8.489511e-05
14662,0,0.001068114
14663,0,0.00027208275
14664,0,0.00026740608
14665,0,4.7745485e-05
14666,0,1.5369607e-06
14667,0,0.00019885447
14668,0,4.2211694e-05
14669,0,7.383724e-06
14670,0,0.0005101079
14671,0,0.0003228533
14672,0,4.2024504e-07
14673,0,0.0005774956
14674,0,9.409542e-07
14675,0,6.0404996e-05
14676,0,2.7960528e-05
14677,0,4.4610083e-06
14678,0,3.427666e-05
14679,0,1.9563615e-07
14680,0,6.228619e-08
14681,0,2.3856392e-05
14682,0,1.9447536e-05
14683,0,4.2645243e-07
14684,0,2.3753712e-05
14685,0,6.469333e-06
14686,0,3.891667e-05
14687,0,4.443462e-05
14688,0,1.4659304e-05
14689,0,0.00027163592
14690,0,5.6422323e-06
14691,0,6.848287e-06
14692,0,4.3354084e-05
14693,0,3.2428903e-07
14694,0,3.1162328e-06
14695,0,1.172834e-07
14696,0,1.8307885e-06
14697,0,5.1866896e-06
14698,0,0.00132808
14699,0,4.074941e-06
14700,0,4.6947807e-07
14701,0,2.9588098e-06
14702,0,0.00039714304
14703,0,0.00021067624
14704,0,3.5135477e-06
14705,0,7.597589e-06
14706,0,1.4259683e-06
14707,0,1.01182695e-05
14708,0,1.4219312e-05
14709,0,3.4096527e-06
14710,0,0.00012724975
14711,0,0.0014701161
14712,0,1.1285827e-05
14713,0,8.896386e-05
14714,0,2.1634649e-05
14715,0,3.1856505e-06
14716,0,4.528277e-05
14717,0,8.996039e-07
14718,0,6.6985526e-06
14719,0,8.762735e-06
14720,0,3.3955872e-05
14721,0,7.5084727e-06
14722,0,1.901002e-05
14723,0,1.5197982e-05
14724,0,1.2141076e-06
14725,0,4.4032163e-06
14726,0,0.00022138534
14727,0,7.346949e-07
14728,0,0.00012020248
14729,0,8.8339016e-07
14730,0,7.9655665e-06
14731,0,3.4694185e-05
14732,0,3.2633552e-06
14733,0,2.4068731e-05
14734,0,4.0583495e-06
14735,0,0.0003303325
14736,0,1.3164575e-07
14737,0,5.099159e-08
14738,0,1.1969092e-05
14739,0,3.5558794e-05
14740,0,1.5504502e-07
14741,0,5.4912425e-06
14742,0,4.8597117e-06
14743,0,5.0227854e-06
14744,0,9.626146e-05
14745,0,2.126194e-05
14746,0,3.3140663e-05
14747,0,8.957438e-05
14748,0,6.6992557e-06
14749,0,9.549767e-07
14750,0,3.472758e-08
14751,0,8.42513e-05
14752,0,1.4038757e-05
14753,0,1.9192395e-05
14754,0,6.2649387e-06
14755,0,2.6129696e-06
14756,0,0.000756385
14757,0,5.757791e-06
14758,0,1.4835199e-05
14759,0,2.236985e-05
14760,0,0.00017342802
14761,0,6.001462e-06
14762,0,1.384116e-05
14763,0,4.566233e-05
14764,0,3.7613554e-05
14765,0,2.586634e-07
14766,0,1.7094862e-06
14767,0,9.185708e-07
14768,0,7.83133e-05
14769,0,0.00068286527
14770,0,3.674511e-05
14771,0,5.9157596e-08
14772,0,1.8809081e-06
14773,0,4.795789e-06
14774,0,2.015234e-05
14775,0,3.7665854e-05
14776,0,0.00052425143
14777,0,0.0016514976
14778,0,0.00010425935
14779,0,6.977216e-05
14780,0,5.809367e-06
14781,0,5.626503e-07
14782,0,0.0001252294
14783,0,1.4537726e-06
14784,0,3.8038136e-06
14785,0,2.0844784e-06
14786,0,0.0014279989
14787,0,5.384251e-05
14788,0,1.0738759e-06
14789,0,2.51072e-06
14790,0,2.8426418e-06
14791,0,8.671139e-07
14792,0,4.9791893e-06
14793,0,4.0270308e-05
14794,0,6.359887e-05
14795,0,1.5504147e-05
14796,0,4.5678924e-05
14797,0,9.207457e-06
14798,0,3.4476832e-06
14799,0,1.1090258e-05
14800,0,7.6155934e-06
14801,0,0.0001949698
14802,0,1.6470995e-05
14803,0,6.413207e-06
14804,0,3.914597e-06
14805,0,9.53717e-05
14806,0,8.314009e-06
14807,0,0.00016114488
14808,0,1.4085789e-05
14809,0,2.251283e-08
14810,0,9.340699e-07
14811,0,0.00014681857
14812,0,4.7433798e-05
14813,0,1.2134456e-05
14814,0,6.0525046e-05
14815,0,2.863354e-05
14816,0,1.865641e-06
14817,0,0.00032225365
14818,0,1.0353593e-05
14819,0,5.2215196e-06
14820,0,0.00014669109
14821,0,2.7986645e-05
14822,0,0.00020864523
14823,0,7.105259e-05
14824,0,2.1382125e-06
14825,0,8.671531e-06
14826,0,1.02500635e-05
14827,0,5.9176614e-07
14828,0,5.273946e-05
14829,0,3.9916413e-05
14830,0,2.0605885e-05
14831,0,0.00019677484
14832,0,0.00017729946
14833,0,1.1449307e-06
14834,0,3.741165e-05
14835,0,2.8649122e-06
14836,0,4.22512e-05
14837,0,1.172834e-07
14838,0,7.4654686e-06
14839,0,4.2721745e-06
14840,0,9.1789276e-05
14841,0,1.2381146e-07
14842,0,4.1999905e-07
14843,0,1.1758482e-06
14844,0,9.764092e-07
14845,0,0.00026287214
14846,0,1.4550678e-05
14847,0,1.3379059e-06
14848,0,9.189327e-07
14849,0,4.791565e-06
14850,0,4.167135e-07
14851,0,0.00015891569
14852,0,0.000126727
14853,0,0.00015693656
14854,0,6.287036e-06
14855,0,1.5830981e-05
14856,0,5.553275e-06
14857,0,2.6707235e-06
14858,0,1.1795759e-06
14859,0,1.723509e-05
14860,0,3.2031799e-06
14861,0,2.1685667e-06
14862,0,9.786385e-06
14863,0,2.156009e-05
14864,0,4.257489e-05
14865,0,2.9253798e-07
14866,0,3.77853e-06
14867,0,8.793005e-06
14868,0,0.0004912915
14869,0,2.302194e-05
14870,0,3.696397e-07
14871,0,6.0562033e-06
14872,0,8.3854303e-07
14873,0,3.318586e-05
14874,0,1.4335286e-07
14875,0,6.9506596e-06
14876,0,1.4132573e-05
14877,0,1.4231467e-05
14878,0,1.0068073e-05
14879,0,0.000117749194
14880,0,4.9789957e-08
14881,0,2.3475716e-06
14882,0,4.2464766e-05
14883,0,0.0004917718
14884,0,0.0022996387
14885,0,3.06305e-06
14886,0,4.0700867e-05
14887,0,5.058285e-06
14888,0,1.3368689e-05
14889,0,9.425908e-05
14890,0,4.0235927e-06
14891,0,0.007623493
14892,0,9.401868e-05
14893,0,7.7835824e-07
14894,0,4.733186e-07
14895,0,0.00053607224
14896,0,0.0008166665
14897,0,0.0004774591
14898,0,9.868083e-05
14899,0,1.7433793e-05
14900,0,2.9763063e-05
14901,0,0.000270951
14902,0,5.667124e-07
14903,0,7.266936e-06
14904,0,6.4369124e-05
14905,0,5.9471844e-05
14906,0,5.863558e-06
14907,0,5.0920253e-08
14908,0,0.00026373094
14909,0,2.4766798e-05
14910,0,7.557606e-05
14911,0,1.3505188e-06
14912,0,0.00017884882
14913,0,0.00012436783
14914,0,0.0012311613
14915,0,1.320221e-05
14916,0,4.2581476e-07
14917,0,9.703164e-05
14918,0,2.9742096e-05
14919,0,3.592402e-06
14920,0,5.7374302e-05
14921,0,9.629747e-06
14922,0,6.115164e-08
14923,0,0.00021356027
14924,0,4.5589193e-05
14925,0,5.7426985e-07
14926,0,1.1534986e-05
14927,0,3.992658e-06
14928,0,2.799105e-05
14929,0,3.4445122e-06
14930,0,9.539613e-06
14931,0,1.9557026e-05
14932,0,0.00010068673
14933,0,0.00020870232
14934,0,1.6955538e-06
14935,0,2.3697847e-05
14936,0,2.9447936e-06
14937,1,0.9982261
14938,0,7.16642e-05
14939,0,7.04057e-06
14940,0,1.068422e-06
14941,0,2.9160842e-06
14942,0,0.00010766624
14943,0,0.00020077144
14944,0,2.6460432e-06
14945,0,4.2999514e-07
14946,0,1.1801087e-05
14947,0,3.8023663e-06
14948,0,0.0002937902
14949,0,5.110449e-05
14950,0,5.671007e-05
14951,0,0.0003232953
14952,0,5.7745132e-05
14953,0,5.236869e-06
14954,0,2.8997363e-06
14955,0,2.7175558e-05
14956,0,8.8974675e-06
14957,0,4.2824213e-06
14958,0,1.9670827e-06
14959,0,4.9492223e-06
14960,0,2.647391e-06
14961,0,1.2481887e-06
14962,0,1.0227313e-05
14963,0,4.8789574e-05
14964,0,7.367054e-05
14965,0,4.38182e-05
14966,0,4.5934066e-06
14967,0,9.39927e-06
14968,0,3.9631672e-05
14969,0,2.0311032e-05
14970,0,1.6873835e-06
14971,0,1.2746139e-05
14972,0,1.6395566e-05
14973,0,1.7756507e-05
14974,0,0.00043471376
14975,0,1.9479035e-05
14976,0,1.5531776e-05
14977,0,1.1127687e-06
14978,0,0.000101779966
14979,0,1.2991678e-06
14980,0,4.875243e-06
14981,0,1.1263851e-06
14982,0,6.492283e-05
14983,0,3.198956e-05
14984,0,7.569836e-07
14985,0,4.0740317e-05
14986,0,7.014315e-05
14987,0,1.9601819e-05
14988,0,3.2427245e-06
14989,0,2.5429501e-06
14990,0,0.0009369744
14991,0,1.3132778e-06
14992,0,3.37692e-06
14993,0,0.0008531351
14994,0,0.0002491793
14995,0,0.00020108871
14996,0,3.126297e-05
14997,0,2.500903e-06
14998,0,4.2098355e-07
14999,0,0.00048007636
15000,0,3.2008724e-05
15001,0,0.00023727395
15002,0,6.553653e-05
15003,0,5.435535e-06
15004,0,1.5756068e-07
15005,0,2.2651031e-07
15006,0,7.3531385e-07
15007,0,4.70971e-05
15008,0,4.116327e-06
15009,0,3.5677065e-05
15010,0,2.557261e-05
15011,0,0.010020834
15012,0,1.4814478e-06
15013,0,1.0157861e-05
15014,0,4.0487394e-06
15015,0,1.1154218e-05
15016,0,0.00014541486
15017,0,8.148513e-05
15018,0,1.3802222e-05
15019,0,0.00047675922
15020,0,8.442543e-06
15021,0,0.00029851805
15022,0,2.4525392e-05
15023,0,5.8665673e-06
15024,0,5.1354775e-05
15025,0,7.3568555e-07
15026,0,9.477398e-06
15027,0,3.0225667e-05
15028,0,2.231509e-05
15029,0,9.410669e-06
15030,0,7.0000256e-06
15031,0,2.693925e-06
15032,0,1.37858315e-05
15033,0,2.5443369e-05
15034,0,5.7603665e-06
15035,0,0.00010047927
15036,0,9.364244e-05
15037,0,0.0014517156
15038,0,1.0087823e-05
15039,0,4.6082812e-05
15040,0,2.202899e-05
15041,0,0.00020727843
15042,0,5.9133272e-05
15043,0,1.5842172e-08
15044,0,2.7346228e-05
15045,0,2.4297391e-05
15046,0,6.8984606e-05
15047,0,1.4263356e-05
15048,0,3.2954973e-05
15049,0,8.8757355e-05
15050,0,1.8446235e-07
15051,0,1.1588761e-05
15052,0,6.49668e-05
15053,0,4.033859e-08
15054,0,3.772089e-07
15055,0,1.1532615e-06
15056,0,0.00018978979
15057,0,4.331707e-06
15058,0,2.329285e-06
15059,0,1.4811923e-06
15060,0,7.745737e-06
15061,0,0.0006044106
15062,0,4.794207e-06
15063,0,9.063414e-05
15064,0,5.013813e-05
15065,0,7.121449e-06
15066,0,4.9894948e-06
15067,0,0.00011233389
15068,0,2.6746028e-07
15069,0,9.979896e-07
15070,0,0.00046104673
15071,0,7.856508e-05
15072,0,7.826846e-06
15073,0,1.5483329e-06
15074,0,5.8622104e-06
15075,0,1.304841e-06
15076,0,4.8200906e-07
15077,0,1.9165082e-06
15078,0,7.44007e-07
15079,0,8.226385e-05
15080,0,0.00081480836
15081,0,2.5031433e-05
15082,0,2.5306425e-05
15083,0,0.024755178
15084,0,2.3089597e-06
15085,0,0.000100671845
15086,0,5.253817e-05
15087,0,4.8776037e-05
15088,0,0.000104933395
15089,0,0.0018386871
15090,0,4.573104e-06
15091,0,1.5292848e-05
15092,0,2.0175916e-05
15093,0,4.216182e-06
15094,0,1.8460982e-05
15095,0,0.00023588198
15096,0,8.868351e-06
15097,0,1.0353593e-05
15098,0,7.4359236e-06
15099,0,0.0033686464
15100,0,2.0842954e-06
15101,0,1.1462658e-06
15102,0,0.00022363184
15103,0,7.543303e-08
15104,0,0.00053106836
15105,0,1.918377e-06
15106,0,2.7272506e-06
15107,0,1.4204834e-06
15108,0,1.1047507e-05
15109,0,0.0004880504
15110,0,2.4623634e-05
15111,0,0.00019280774
15112,0,7.868307e-06
15113,0,0.0052044005
15114,0,1.6022007e-08
15115,0,4.8926773e-07
15116,0,7.916651e-06
15117,0,1.3067142e-05
15118,0,8.7681496e-05
15119,0,7.3517467e-06
15120,0,3.255067e-07
15121,0,0.00024305296
15122,0,6.6810085e-06
15123,0,0.0013560498
15124,0,0.00012299715
15125,0,4.1629082e-05
15126,0,2.0850726e-05
15127,0,8.770484e-06
15128,0,3.0895003e-06
15129,0,1.3120624e-05
15130,0,2.5891444e-05
15131,0,9.068549e-05
15132,0,0.0004176367
15133,0,0.00014446056
15134,0,3.1267692e-07
15135,0,0.00045146878
15136,0,6.1190826e-06
15137,0,1.1650527e-05
15138,0,1.9703157e-05
15139,0,1.5447739e-06
15140,0,1.7331375e-06
15141,0,4.1153066e-06
15142,0,1.5096864e-05
15143,0,2.8191487e-06
15144,0,2.0764091e-06
15145,0,3.4805435e-05
15146,0,5.6875588e-06
15147,0,1.25346205e-05
15148,0,7.135373e-05
15149,0,4.8337256e-06
15150,0,1.4956542e-05
15151,0,2.7802458e-05
15152,0,2.6953925e-05
15153,0,1.8546583e-06
15154,0,3.7005591e-07
15155,0,0.00018630266
15156,0,1.05755325e-05
15157,0,1.6901367e-05
15158,0,0.0002575731
15159,0,1.8485045e-05
15160,0,1.8140482e-06
15161,0,1.5299485e-05
15162,0,4.0781564e-05
15163,0,0.0002700656
15164,0,7.175209e-06
15165,0,0.0009710699
15166,0,4.4419412e-05
15167,0,1.758521e-05
15168,0,3.539798e-06
15169,0,0.00072879
15170,0,7.9516385e-06
15171,0,2.0063555e-05
15172,0,1.0249174e-05
15173,0,1.6195565e-05
15174,0,7.367054e-05
15175,0,1.0901602e-05
15176,0,8.1885584e-05
15177,0,0.002646528
15178,0,4.3089035e-08
15179,0,6.0417824e-07
15180,0,0.00031825493
15181,0,4.6135137e-06
15182,0,2.9809128e-06
15183,0,0.0003940693
15184,0,1.8073559e-05
15185,0,1.8318064e-08
15186,0,5.914908e-06
15187,0,0.00012513247
15188,0,0.0010216745
15189,0,1.116273e-05
15190,0,8.884078e-07
15191,0,3.0174117e-06
15192,0,5.0507892e-06
15193,0,2.152748e-06
15194,0,0.00014770615
15195,0,5.420733e-07
15196,0,2.0110112e-06
15197,0,6.741632e-06
15198,0,2.37652e-05
15199,0,3.4864076e-06
15200,0,4.508538e-06
15201,0,3.3218973e-06
15202,0,9.161194e-06
15203,0,3.8104977e-07
15204,0,1.19137585e-05
15205,0,3.1553536e-05
15206,0,0.00021575617
15207,0,0.005285271
15208,0,2.4606911e-06
15209,0,2.0085092e-05
15210,0,0.00010801402
15211,0,1.3970524e-05
15212,0,0.00015898829
15213,0,7.898017e-07
15214,0,2.534474e-06
15215,0,0.00015941121
15216,0,2.094076e-06
15217,0,3.1908774e-06
15218,0,0.003560441
15219,0,2.3154289e-05
15220,0,0.0007621338
15221,0,8.107967e-06
15222,0,2.2386816e-05
15223,0,2.1315394e-05
15224,0,0.00012883685
15225,0,4.938534e-07
15226,0,2.822608e-05
15227,0,0.0002493276
15228,0,1.1648432e-06
15229,0,2.917948e-06
15230,0,2.0928e-05
15231,0,1.7547567e-06
15232,0,0.0004426356
15233,0,2.723733e-05
15234,0,7.694979e-06
15235,0,2.7270704e-05
15236,0,1.8093288e-05
15237,0,4.4926834e-05
15238,0,2.5118356e-05
15239,0,1.083691e-05
15240,0,9.919964e-05
15241,0,0.00024483292
15242,0,1.8590056e-06
15243,0,8.5951086e-08
15244,0,0.00035073856
15245,0,8.3801143e-07
15246,0,8.035194e-06
15247,0,5.322318e-05
15248,0,1.3340696e-05
15249,0,2.273087e-06
15250,0,3.348676e-05
15251,0,6.591803e-06
15252,0,4.330782e-06
15253,0,0.00024357166
15254,0,0.00016782068
15255,0,3.4771838e-06
15256,0,1.511406e-06
15257,0,3.6699832e-06
15258,0,4.2391122e-07
15259,0,8.5732074e-07
15260,0,4.9284466e-07
15261,0,4.229564e-06
15262,0,2.586634e-07
15263,0,0.00020181824
15264,0,2.3231303e-07
15265,0,1.5807693e-06
15266,0,6.0301052e-05
15267,0,5.0178645e-05
15268,0,3.8706774e-05
15269,0,8.398067e-05
15270,0,1.9999825e-05
15271,0,0.00017784313
15272,0,0.00013921026
15273,0,6.90044e-05
15274,0,0.0014233555
15275,0,6.441507e-06
15276,0,2.5267007e-06
15277,0,0.00021267493
15278,0,3.4322843e-06
15279,0,3.678476e-05
15280,0,1.8112503e-05
15281,0,0.00025045694
15282,0,1.8694485e-05
15283,0,9.025893e-06
15284,0,1.1423753e-06
15285,0,0.00010154876
15286,0,0.000120174635
15287,0,3.3688236e-06
15288,0,2.6191392e-05
15289,0,4.8345373e-07
15290,0,1.4821318e-06
15291,0,1.1894436e-05
15292,0,1.44850255e-05
15293,0,0.00012602481
15294,0,0.0002658531
15295,0,1.3478096e-08
15296,0,2.7227468e-06
15297,0,4.2197767e-05
15298,0,6.463941e-07
15299,0,3.6233062e-06
15300,0,6.278542e-07
15301,0,1.9139901e-05
15302,0,0.00011261661
15303,0,4.7098442e-06
15304,0,3.088441e-07
15305,0,5.755497e-05
15306,0,0.00014052512
15307,0,1.0777154e-05
15308,0,0.0048041707
15309,0,1.764153e-05
15310,0,8.772928e-06
15311,0,0.00010250081
15312,0,4.3055294e-05
15313,0,0.00054386194
15314,0,0.0010907322
15315,0,0.0004420048
15316,0,3.8681646e-05
15317,0,2.2552665e-06
15318,0,4.7822294e-07
15319,0,1.2920644e-06
15320,0,9.755443e-05
15321,0,0.0002158395
15322,0,3.165421e-06
15323,0,9.0351095e-05
15324,0,0.0009386976
15325,0,5.823073e-06
15326,0,9.851183e-08
15327,0,2.5508356e-05
15328,0,1.7180919e-05
15329,0,6.3092535e-05
15330,0,2.5508626e-08
15331,0,4.890839e-06
15332,0,3.0370018e-05
15333,0,0.00017624801
15334,0,0.00029249868
15335,0,6.354509e-07
15336,0,7.008792e-05
15337,0,9.59807e-06
15338,0,4.0884443e-06
15339,0,3.0495454e-05
15340,0,2.0831307e-05
15341,0,6.592778e-06
15342,0,1.0085419e-05
15343,0,2.2625569e-05
15344,0,6.1467126e-06
15345,0,2.0426336e-05
15346,0,8.2584214e-05
15347,0,2.0443467e-05
15348,0,1.304136e-05
15349,0,2.7429625e-05
15350,0,3.383612e-06
15351,0,1.322836e-05
15352,0,1.0053662e-05
15353,0,3.926631e-05
15354,0,1.3319097e-06
15355,0,0.00017424882
15356,0,5.7672046e-06
15357,0,1.7993538e-05
15358,0,6.2945833e-06
15359,0,1.0845932e-06
15360,0,5.5484365e-06
15361,0,2.8080296e-05
15362,0,3.5264693e-05
15363,0,4.872945e-05
15364,0,1.0310269e-05
15365,0,2.0290213e-06
15366,0,4.1869835e-06
15367,0,1.8261692e-06
15368,0,0.000157707
15369,0,4.267602e-06
15370,0,3.3224167e-06
15371,0,9.4860013e-07
15372,0,3.2457351e-06
15373,0,2.707276e-07
15374,0,2.830846e-05
15375,0,0.000104290084
15376,0,0.000574967
15377,0,2.4031116e-05
15378,0,6.051809e-06
15379,0,6.2648396e-05
15380,0,6.8120507e-06
15381,0,2.9191253e-06
15382,0,0.0004516149
15383,0,2.663996e-05
15384,0,6.4205255e-05
15385,0,4.7121985e-06
15386,0,1.5167471e-06
15387,0,8.639075e-06
15388,0,1.598241e-07
15389,0,2.7337994e-06
15390,0,3.893022e-05
15391,0,7.645016e-05
15392,0,2.2161737e-05
15393,0,8.055858e-07
15394,0,4.971218e-06
15395,0,2.8579962e-05
15396,0,4.0383795e-05
15397,0,5.9008283e-07
15398,0,0.00012708217
15399,0,0.00019075697
15400,0,0.00040850375
15401,0,1.1713958e-06
15402,0,3.9494076e-05
15403,0,3.4715e-07
15404,0,1.07570895e-05
15405,0,4.1579406e-05
15406,0,4.0866485e-07
15407,0,7.305503e-07
15408,0,2.8892027e-06
15409,0,6.650982e-07
15410,0,5.1575185e-05
15411,0,0.0008716251
15412,0,2.7161954e-05
15413,0,0.0036235116
15414,0,8.247777e-07
15415,0,2.5956266e-05
15416,0,2.3575112e-05
15417,0,3.8862378e-05
15418,0,7.5895565e-05
15419,0,4.9497685e-05
15420,0,0.00059470435
15421,0,4.275436e-05
15422,0,0.00046182107
15423,0,2.2651031e-07
15424,0,9.552222e-06
15425,0,3.3442209e-06
15426,0,4.424523e-07
15427,0,0.00021366638
15428,0,7.4493037e-06
15429,0,1.1291852e-07
15430,0,2.2322518e-05
15431,0,0.00027878614
15432,0,1.1599043e-05
15433,0,1.3943012e-05
15434,0,8.9951696e-05
15435,0,1.4649702e-05
15436,0,1.1888664e-05
15437,0,0.0005651216
15438,0,0.00601451
15439,0,0.00025348534
15440,0,1.7284849e-05
15441,0,1.1825513e-07
15442,0,2.7799879e-06
15443,0,2.2811306e-05
15444,0,4.059686e-05
15445,0,0.00024803114
15446,0,9.252234e-06
15447,0,5.388917e-06
15448,0,7.7799405e-06
15449,0,5.368773e-06
15450,0,6.0478687e-06
15451,0,2.5880201e-08
15452,0,4.515328e-06
15453,0,2.935714e-06
15454,0,6.63772e-08
15455,0,1.4652768e-06
15456,0,9.124486e-06
15457,0,0.00047057428
15458,0,1.092683e-06
15459,0,0.00014596776
15460,0,0.0016952616
15461,0,7.6665e-06
15462,0,2.4122069e-06
15463,0,2.6448902e-06
15464,0,5.7012257e-05
15465,0,1.6577999e-06
15466,0,0.0006512459
15467,0,2.0172192e-06
15468,0,1.1860432e-05
15469,0,3.658947e-05
15470,0,6.0360886e-05
15471,0,3.3224167e-06
15472,0,3.6411842e-05
15473,0,1.2679392e-06
15474,0,4.1659865e-07
15475,0,1.2625402e-05
15476,0,3.4145214e-05
15477,0,1.021131e-05
15478,0,3.7013185e-06
15479,0,0.000121784935
15480,0,0.00018911113
15481,0,1.650965e-05
15482,0,5.845395e-07
15483,0,2.7845701e-06
15484,0,8.356999e-06
15485,0,1.8039252e-07
15486,0,1.0074296e-05
15487,0,5.2072795e-07
15488,0,0.00081026263
15489,0,9.0036684e-07
15490,0,0.0005217653
15491,0,1.2649897e-06
15492,0,3.7925798e-05
15493,0,8.969679e-07
15494,0,6.9749826e-06
15495,0,8.312376e-05
15496,0,1.9122133e-05
15497,0,4.1887742e-07
15498,0,2.8093018e-06
15499,0,0.00031882557
15500,0,7.564611e-07
15501,0,1.3609204e-06
15502,0,0.00012256748
15503,0,5.782526e-05
15504,0,3.0113725e-07
15505,0,3.4119785e-06
15506,0,2.8084767e-06
15507,0,0.000105248866
15508,0,3.7077607e-05
15509,0,2.8062518e-06
15510,0,0.00012462461
15511,0,6.286586e-06
15512,0,1.0307703e-05
15513,0,3.0241958e-06
15514,0,4.8523344e-07
15515,0,1.14950135e-05
15516,0,7.8930625e-06
15517,0,8.110682e-06
15518,0,3.2316384e-05
15519,0,1.19065e-05
15520,0,2.0413465e-05
15521,0,9.1309885e-06
15522,0,1.3146112e-05
15523,0,9.812505e-06
15524,1,0.99995744
15525,0,1.3346754e-06
15526,0,0.0006575092
15527,0,2.2699483e-05
15528,0,2.512619e-05
15529,0,4.5521168e-07
15530,0,2.0850865e-05
15531,0,6.6437947e-06
15532,0,0.00031503508
15533,0,3.345669e-06
15534,0,1.0367257e-05
15535,0,3.491582e-06
15536,0,1.532409e-05
15537,0,4.0605332e-06
15538,0,2.9646432e-07
15539,0,6.257531e-08
15540,0,5.277459e-06
15541,0,2.7149008e-06
15542,0,3.0879303e-06
15543,0,0.00021757078
15544,0,8.10394e-06
15545,0,1.308379e-05
15546,0,3.9295413e-05
15547,0,4.4327713e-05
15548,0,4.2663458e-05
15549,0,1.187193e-05
15550,0,4.226202e-06
15551,0,2.2549523e-06
15552,0,4.340238e-06
15553,0,0.002502175
15554,0,1.254601e-06
15555,0,1.1196817e-06
15556,0,7.468087e-08
15557,0,0.00023454987
15558,0,9.947931e-06
15559,0,8.252769e-05
15560,0,0.001154074
15561,0,2.6296364e-06
15562,0,1.1009937e-05
15563,0,3.9569397e-05
15564,0,2.184881e-05
15565,0,1.4716501e-06
15566,0,2.2220464e-05
15567,0,3.9627434e-06
15568,0,6.082366e-05
15569,0,1.4924406e-06
15570,0,1.7531274e-05
15571,0,2.7680144e-06
15572,0,0.00014489568
15573,0,6.731411e-06
15574,0,4.9570963e-06
15575,0,6.5466775e-06
15576,0,3.0679817e-06
15577,0,1.821532e-06
15578,0,2.8254897e-05
15579,0,1.6470995e-05
15580,0,1.0914043e-05
15581,0,1.2745221e-06
15582,0,2.1923928e-05
15583,0,4.968854e-07
15584,0,1.6495313e-06
15585,0,0.00035736154
15586,0,0.0008395563
15587,0,4.762477e-07
15588,0,3.8276557e-06
15589,0,1.0090085e-05
15590,0,5.592459e-07
15591,0,0.00019640838
15592,0,7.026975e-05
15593,0,4.4647396e-07
15594,0,8.0904356e-05
15595,0,4.1434063e-07
15596,0,3.4045968e-06
15597,0,9.714757e-06
15598,0,0.0007171545
15599,0,0.00031671792
15600,0,0.0005464077
15601,0,5.329795e-07
15602,0,1.3410905e-06
15603,0,7.0990696e-05
15604,0,3.0670824e-05
15605,0,8.735943e-05
15606,0,9.018915e-06
15607,0,2.4178606e-05
15608,0,1.6903237e-05
15609,0,0.00019702846
15610,0,0.00016204936
15611,0,7.130047e-05
15612,0,1.2139098e-05
15613,0,1.6275222e-07
15614,0,7.461789e-05
15615,0,2.2704244e-06
15616,0,2.3288641e-05
15617,0,0.00012141655
15618,0,0.00040571243
15619,0,4.908773e-06
15620,0,7.27225e-08
15621,0,4.4113825e-05
15622,0,6.9791618e-06
15623,0,2.528745e-06
15624,0,3.5514673e-05
15625,0,0.00013953864
15626,0,1.8003415e-06
15627,0,0.00040330776
15628,0,3.1469724e-05
15629,0,1.4943069e-05
15630,0,3.1242376e-05
15631,0,3.743038e-07
15632,0,4.4978195e-05
15633,0,0.00064775685
15634,0,3.3124952e-06
15635,0,4.132509e-06
15636,0,5.445238e-05
15637,0,6.5304216e-06
15638,0,4.694789e-08
15639,0,6.119082e-05
15640,0,7.964844e-06
15641,0,1.0419165e-05
15642,0,5.2469124e-05
15643,0,1.3297217e-05
15644,0,2.7730644e-05
15645,0,6.491039e-05
15646,0,1.071617e-06
15647,0,0.0001282808
15648,0,6.0505077e-05
15649,0,3.0607127e-05
15650,0,0.009441813
15651,0,8.900128e-05
15652,0,2.737669e-07
15653,0,5.0722406e-06
15654,0,0.00014080654
15655,0,9.265444e-06
15656,0,3.1908774e-06
15657,0,1.8748493e-05
15658,0,4.2838693e-07
15659,0,3.218785e-05
15660,0,0.00011112689
15661,0,0.00040813631
15662,0,0.00062714505
15663,0,9.426164e-06
15664,0,0.00018186304
15665,0,9.536902e-06
15666,0,1.2321854e-06
15667,0,4.590375e-08
15668,0,0.00017952609
15669,0,8.659677e-07
15670,0,9.700037e-06
15671,0,6.192264e-05
15672,0,1.0700392e-06
15673,0,9.043547e-06
15674,0,5.6395425e-06
15675,0,1.0769588e-06
15676,0,0.0015602725
15677,0,0.00010839734
15678,0,4.943505e-06
15679,0,2.0385549e-05
15680,0,4.270412e-05
15681,0,2.1547999e-06
15682,0,5.02975e-05
15683,0,3.6366484e-05
15684,0,1.333206e-06
15685,0,1.6547861e-07
15686,0,0.00023211425
15687,0,3.0176622e-08
15688,0,2.474194e-05
15689,0,2.031767e-06
15690,0,0.0002647707
15691,0,8.0130185e-06
15692,0,8.583241e-06
15693,0,0.000113815804
15694,0,7.284257e-07
15695,0,2.706636e-06
15696,0,1.8295301e-06
15697,0,0.0019216969
15698,0,7.0003653e-06
15699,0,0.00016425544
15700,0,0.00014451017
15701,0,7.2202656e-06
15702,0,1.860554e-06
15703,0,1.630359e-06
15704,0,6.352831e-05
15705,0,9.2883766e-07
15706,0,0.00010862787
15707,0,0.0009932517
15708,0,3.866225e-05
15709,0,0.0003117836
15710,0,6.185111e-05
15711,0,3.835951e-06
15712,0,4.044469e-05
15713,0,5.220052e-05
15714,0,7.5063515e-05
15715,0,3.8272556e-05
15716,0,4.2877098e-05
15717,0,0.00011233925
15718,0,2.8451253e-05
15719,0,1.0416019e-06
15720,0,7.899637e-06
15721,0,2.2687838e-05
15722,0,2.224685e-06
15723,0,0.00035004326
15724,0,7.423507e-05
15725,0,1.5135427e-05
15726,0,1.301739e-05
15727,0,0.00028712742
15728,0,1.0048754e-05
15729,0,2.0946781e-07
15730,0,2.8503504e-05
15731,0,1.439447e-05
15732,0,3.4191542e-06
15733,0,1.5737864e-05
15734,0,1.9975566e-06
15735,0,8.431262e-06
15736,0,8.8256704e-05
15737,0,2.071265e-06
15738,0,0.00010990465
15739,0,1.7014451e-06
15740,0,7.877685e-06
15741,0,1.0116504e-05
15742,0,1.4031061e-05
15743,0,9.895323e-06
15744,0,8.977389e-05
15745,0,6.358243e-07
15746,0,1.0310495e-05
15747,0,1.2552517e-05
15748,0,0.00074968213
15749,0,0.00044553788
15750,0,7.898153e-05
15751,0,1.8421393e-05
15752,0,1.7947214e-05
15753,0,9.458403e-05
15754,0,2.5119554e-05
15755,0,3.398315e-05
15756,0,0.00014192752
15757,0,1.962125e-06
15758,0,0.0002470988
15759,0,0.008080763
15760,0,2.201475e-05
15761,0,2.1108242e-06
15762,0,9.054257e-07
15763,0,0.0001370123
15764,0,4.561196e-06
15765,0,3.8118334e-05
15766,0,1.4313855e-06
15767,0,7.713008e-05
15768,0,4.1719645e-06
15769,0,1.2831789e-06
15770,0,5.0447153e-07
15771,0,0.00023694908
15772,0,2.5860647e-05
15773,0,3.1315546e-06
15774,0,7.4122585e-07
15775,0,6.299604e-05
15776,0,0.0012627671
15777,0,1.5270156e-06
15778,0,3.0523856e-06
15779,0,0.00013452402
15780,0,0.0010419715
15781,0,5.9137965e-06
15782,0,0.00027910795
15783,0,0.003800811
15784,0,3.3323045e-06
15785,0,9.525176e-06
15786,0,1.4131521e-05
15787,0,7.997299e-06
15788,0,1.513443e-05
15789,0,3.7186337e-06
15790,0,1.041441e-06
15791,0,1.1924042e-06
15792,0,9.099858e-06
15793,0,2.5405008e-05
15794,0,7.554909e-06
15795,0,4.6324317e-06
15796,0,4.7531557e-05
15797,0,0.00013597202
15798,0,5.3547724e-06
15799,0,0.00026004782
15800,0,1.4264825e-05
15801,0,2.3846542e-06
15802,0,0.0036245342
15803,0,1.9845438e-05
15804,0,7.482062e-06
15805,0,0.00078564795
15806,0,1.5659414e-05
15807,0,6.685915e-07
15808,0,0.0001556687
15809,0,0.0009624812
15810,0,1.4147419e-06
15811,0,3.0914484e-06
15812,0,0.00042515827
15813,0,0.00013870701
15814,0,4.5129815e-05
15815,0,7.798533e-05
15816,0,4.904085e-06
15817,0,0.00027176956
15818,0,4.335088e-06
15819,0,2.9949751e-06
15820,0,0.00020989869
15821,0,0.00016225716
15822,0,5.3602853e-06
15823,0,9.080622e-06
15824,0,1.1227311e-05
15825,0,3.2147873e-06
15826,0,7.69407e-06
15827,0,0.0009063788
15828,0,1.6959979e-05
15829,0,9.790815e-07
15830,0,0.1149233
15831,0,7.5101207e-06
15832,0,1.1609628e-06
15833,0,5.1493016e-06
15834,0,6.723629e-05
15835,0,2.3238467e-06
15836,0,4.948156e-07
15837,0,5.129804e-05
15838,0,2.0740342e-06
15839,0,3.594748e-05
15840,0,8.704975e-05
15841,0,0.0010374873
15842,0,1.302637e-05
15843,0,6.271187e-07
15844,0,0.0006704486
15845,0,1.274691e-06
15846,0,2.285296e-06
15847,0,0.00010055797
15848,0,3.2322212e-05
15849,0,5.7147537e-07
15850,0,5.880397e-05
15851,0,1.7318987e-05
15852,0,0.00023094978
15853,0,5.783088e-07
15854,0,6.880252e-06
15855,0,1.1482701e-06
15856,0,1.4112355e-06
15857,0,2.624295e-07
15858,0,0.0009249354
15859,0,1.189826e-05
15860,0,1.0332063e-06
15861,0,9.718324e-06
15862,0,2.2945679e-07
15863,0,8.213803e-06
15864,0,1.8995402e-06
15865,0,1.188812e-05
15866,0,2.191467e-06
15867,0,0.0003549855
15868,0,9.0988954e-07
15869,0,5.6299505e-06
15870,0,2.8564062e-07
15871,0,6.489554e-05
15872,0,0.00030719608
15873,0,1.3822191e-05
15874,0,0.00012065792
15875,0,2.5284426e-05
15876,0,1.0324821e-05
15877,0,5.730491e-05
15878,0,3.0566407e-05
15879,0,2.671564e-06
15880,0,8.0950194e-05
15881,0,0.001433608
15882,0,5.3273743e-06
15883,0,0.0019457475
15884,0,1.2168884e-06
15885,0,3.6018824e-05
15886,0,3.964702e-05
15887,0,5.2489893e-05
15888,0,2.0081327e-06
15889,0,1.5531776e-05
15890,0,4.3398154e-06
15891,0,3.105363e-08
15892,0,0.00014759817
15893,0,2.5874756e-06
15894,0,1.7124689e-06
15895,0,9.41611e-06
15896,0,8.914288e-05
15897,0,6.180228e-06
15898,0,8.759067e-06
15899,0,0.005187835
15900,0,2.5694027e-05
15901,0,2.5970428e-06
15902,0,4.712427e-07
15903,0,0.010232484
15904,0,8.9278024e-07
15905,0,0.00047301134
15906,0,6.290714e-05
15907,0,5.0524473e-08
15908,0,0.0001423166
15909,0,5.4958728e-05
15910,0,9.114576e-05
15911,0,0.00020976605
15912,0,0.00010794493
15913,0,1.1402572e-06
15914,0,5.998641e-06
15915,0,5.9728634e-05
15916,0,0.0008309492
15917,0,1.7147804e-05
15918,0,6.410407e-05
15919,0,1.3894669e-05
15920,0,8.906076e-06
15921,0,0.00016032522
15922,0,7.822904e-05
15923,0,8.216491e-06
15924,0,1.995036e-06
15925,0,1.5582264e-05
15926,0,2.961273e-05
15927,0,6.5114978e-06
15928,0,1.2606573e-05
15929,0,0.00038809958
15930,0,3.4339413e-05
15931,0,9.688101e-06
15932,0,4.3627442e-05
15933,0,0.00031972837
15934,0,0.00020058986
15935,0,1.4684185e-06
15936,0,4.8709568e-05
15937,0,5.3776315e-05
15938,0,4.1635303e-06
15939,0,3.5500925e-05
15940,0,1.4704954e-06
15941,0,1.6317946e-06
15942,0,9.095859e-06
15943,0,2.0633986e-05
15944,0,0.08837273
15945,0,7.82685e-05
15946,0,3.411487e-06
15947,0,0.0012716352
15948,0,1.1283514e-06
15949,0,4.855879e-05
15950,0,0.0010580982
15951,0,0.0003746786
15952,0,2.0501686e-05
15953,0,0.0014815581
15954,0,1.3995373e-07
15955,0,1.5330243e-06
15956,0,0.00010339926
15957,0,1.3610743e-05
15958,0,8.4489126e-05
15959,0,2.084387e-06
15960,0,1.9978628e-05
15961,0,2.0846708e-05
15962,0,5.1096794e-07
15963,0,1.5904327e-05
15964,0,2.5119627e-05
15965,0,0.0075352215
15966,0,6.772141e-05
15967,0,0.0004895031
15968,0,5.49243e-07
15969,0,0.000115936804
15970,0,3.5918045e-05
15971,0,3.866855e-06
15972,0,8.903486e-06
15973,0,1.2594533e-05
15974,0,0.00017023238
15975,0,4.5310685e-06
15976,0,6.191491e-05
15977,0,9.950986e-06
15978,0,6.202151e-05
15979,0,2.3258102e-05
15980,0,1.3131703e-05
15981,0,8.6680717e-07
15982,0,0.00031944257
15983,0,3.2512928e-06
15984,0,1.33106405e-05
15985,0,2.5023871e-06
15986,0,6.40095e-05
15987,0,2.8409202e-05
15988,0,3.5216166e-05
15989,0,0.0007177995
15990,0,0.00067102036
15991,0,8.90628e-06
15992,0,0.0003527085
15993,0,3.7770562e-05
15994,0,0.029468838
15995,0,1.14611325e-07
15996,0,9.410607e-06
15997,0,2.2404307e-05
15998,0,1.0738466e-05
15999,0,0.00014882359
16000,0,1.1116115e-05
16001,0,8.836693e-06
16002,0,1.6262813e-05
16003,0,5.4707834e-05
16004,0,4.902317e-06
16005,0,1.0500332e-05
16006,0,2.0520586e-07
16007,0,6.0463517e-06
16008,0,6.468195e-05
16009,0,0.00022257141
16010,0,1.0705725e-05
16011,0,0.0002209714
16012,0,1.7183994e-06
16013,0,1.7646931e-05
16014,0,9.0905e-06
16015,0,3.4165965e-05
16016,0,6.7138775e-05
16017,0,8.800647e-06
16018,0,0.03658875
16019,0,6.277671e-06
16020,0,8.8666e-05
16021,0,1.7784541e-06
16022,0,7.6258048e-06
16023,0,5.6554483e-05
16024,0,1.5196356e-06
16025,0,2.9470883e-05
16026,0,1.9486784e-05
16027,0,1.49940015e-05
16028,0,8.143342e-06
16029,0,1.0634135e-06
16030,0,2.3524926e-07
16031,0,0.0001075708
16032,0,0.0013957017
16033,0,9.917939e-07
16034,0,8.601029e-08
16035,0,6.913416e-05
16036,0,2.2116914e-05
16037,0,1.3195614e-05
16038,0,2.4185983e-05
16039,0,2.187898e-05
16040,0,2.045292e-06
16041,0,0.00027900445
16042,0,3.2692844e-07
16043,0,2.9681403e-05
16044,0,2.864501e-05
16045,0,7.4737994e-07
16046,0,9.06964e-07
16047,0,3.2485113e-07
16048,0,2.6516247e-05
16049,0,1.5389216e-05
16050,0,2.2036704e-06
16051,0,7.5338896e-05
16052,0,2.885024e-05
16053,0,0.00057717727
16054,0,1.739775e-05
16055,0,5.091398e-06
16056,0,2.9073346e-05
16057,0,3.978014e-06
16058,0,2.6451173e-06
16059,0,2.6852736e-05
16060,0,0.00018433353
16061,0,8.1732895e-07
16062,0,4.7148824e-05
16063,0,1.8892083e-06
16064,0,3.884437e-05
16065,0,3.4585206e-05
16066,0,1.7997321e-06
16067,0,0.0004206562
16068,0,7.379092e-06
16069,0,4.9447397e-05
16070,0,0.00053487485
16071,0,8.913191e-05
16072,0,1.0837447e-05
16073,0,5.725501e-06
16074,0,2.2475719e-05
16075,0,3.1127698e-08
16076,0,2.1737712e-07
16077,0,6.985152e-05
16078,0,6.4935757e-06
16079,0,1.9496745e-06
16080,0,2.0842734e-05
16081,0,6.91815e-06
16082,0,1.2574286e-05
16083,0,0.0029794797
16084,0,8.314485e-06
16085,0,4.572338e-05
16086,0,4.5581432e-06
16087,0,4.7937607e-05
16088,0,4.2712792e-05
16089,0,3.6975855e-06
16090,0,3.8045716e-06
16091,0,6.348933e-06
16092,0,3.255067e-07
16093,0,2.2211532e-06
16094,0,1.7244605e-06
16095,0,7.376981e-05
16096,0,0.00011726525
16097,0,0.00011013461
16098,0,1.8492892e-05
16099,0,1.5160562e-05
16100,0,2.6306423e-06
16101,0,7.28689e-07
16102,0,4.6892723e-07
16103,0,9.61509e-05
16104,0,2.7770889e-06
16105,0,3.40744e-05
16106,0,3.2230146e-06
16107,0,0.0006543694
16108,0,3.228352e-05
16109,0,1.0209179e-06
16110,0,1.6968197e-05
16111,0,1.0680058e-05
16112,0,0.00077846245
16113,0,3.5715334e-06
16114,0,1.4722587e-05
16115,0,9.3089366e-05
16116,0,6.286137e-06
16117,0,2.7582723e-06
16118,0,2.4991386e-05
16119,0,5.4709662e-06
16120,0,6.260856e-05
16121,0,1.1728338e-05
16122,0,4.610501e-06
16123,0,1.5876958e-08
16124,0,6.8198e-05
16125,0,1.9436502e-06
16126,0,1.1051087e-06
16127,0,2.9297315e-05
16128,0,1.0340668e-06
16129,0,2.490913e-06
16130,0,0.000301199
16131,0,1.1174607e-05
16132,0,4.3208934e-06
16133,0,2.1587778e-06
16134,0,1.7614686e-07
16135,0,9.756229e-06
16136,0,7.413287e-06
16137,0,5.296574e-06
16138,0,6.248861e-05
16139,0,7.375631e-06
16140,0,0.00018359137
16141,0,1.4886304e-05
16142,0,0.00012246211
16143,0,0.0016692955
16144,0,6.394898e-05
16145,0,4.100221e-06
16146,0,7.2799626e-06
16147,0,2.025034e-05
16148,0,4.8200263e-07
16149,0,0.0021310973
16150,0,0.00049627735
16151,0,5.8046193e-05
16152,0,3.1391464e-06
16153,0,3.992658e-06
16154,0,6.21723e-07
16155,0,2.93738e-05
16156,0,6.949785e-06
16157,0,0.00014660397
16158,0,2.950512e-07
16159,0,2.0723557e-05
16160,0,4.4745448e-06
16161,0,6.1227543e-06
16162,0,0.0002530654
16163,0,2.771058e-05
16164,0,7.391683e-05
16165,0,8.3391415e-06
16166,0,9.415499e-06
16167,0,1.2001517e-06
16168,0,4.261007e-05
16169,0,0.00069691904
16170,0,0.0002232077
16171,0,9.442971e-06
16172,0,6.6492e-07
16173,0,5.2638017e-05
16174,0,5.0226135e-05
16175,0,0.0002886389
16176,0,5.6461513e-06
16177,0,1.031615e-05
16178,0,4.8119064e-06
16179,0,2.63495e-08
16180,0,1.5443908e-05
16181,0,1.8149609e-05
16182,0,1.355073e-06
16183,0,3.5849819e-06
16184,0,1.8664778e-07
16185,0,0.00028046998
16186,0,1.84601e-05
16187,0,7.4515e-05
16188,0,3.3615995e-06
16189,0,0.005807279
16190,0,5.4786105e-06
16191,0,0.000103405575
16192,0,1.6047112e-05
16193,0,0.00010129478
16194,0,0.0001989195
16195,0,2.0447229e-05
16196,0,9.945768e-06
16197,0,5.3150445e-05
16198,0,4.8847983e-06
16199,0,0.00015380859
16200,0,1.6836424e-05
16201,0,1.9583663e-07
16202,0,6.576448e-05
16203,0,2.8912673e-06
16204,0,0.00044738385
16205,0,6.722377e-07
16206,0,1.7414748e-06
16207,0,0.00011158753
16208,0,0.00016295223
16209,0,3.26736e-06
16210,0,9.108458e-08
16211,0,0.00014420155
16212,0,4.8949893e-05
16213,0,1.1344032e-05
16214,0,1.0137162e-05
16215,0,4.6261448e-05
16216,0,9.698428e-06
16217,0,6.202145e-06
16218,0,1.3470379e-05
16219,0,5.059548e-05
16220,0,3.8331073e-05
16221,0,1.7630784e-06
16222,0,2.3857074e-06
16223,0,3.4469733e-06
16224,0,2.8800391e-06
16225,0,7.4526375e-05
16226,0,0.00048317914
16227,0,2.9989362e-06
16228,0,7.866791e-06
16229,0,1.1710596e-06
16230,0,0.0021408682
16231,0,3.9809638e-07
16232,0,8.1179877e-07
16233,0,0.0005833213
16234,0,3.3823238e-07
16235,0,4.0594193e-07
16236,0,2.2682686e-06
16237,0,0.00078055635
16238,0,1.1300184e-06
16239,0,0.0001114886
16240,0,4.7511953e-06
16241,0,3.2552543e-05
16242,0,0.00012640898
16243,0,8.888478e-06
16244,0,4.4157936e-05
16245,0,5.757017e-06
16246,0,0.0005001713
16247,0,0.00014007803
16248,0,0.00012825156
16249,0,1.4599842e-05
16250,0,8.974607e-07
16251,0,0.0040268493
16252,0,0.00023493054
16253,0,0.00019965583
16254,0,0.000117039155
16255,0,8.1732895e-07
16256,0,7.4193417e-06
16257,0,1.5202591e-05
16258,0,2.0464495e-05
16259,0,3.698124e-05
16260,0,3.258208e-05
16261,0,0.0001697016
16262,0,5.399203e-07
16263,0,9.955134e-06
16264,0,7.604102e-07
16265,0,0.00036296167
16266,0,3.072129e-05
16267,0,5.343784e-06
16268,0,2.2936104e-06
16269,0,1.235135e-06
16270,0,1.657441e-06
16271,0,4.7270102e-08
16272,0,1.296972e-05
16273,0,0.0030040017
16274,0,1.529231e-05
16275,0,8.310888e-07
16276,0,1.2984052e-05
16277,0,0.00017603303
16278,0,0.00024851
16279,0,1.2374669e-05
16280,0,0.0008247025
16281,0,3.138736e-05
16282,0,0.000120812314
16283,0,3.2596586e-07
16284,0,1.0458637e-05
16285,0,0.00011726056
16286,0,8.791837e-07
16287,0,2.3256506e-07
16288,0,3.0520334e-06
16289,0,0.00016343151
16290,0,1.6982466e-06
16291,0,5.4425385e-05
16292,0,8.597138e-05
16293,0,2.009421e-05
16294,0,5.4999196e-05
16295,0,3.764585e-06
16296,0,0.017499158
16297,0,1.2397064e-05
16298,0,6.295988e-06
16299,0,0.00013739159
16300,0,8.266117e-07
16301,0,1.5128774e-05
16302,0,4.2218013e-05
16303,0,1.386067e-05
16304,0,5.745495e-05
16305,0,1.5103056e-05
16306,0,3.034573e-05
16307,0,1.7487442e-05
16308,0,3.6987742e-06
16309,0,1.492511e-05
16310,0,1.1041271e-05
16311,0,4.7007983e-05
16312,0,7.225558e-05
16313,0,1.7303402e-05
16314,0,0.0009802282
16315,0,1.3110894e-05
16316,0,2.817278e-06
16317,0,3.4367917e-05
16318,0,0.00018202887
16319,0,7.153954e-07
16320,0,3.3355827e-05
16321,0,9.177432e-05
16322,0,4.4888798e-06
16323,0,2.1634894e-06
16324,0,1.0453671e-05
16325,0,8.617607e-06
16326,0,1.9984496e-05
16327,0,7.351547e-08
16328,0,9.182491e-05
16329,0,2.4405806e-06
16330,0,0.00087190594
16331,0,0.0003642996
16332,0,5.5212317e-06
16333,0,3.218291e-05
16334,0,2.3697079e-05
16335,0,5.242466e-05
16336,0,0.00014860422
16337,0,1.0135934e-06
16338,0,4.363185e-05
16339,0,0.00013819663
16340,0,2.0832085e-06
16341,0,3.062634e-05
16342,0,2.2708013e-05
16343,0,3.3772054e-07
16344,0,6.6386137e-06
16345,0,0.00032022622
16346,0,2.170901e-05
16347,0,2.1900898e-05
16348,0,0.00046667454
16349,0,8.733894e-05
16350,0,2.8206332e-06
16351,0,5.9366707e-06
16352,0,5.2852796e-05
16353,0,2.7367856e-05
16354,0,0.000109870794
16355,0,1.1786067e-06
16356,0,3.3765657e-06
16357,0,0.000100334786
16358,0,0.0007875121
16359,0,1.4657041e-07
16360,0,1.6736276e-05
16361,0,5.308781e-06
16362,0,5.8656383e-07
16363,0,3.1404936e-05
16364,0,8.130671e-07
16365,0,1.237756e-05
16366,0,9.482135e-06
16367,0,4.4763415e-06
16368,0,2.7115706e-05
16369,0,7.805817e-06
16370,0,1.3325031e-06
16371,0,5.002149e-06
16372,0,1.3096835e-05
16373,0,0.0012213099
16374,0,3.6076093e-05
16375,0,0.00023195386
16376,0,0.0003041922
16377,0,0.00012638862
16378,0,4.3747466e-05
16379,0,6.4036516e-07
16380,0,7.174126e-05
16381,0,4.7843205e-05
16382,0,2.3387483e-05
16383,0,2.8945806e-06
16384,0,1.6752467e-05
16385,0,1.3582683e-05
16386,0,1.1469161e-05
16387,0,0.00019957608
16388,0,1.457811e-05
16389,0,6.611263e-06
16390,0,7.401356e-06
16391,0,3.6257024e-05
16392,0,0.0002789345
16393,0,1.6805096e-05
16394,0,5.759598e-06
16395,0,4.939787e-07
16396,0,7.021114e-05
16397,0,8.345769e-06
16398,0,2.0672986e-05
16399,0,0.00081066386
16400,0,3.6538802e-06
16401,0,4.425422e-05
16402,0,1.2010711e-06
16403,0,1.2422354e-05
16404,0,1.44783135e-05
16405,0,2.9870282e-06
16406,0,5.9279562e-05
16407,0,1.1800715e-05
16408,0,1.5124743e-07
16409,0,0.0007008447
16410,0,3.9017523e-05
16411,0,0.00054138404
16412,0,4.5304667e-05
16413,0,3.3670508e-06
16414,0,1.148432e-05
16415,0,3.4532018e-06
16416,0,0.00012986206
16417,0,6.022376e-05
16418,0,0.00010107903
16419,0,0.00013604671
16420,0,1.9792085e-06
16421,0,1.958093e-06
16422,0,9.513266e-06
16423,0,6.238741e-06
16424,0,2.4668802e-06
16425,0,0.00012456259
16426,0,0.0013845006
16427,0,3.664031e-05
16428,0,2.6422143e-05
16429,0,2.5575608e-05
16430,0,0.00092889054
16431,0,9.5819e-08
16432,0,0.00076195877
16433,0,1.3946145e-06
16434,0,8.912477e-05
16435,0,2.4345107e-07
16436,0,2.7910467e-06
16437,0,3.797806e-05
16438,0,7.853673e-06
16439,0,6.14588e-06
16440,0,1.464487e-05
16441,0,8.27642e-05
16442,0,5.0542826e-06
16443,0,5.0296738e-05
16444,0,3.915641e-05
16445,0,1.831222e-05
16446,0,0.00021216413
16447,0,4.887277e-07
16448,0,1.12322805e-05
16449,0,1.8393638e-06
16450,0,6.52956e-07
16451,0,3.429157e-05
16452,0,0.00076063944
16453,0,5.8265778e-06
16454,0,0.0004115753
16455,0,1.748379e-05
16456,0,0.00012949147
16457,0,1.6638202e-06
16458,0,0.00012597447
16459,0,9.6826814e-05
16460,0,0.00011793326
16461,0,0.0001713773
16462,0,2.29463e-06
16463,0,2.0076168e-05
16464,0,2.6828957e-05
16465,0,2.8731151e-06
16466,0,6.1115825e-05
16467,0,7.3169383e-07
16468,0,0.00013593299
16469,0,1.6759082e-05
16470,0,2.5244695e-05
16471,0,0.0001690996
16472,0,0.048665103
16473,0,0.00016800736
16474,0,1.8497936e-05
16475,0,8.677181e-06
16476,0,5.2497606e-05
16477,0,0.005278662
16478,0,5.7101657e-05
16479,0,2.6104715e-06
16480,0,0.0003257301
16481,0,2.7764375e-07
16482,0,1.0118627e-05
16483,0,4.0495672e-07
16484,0,1.4814797e-08
16485,0,2.6797702e-06
16486,0,6.2688734e-05
16487,0,0.0033945628
16488,0,5.9456423e-05
16489,0,4.8900743e-06
16490,0,1.6600305e-06
16491,0,2.405278e-07
16492,0,7.81568e-06
16493,0,8.080703e-07
16494,0,0.0001410826
16495,0,0.00012248837
16496,0,0.00010359576
16497,0,9.199683e-07
16498,0,1.3320787e-06
16499,0,6.6991646e-07
16500,0,5.929768e-07
16501,0,8.217446e-05
16502,0,5.0021827e-06
16503,0,9.7397155e-05
16504,0,1.9320535e-06
16505,0,1.9237932e-05
16506,0,3.301792e-05
16507,0,7.231505e-06
16508,0,5.139828e-06
16509,0,0.00013331739
16510,0,1.2186746e-06
16511,0,5.343784e-06
16512,0,3.8053502e-05
16513,1,0.9998005
16514,0,4.1651438e-05
16515,0,2.627904e-06
16516,0,3.6227461e-06
16517,0,3.347619e-05
16518,0,8.011191e-06
16519,0,3.2629348e-06
16520,0,1.2764483e-05
16521,0,0.0001124491
16522,0,3.5542755e-07
16523,0,7.838236e-07
16524,0,0.0017235391
16525,0,4.452947e-05
16526,0,5.2996682e-05
16527,0,4.8171955e-06
16528,0,1.6438558e-05
16529,0,2.0278285e-05
16530,0,3.913294e-06
16531,0,4.2999514e-07
16532,0,7.49184e-07
16533,0,7.3327224e-06
16534,0,0.00030426675
16535,0,2.360929e-05
16536,0,0.011811145
16537,0,6.240631e-05
16538,0,6.21078e-05
16539,0,4.050409e-07
16540,0,3.0185487e-05
16541,0,1.1576041e-06
16542,0,3.562834e-07
16543,0,9.031139e-05
16544,0,5.868683e-05
16545,0,0.0012964545
16546,0,3.8548265e-07
16547,0,4.8147153e-06
16548,0,6.455119e-07
16549,0,2.1280664e-05
16550,0,2.6442976e-06
16551,0,1.5974858e-05
16552,0,6.1970445e-07
16553,0,3.2064694e-05
16554,0,3.5409594e-06
16555,0,4.5279356e-07
16556,0,1.4362821e-05
16557,0,5.3487758e-05
16558,0,0.00019627021
16559,0,0.0014767697
16560,0,8.964317e-05
16561,0,6.2603217e-06
16562,0,5.184327e-07
16563,0,2.9905827e-06
16564,0,0.0001283552
16565,0,0.000106309984
16566,0,5.4967704e-06
16567,0,1.7337297e-05
16568,0,0.0007395092
16569,0,4.1930747e-07
16570,0,1.2157494e-06
16571,0,0.0027106043
16572,0,0.000142852
16573,0,0.00016023703
16574,1,0.99269754
16575,0,1.2596591e-06
16576,0,1.0447382e-05
16577,0,4.8371703e-07
16578,0,3.618689e-06
16579,0,6.3264364e-05
16580,0,0.00065357913
16581,0,3.3704885e-06
16582,0,1.4102994e-05
16583,0,1.706429e-06
16584,0,3.9898378e-06
16585,0,4.75239e-05
16586,0,0.00017267937
16587,0,1.4108358e-06
16588,0,0.014698494
16589,0,1.8497143e-05
16590,0,1.7260005e-06
16591,0,0.00019747911
16592,0,5.1505143e-05
16593,0,8.779908e-06
16594,0,2.0219882e-06
16595,0,0.0018866002
16596,0,4.4444214e-06
16597,0,1.717425e-05
16598,0,2.27305e-06
16599,0,7.0797564e-06
16600,0,0.0014185625
16601,0,0.0012048847
16602,0,1.1969092e-05
16603,0,6.5946625e-07
16604,0,4.191598e-06
16605,0,5.6970475e-06
16606,0,1.073188e-06
16607,0,0.000120757366
16608,0,8.132803e-06
16609,0,2.4990813e-05
16610,0,0.00028144743
16611,0,1.5912815e-06
16612,0,0.0020728686
16613,0,1.0599371e-05
16614,0,1.6075994e-06
16615,0,9.284478e-05
16616,0,1.0284079e-05
16617,0,5.661966e-06
16618,0,9.4790885e-06
16619,0,3.816844e-08
16620,0,2.4716624e-07
16621,0,6.887572e-06
16622,0,3.8360718e-06
16623,0,0.0009973837
16624,0,0.0001500184
16625,0,5.861032e-05
16626,0,4.8158687e-05
16627,0,2.052066e-05
16628,0,4.506724e-06
16629,0,9.683889e-06
16630,0,9.1694466e-07
16631,0,7.5040207e-06
16632,0,3.023397e-05
16633,0,0.00010035182
16634,0,8.2899405e-06
16635,0,1.0057901e-05
16636,0,5.488304e-07
16637,0,1.1130796e-06
16638,0,8.3483064e-05
16639,0,5.368489e-07
16640,0,4.2439136e-05
16641,0,2.0157001e-06
16642,0,2.748047e-05
16643,0,1.4669638e-05
16644,0,0.00026716117
16645,0,8.941463e-05
16646,0,1.4615626e-05
16647,0,2.1741642e-05
16648,0,1.0984104e-06
16649,0,7.7756895e-06
16650,0,1.4733979e-05
16651,0,1.7158749e-05
16652,0,0.0001298908
16653,0,4.2230415e-05
16654,0,0.0010176062
16655,0,5.941157e-06
16656,0,1.3764655e-05
16657,0,2.1046646e-05
16658,0,0.0028107332
16659,0,6.1785836e-06
16660,0,4.719876e-05
16661,0,3.617286e-05
16662,0,6.5947147e-06
16663,0,4.887004e-05
16664,0,1.928917e-05
16665,0,0.00013251055
16666,0,0.00019978342
16667,0,6.765901e-06
16668,0,0.0002400379
16669,0,7.889541e-06
16670,0,4.8154043e-06
16671,0,6.5694214e-05
16672,0,2.8816994e-05
16673,0,1.1271812e-06
16674,0,3.2983166e-06
16675,0,9.212995e-08
16676,0,0.0002033052
16677,0,4.7414e-06
16678,0,1.7998591e-06
16679,0,0.00023069714
16680,0,1.8277726e-05
16681,0,1.28042775e-05
16682,0,0.00077261217
16683,0,0.00015340872
16684,0,0.0003396743
16685,0,1.731502e-06
16686,0,7.0660776e-06
16687,0,0.00078321004
16688,0,2.0170008e-07
16689,0,1.8352915e-06
16690,0,1.1516466e-05
16691,0,7.371313e-05
16692,0,2.1677915e-05
16693,0,9.46952e-06
16694,0,8.895678e-06
16695,0,1.3450175e-05
16696,0,4.9198434e-07
16697,0,1.2113576e-08
16698,0,0.0002637996
16699,0,1.8960907e-06
16700,0,1.4908765e-05
16701,0,0.00015962933
16702,0,6.097343e-06
16703,0,2.656112e-05
16704,0,4.4251563e-05
16705,0,1.5088573e-05
16706,0,0.00054174097
16707,0,8.279448e-06
16708,0,1.7698925e-05
16709,0,8.871522e-05
16710,0,1.5944252e-05
16711,0,1.3990096e-05
16712,0,0.0034816717
16713,0,0.0001570665
16714,0,5.0447153e-07
16715,0,2.438246e-08
16716,0,2.5819814e-05
16717,0,0.00016447737
16718,0,0.00011855995
16719,0,5.1055635e-05
16720,0,3.2432996e-05
16721,0,3.5624808e-07
16722,0,2.9496542e-07
16723,0,6.421193e-06
16724,0,8.006212e-06
16725,0,3.5718836e-05
16726,0,0.00040781955
16727,0,0.00012906002
16728,0,3.1119296e-06
16729,0,5.128424e-06
16730,0,3.2161865e-05
16731,0,1.924176e-06
16732,0,1.1319965e-05
16733,0,9.677362e-06
16734,0,0.00022346835
16735,0,0.0001198526
16736,0,6.298735e-07
16737,0,8.454514e-05
16738,0,4.391512e-06
16739,0,3.356374e-05
16740,0,3.296543e-06
16741,0,1.06836545e-07
16742,0,1.7188601e-06
16743,0,3.1527418e-07
16744,0,0.00012651016
16745,0,4.4444214e-06
16746,0,4.790971e-06
16747,0,0.000298719
16748,0,1.7075985e-05
16749,0,0.00037477203
16750,0,3.4983765e-05
16751,0,6.0517883e-05
16752,0,9.028931e-06
16753,0,5.0233025e-06
16754,0,3.4306186e-06
16755,0,1.5576427e-06
16756,0,8.3407e-06
16757,0,0.0007862891
16758,0,4.9302325e-05
16759,0,0.00023073475
16760,0,3.870275e-05
16761,0,5.235673e-07
16762,0,3.9823422e-07
16763,0,2.3337043e-05
16764,0,3.867054e-06
16765,0,0.00010337708
16766,0,1.5584689e-06
16767,0,6.518301e-05
16768,0,7.5570206e-06
16769,0,7.6247403e-07
16770,0,5.2524147e-06
16771,0,4.330183e-06
16772,0,6.848698e-06
16773,0,1.3406698e-05
16774,0,0.042921484
16775,0,7.019947e-06
16776,0,0.00018030699
16777,0,0.00011011235
16778,0,0.00055952935
16779,0,4.4909382e-07
16780,0,6.0359507e-05
16781,0,0.00083102
16782,0,5.932842e-05
16783,0,0.000328105
16784,0,2.1132905e-07
16785,0,1.7670827e-05
16786,0,4.1509666e-06
16787,0,9.8622695e-05
16788,0,6.771743e-06
16789,0,5.748973e-07
16790,0,6.6054145e-06
16791,0,5.16614e-08
16792,0,0.000310169
16793,0,1.2314792e-05
16794,0,0.00011390734
16795,0,2.353429e-06
16796,0,3.636125e-05
16797,0,0.00018296995
16798,0,0.0002087083
16799,0,4.3733246e-05
16800,0,9.974197e-06
16801,0,1.1108284e-05
16802,0,6.925939e-07
16803,0,0.0008300585
16804,0,7.482882e-06
16805,0,0.00035185076
16806,0,4.765539e-07
16807,0,3.9063366e-06
16808,0,1.2074382e-06
16809,0,0.0057157762
16810,0,0.0012232508
16811,0,6.233291e-05
16812,0,8.84337e-06
16813,0,1.7172662e-05
16814,0,0.00031551963
16815,0,1.2389843e-05
16816,0,9.178709e-05
16817,0,1.3362737e-06
16818,0,0.0004828426
16819,0,1.778273e-07
16820,0,1.6531487e-05
16821,0,0.00014142295
16822,0,4.2504347e-05
16823,0,4.3418318e-06
16824,0,0.00011009293
16825,0,4.9285543e-05
16826,0,3.2131352e-06
16827,0,1.23682385e-05
16828,0,1.5830414e-06
16829,0,0.00038409868
16830,0,6.1465864e-05
16831,0,8.0378544e-07
16832,0,2.2736679e-06
16833,0,5.712519e-08
16834,0,1.614284e-06
16835,0,0.0001265822
16836,0,3.730417e-05
16837,0,1.4702327e-05
16838,0,6.289904e-05
16839,0,1.33676185e-05
16840,0,5.7596862e-05
16841,0,4.568854e-06
16842,0,5.7061055e-08
16843,0,9.053954e-06
16844,0,2.3660493e-06
16845,0,5.9341437e-05
16846,0,0.00029758882
16847,0,1.9668782e-05
16848,0,0.00010858231
16849,0,2.6522013e-05
16850,0,4.853315e-06
16851,0,8.782166e-05
16852,0,0.00018986329
16853,0,2.6852098e-05
16854,0,1.1622861e-05
16855,0,1.045091e-05
16856,0,2.880779e-05
16857,0,5.6276585e-06
16858,0,0.00020994333
16859,0,3.900202e-06
16860,0,1.5501071e-05
16861,0,7.655354e-05
16862,0,3.4722685e-05
16863,0,0.0004899005
16864,0,3.8857634e-05
16865,0,2.174442e-06
16866,0,1.4338722e-06
16867,0,2.2928732e-06
16868,0,4.2374168e-06
16869,0,8.1732895e-07
16870,0,2.002282e-05
16871,0,7.000616e-05
16872,0,2.5165158e-05
16873,0,0.00013368604
16874,0,0.00023805868
16875,0,0.00013245585
16876,0,1.5030992e-06
16877,0,6.947618e-06
16878,0,0.000388712
16879,0,4.5013294e-05
16880,0,3.8419917e-06
16881,0,0.0023720383
16882,0,1.429898e-07
16883,0,3.9758143e-06
16884,0,3.5227957e-05
16885,0,0.0005051791
16886,0,9.674517e-07
16887,0,3.850094e-06
16888,0,6.782349e-06
16889,0,5.390125e-06
16890,0,6.7386037e-07
16891,0,4.903885e-05
16892,0,0.0001723397
16893,0,6.6400703e-06
16894,0,5.979291e-06
16895,0,6.641698e-06
16896,0,1.3558481e-05
16897,0,3.7353034e-06
16898,0,1.1912042e-05
16899,0,5.508261e-07
16900,0,9.074933e-05
16901,0,9.1203805e-07
16902,0,7.959575e-06
16903,0,0.0038360753
16904,0,4.6933797e-06
16905,0,0.00021164792
16906,0,1.2116589e-06
16907,0,0.00012611618
16908,0,0.00036732384
16909,0,6.7432455e-05
16910,0,3.5456699e-06
16911,0,4.6242436e-05
16912,0,7.284516e-05
16913,0,2.4959804e-06
16914,0,0.00013029657
16915,0,2.367442e-06
16916,0,0.0010200853
16917,0,4.3572225e-05
16918,0,3.442834e-05
16919,0,0.00029667976
16920,0,0.0023192987
16921,0,9.32175e-06
16922,0,0.00010863296
16923,0,1.9599856e-08
16924,0,6.3275415e-06
16925,0,1.0811698e-06
16926,0,0.00029578505
16927,0,1.4573384e-05
16928,0,0.00039399977
16929,0,2.2580255e-06
16930,0,0.00011366375
16931,0,6.515945e-05
16932,0,3.3165795e-06
16933,0,1.314719e-06
16934,0,1.2541867e-05
16935,0,2.8496748e-07
16936,0,1.918762e-05
16937,0,0.00021085993
16938,0,2.0218771e-05
16939,0,4.234432e-06
16940,0,8.750517e-06
16941,0,3.201045e-06
16942,0,4.6809703e-07
16943,0,6.649333e-07
16944,0,0.0001154011
16945,0,9.2385526e-05
16946,0,3.2703858e-05
16947,0,1.1889987e-06
16948,0,0.0008400741
16949,0,1.6973327e-05
16950,0,3.5778123e-07
16951,0,5.903102e-06
16952,0,0.0012491274
16953,0,1.4042985e-06
16954,0,4.1650237e-06
16955,0,2.9764223e-07
16956,0,8.524011e-05
16957,0,3.5920442e-05
16958,0,2.0487355e-06
16959,0,5.747575e-07
16960,0,7.233031e-05
16961,0,3.5123112e-06
16962,0,0.00058240275
16963,0,2.9832847e-06
16964,0,5.302464e-05
16965,0,4.5976753e-06
16966,0,0.00021786326
16967,0,2.6386195e-07
16968,0,4.6923546e-07
16969,0,2.4361718e-06
16970,0,2.6132659e-05
16971,0,4.8728525e-05
16972,0,1.8570245e-05
16973,0,1.1049813e-05
16974,0,1.3969192e-05
16975,0,6.498577e-05
16976,0,6.0321872e-05
16977,0,3.0698033e-07
16978,0,0.0006622514
16979,0,1.9848088e-05
16980,0,1.4499537e-05
16981,0,6.122439e-06
16982,0,5.1349675e-06
16983,0,5.182287e-05
16984,0,1.4476161e-06
16985,0,0.000692131
16986,0,4.6172463e-06
16987,0,7.4374446e-05
16988,0,9.1095495e-07
16989,0,0.0011357161
16990,0,1.1599966e-06
16991,0,3.2097152e-05
16992,0,8.3453176e-07
16993,0,7.245625e-08
16994,0,1.4211354e-05
16995,0,3.0225727e-05
16996,0,0.00032262746
16997,0,2.6179384e-06
16998,0,1.8773166e-05
16999,0,2.3404908e-05
17000,0,8.329317e-05
17001,0,9.150821e-05
17002,0,8.0065104e-07
17003,0,0.00010723528
17004,0,0.00011012485
17005,0,6.375186e-06
17006,0,1.022785e-06
17007,0,0.00055884174
17008,0,6.7037985e-07
17009,0,1.0978127e-05
17010,0,2.8785491e-05
17011,0,1.17887685e-05
17012,0,4.6925024e-06
17013,0,1.8231993e-05
17014,0,7.3605753e-07
17015,0,4.9541663e-06
17016,0,0.0010092633
17017,0,9.954609e-05
17018,0,1.0441823e-07
17019,0,0.0015630131
17020,0,5.276386e-05
17021,0,6.0490165e-06
17022,0,5.4471126e-05
17023,0,5.3808842e-05
17024,0,3.0481293e-05
17025,0,9.0783615e-06
17026,0,8.433248e-05
17027,0,1.2228705e-06
17028,0,4.267903e-06
17029,0,1.3353358e-07
17030,0,1.3873761e-05
17031,0,2.4055284e-05
17032,0,1.7935665e-05
17033,0,2.869517e-06
17034,0,0.0003596161
17035,0,8.495906e-06
17036,0,2.2730199e-05
17037,0,7.075415e-05
17038,0,4.9387218e-05
17039,0,6.446798e-06
17040,0,1.7970103e-06
17041,0,1.7873497e-05
17042,0,4.816773e-07
17043,0,2.952067e-05
17044,0,1.724989e-05
17045,0,2.0687282e-06
17046,0,1.5524964e-05
17047,1,0.97828865
17048,0,0.017180951
17049,0,0.001787227
17050,0,7.7971265e-07
17051,0,6.428466e-06
17052,0,1.649341e-06
17053,0,7.59366e-07
17054,0,1.5523157e-05
17055,0,3.355295e-07
17056,0,5.3805875e-06
17057,0,7.076739e-06
17058,0,3.159331e-05
17059,0,4.0493687e-06
17060,0,6.1353254e-05
17061,0,4.4504253e-05
17062,0,7.4539794e-06
17063,0,1.4282357e-05
17064,0,2.7213553e-06
17065,0,0.0014655162
17066,0,0.0016265429
17067,0,4.3817645e-06
17068,0,8.66723e-05
17069,0,2.6018373e-05
17070,0,0.00018478614
17071,0,1.6512958e-07
17072,0,8.195361e-06
17073,0,3.2191292e-05
17074,0,4.465124e-06
17075,0,6.133097e-05
17076,0,1.0088891e-05
17077,0,1.4286934e-06
17078,0,1.4940057e-06
17079,0,0.00014381597
17080,0,1.2710961e-05
17081,0,6.006798e-05
17082,0,4.974688e-05
17083,0,4.597373e-06
17084,0,0.0002659398
17085,0,0.0006263816
17086,0,7.4780096e-06
17087,0,0.00012922614
17088,0,3.796633e-05
17089,0,7.321291e-06
17090,0,2.7853112e-06
17091,0,7.5738317e-06
17092,0,5.268718e-05
17093,0,0.00015596926
17094,0,2.6836455e-05
17095,0,1.0794441e-06
17096,0,5.0103563e-06
17097,0,3.6129837e-05
17098,0,4.5056455e-05
17099,0,6.493862e-05
17100,0,6.4505994e-06
17101,0,5.2514828e-05
17102,0,9.958278e-06
17103,0,1.2069593e-06
17104,0,2.8269747e-05
17105,0,7.6341465e-05
17106,0,4.2215153e-05
17107,0,0.00017708573
17108,0,6.586904e-05
17109,0,2.7744425e-05
17110,0,3.9373514e-05
17111,0,0.00014267476
17112,0,4.3476034e-06
17113,0,2.8062732e-06
17114,0,0.000104592735
17115,0,0.0024253053
17116,0,7.8548896e-05
17117,0,5.625115e-06
17118,0,1.541351e-06
17119,0,3.7012815e-05
17120,0,3.9710707e-07
17121,0,1.0628053e-06
17122,0,1.03230595e-05
17123,0,0.0023859572
17124,0,4.0788054e-06
17125,0,1.4897664e-05
17126,1,0.99900216
17127,0,0.00011069358
17128,0,9.921659e-06
17129,0,0.0006840028
17130,0,8.3618215e-06
17131,0,3.0446697e-06
17132,0,5.4218567e-06
17133,0,6.775257e-06
17134,0,1.5636195e-05
17135,0,8.674806e-06
17136,0,3.2251734e-05
17137,0,0.0024371548
17138,0,5.0455224e-06
17139,0,3.6359302e-06
17140,0,3.011622e-05
17141,0,3.844807e-06
17142,0,3.4677218e-05
17143,0,0.0009179526
17144,0,1.9603352e-05
17145,0,7.764147e-05
17146,0,6.302933e-06
17147,0,1.4113741e-06
17148,0,9.737617e-05
17149,0,0.0002791524
17150,0,0.0009392228
17151,0,1.7056008e-06
17152,0,1.0622382e-05
17153,0,8.19831e-05
17154,0,5.5579276e-05
17155,0,1.9632651e-05
17156,0,0.000115415394
17157,0,0.0010013584
17158,0,9.346446e-05
17159,0,4.9247723e-05
17160,0,2.7965489e-05
17161,0,9.088419e-07
17162,0,4.2504794e-07
17163,0,2.9964272e-05
17164,0,1.0669802e-06
17165,0,3.4724512e-06
17166,0,3.1845495e-05
17167,0,7.632154e-07
17168,0,0.000111750865
17169,0,0.0010068719
17170,0,6.3812164e-05
17171,0,9.127675e-05
17172,0,5.94513e-07
17173,0,3.9845827e-06
17174,0,0.0014170989
17175,0,2.3721652e-06
17176,0,2.4376322e-05
17177,0,8.254005e-05
17178,0,4.0265008e-05
17179,0,0.00034336007
17180,0,9.515886e-05
17181,0,1.8430844e-06
17182,0,4.529116e-06
17183,0,3.2621913e-06
17184,0,1.5156745e-05
17185,0,6.827387e-05
17186,0,1.3058958e-05
17187,0,2.7552358e-06
17188,0,9.813674e-06
17189,0,7.924794e-07
17190,0,5.440605e-07
17191,0,3.534688e-05
17192,0,2.3343175e-06
17193,0,0.00026363315
17194,0,1.2294153e-06
17195,0,6.592965e-08
17196,0,1.0038993e-05
17197,0,0.00011140242
17198,0,1.6614116e-06
17199,0,0.018178876
17200,0,1.8883279e-07
17201,0,3.49277e-07
17202,0,5.9397033e-05
17203,0,6.261065e-05
17204,0,8.447261e-05
17205,0,0.00026562685
17206,0,1.7954361e-06
17207,0,3.117951e-06
17208,0,1.3526905e-07
17209,0,8.1135136e-07
17210,0,0.0034243797
17211,0,7.0383217e-06
17212,0,4.154736e-09
17213,0,0.00013612796
17214,0,0.00023390041
17215,0,9.993108e-05
17216,0,5.150256e-07
17217,0,3.6690103e-06
17218,0,4.391994e-05
17219,0,0.0001657275
17220,0,4.5992928e-07
17221,0,2.9586083e-05
17222,0,1.1822928e-05
17223,0,2.3538965e-05
17224,0,2.5989926e-05
17225,0,1.553068e-05
17226,0,3.3185097e-05
17227,0,3.1576412e-05
17228,0,1.7441458e-07
17229,0,7.540043e-07
17230,0,3.3363492e-06
17231,0,4.199027e-05
17232,0,4.4968065e-06
17233,0,1.2351371e-05
17234,0,1.547946e-05
17235,0,3.1814031e-06
17236,0,2.2921844e-05
17237,0,6.2153005e-05
17238,0,0.0008742394
17239,0,2.6575713e-05
17240,0,6.0816117e-05
17241,0,2.499265e-06
17242,0,4.4896765e-06
17243,0,0.00015927204
17244,0,6.197994e-05
17245,0,5.214559e-05
17246,0,3.612066e-06
17247,0,1.393628e-06
17248,0,0.00012283413
17249,0,2.641447e-06
17250,0,0.00010807531
17251,0,0.00010487827
17252,0,1.9518084e-06
17253,0,4.921833e-06
17254,0,5.765412e-06
17255,0,6.413207e-06
17256,0,1.6462845e-05
17257,0,0.0007033669
17258,0,2.5896602e-06
17259,0,0.004487837
17260,0,1.6759563e-05
17261,0,4.657774e-08
17262,0,2.7199696e-05
17263,0,1.1872269e-05
17264,0,0.000835968
17265,0,7.4850414e-07
17266,0,1.0506595e-06
17267,0,2.4698463e-06
17268,0,0.00031566405
17269,0,1.556269e-05
17270,0,2.5179713e-06
17271,0,2.7351836e-05
17272,0,1.3742834e-06
17273,0,7.778212e-05
17274,0,4.4071232e-05
17275,0,4.086663e-06
17276,0,3.03609e-06
17277,0,1.0514872e-05
17278,0,6.957894e-05
17279,0,5.955015e-07
17280,0,1.5114766e-06
17281,0,4.193389e-06
17282,0,0.00015799298
17283,0,1.6213502e-07
17284,0,2.5956266e-05
17285,0,8.31922e-06
17286,0,4.6869607e-07
17287,0,0.0022237455
17288,0,3.527762e-08
17289,0,0.0013218619
17290,0,0.0028250054
17291,0,2.0952442e-05
17292,0,3.261173e-07
17293,0,5.8087853e-06
17294,0,1.3171588e-05
17295,0,4.723825e-06
17296,0,2.037037e-05
17297,0,4.0908076e-06
17298,0,3.2746345e-06
17299,0,2.8760346e-06
17300,0,1.4571994e-05
17301,0,3.6154315e-08
17302,0,6.742834e-05
17303,0,8.0412705e-05
17304,0,4.641196e-06
17305,0,3.74944e-07
17306,0,2.6198115e-06
17307,0,4.5695044e-05
17308,0,2.1097273e-06
17309,0,2.7682478e-05
17310,0,6.503597e-06
17311,0,3.59127e-05
17312,0,6.048849e-06
17313,0,2.1543852e-05
17314,0,1.0915614e-05
17315,0,6.346965e-06
17316,0,1.8376335e-05
17317,0,9.9868295e-05
17318,0,8.193556e-06
17319,0,0.00018028945
17320,0,0.00065113016
17321,0,6.6218115e-07
17322,0,5.29015e-05
17323,0,2.6115991e-05
17324,0,4.3940843e-05
17325,0,1.1162305e-05
17326,0,6.169754e-05
17327,0,0.00015554155
17328,0,5.315783e-06
17329,0,1.5989506e-05
17330,0,8.3605096e-07
17331,0,6.576448e-05
17332,0,1.6724074e-06
17333,0,1.271003e-07
17334,0,3.4321621e-07
17335,0,9.990354e-05
17336,0,8.198435e-07
17337,0,8.428227e-07
17338,0,5.6180947e-05
17339,0,2.9644376e-05
17340,0,0.00028445883
17341,0,2.429177e-06
17342,0,1.9946574e-06
17343,0,1.9358737e-05
17344,0,2.5639005e-05
17345,0,5.3984227e-06
17346,0,2.394814e-05
17347,0,6.894232e-05
17348,0,3.0568262e-07
17349,0,3.9225888e-05
17350,0,1.2567314e-06
17351,0,2.903843e-06
17352,0,1.0052847e-05
17353,0,7.74904e-06
17354,0,1.1153484e-05
17355,0,5.339528e-07
17356,0,9.578077e-09
17357,0,3.4654175e-05
17358,0,1.0645656e-05
17359,0,1.7771741e-06
17360,0,5.3136155e-05
17361,0,3.8898204e-07
17362,0,0.00010305229
17363,0,1.5952412e-06
17364,0,7.614315e-06
17365,0,1.5346771e-07
17366,0,0.0007241029
17367,0,9.2523245e-05
17368,0,5.496035e-05
17369,0,7.821392e-06
17370,0,1.8121203e-06
17371,0,4.3427823e-05
17372,0,6.637714e-05
17373,0,4.965943e-05
17374,0,3.5140101e-06
17375,0,0.00018162424
17376,0,1.4404028e-06
17377,0,1.2599543e-05
17378,0,6.397971e-06
17379,0,1.3053516e-05
17380,0,1.5772646e-05
17381,0,4.7271144e-05
17382,0,1.3536286e-05
17383,0,0.0014713095
17384,0,3.7671743e-05
17385,0,3.3586988e-05
17386,0,1.7276165e-05
17387,0,1.0741774e-05
17388,0,1.747454e-05
17389,0,1.932935e-05
17390,0,1.6764203e-06
17391,0,1.5811447e-06
17392,0,4.624901e-06
17393,0,0.0011656771
17394,0,1.0130121e-07
17395,0,6.989676e-05
17396,0,1.9571373e-05
17397,0,9.34896e-05
17398,0,3.29333e-07
17399,0,0.00029147812
17400,0,1.5961208e-06
17401,0,7.253131e-05
17402,0,1.4994425e-06
17403,0,8.033486e-06
17404,0,6.523313e-05
17405,0,2.0395305e-06
17406,0,0.0014662846
17407,0,6.3494963e-06
17408,0,1.374085e-05
17409,0,6.5917657e-06
17410,0,9.0925374e-07
17411,0,3.2149806e-06
17412,0,0.00033832662
17413,0,3.4123982e-06
17414,0,5.3213166e-06
17415,0,1.2211038e-06
17416,0,1.2640522e-05
17417,0,4.988146e-05
17418,0,9.121432e-06
17419,0,5.1589937e-05
17420,0,5.808015e-06
17421,0,0.00019461042
17422,0,0.0002716061
17423,0,6.563325e-06
17424,0,1.5842102e-06
17425,0,1.0209179e-06
17426,0,1.007178e-05
17427,0,1.9964991e-05
17428,0,0.0005346643
17429,0,8.986152e-07
17430,0,4.195989e-05
17431,0,0.0037699654
17432,0,1.868912e-05
17433,0,4.416215e-05
17434,0,0.00017828286
17435,0,2.7830515e-06
17436,0,1.9507588e-05
17437,0,8.5695615e-07
17438,0,1.0559711e-05
17439,0,1.2169106e-05
17440,0,2.8043314e-07
17441,0,1.781698e-05
17442,0,7.2488424e-06
17443,0,3.870696e-06
17444,0,5.202976e-05
17445,0,7.553533e-06
17446,0,6.3471475e-06
17447,0,0.0009617891
17448,0,1.504562e-06
17449,0,1.932634e-08
17450,0,3.6662436e-06
17451,0,1.7906856e-06
17452,0,6.0114628e-05
17453,0,2.2380817e-05
17454,0,1.2038836e-07
17455,0,5.325496e-05
17456,0,1.6521777e-05
17457,0,1.484122e-06
17458,0,2.132412e-07
17459,0,4.919328e-07
17460,0,9.117483e-06
17461,0,4.688782e-05
17462,0,1.9839298e-07
17463,0,2.7409671e-05
17464,0,7.42681e-06
17465,0,1.7642036e-06
17466,0,4.5036936e-07
17467,0,1.1197254e-05
17468,0,3.9466744e-05
17469,0,4.821732e-07
17470,0,3.7206096e-06
17471,0,4.312522e-07
17472,0,0.000119388926
17473,0,0.00023309562
17474,0,4.5602454e-05
17475,0,2.4089442e-05
17476,0,2.7253263e-06
17477,0,6.039615e-06
17478,0,1.0967906e-07
17479,0,3.095316e-06
17480,0,0.0049332264
17481,0,8.559019e-05
17482,0,3.8778453e-05
17483,0,1.1981643e-05
17484,0,5.166357e-07
17485,0,4.6397668e-06
17486,0,0.0001564037
17487,0,4.762477e-07
17488,0,1.7769827e-06
17489,0,4.5613956e-06
17490,0,2.6762085e-05
17491,0,8.724037e-06
17492,0,9.4726e-06
17493,0,3.3213915e-08
17494,0,3.8740196e-05
17495,0,5.246572e-05
17496,0,1.414387e-06
17497,0,9.1515885e-06
17498,0,2.304975e-05
17499,0,3.2761618e-06
17500,0,1.1047897e-05
17501,0,3.6272762e-05
17502,0,4.2555126e-05
17503,0,0.00024196623
17504,0,9.883763e-05
17505,0,1.8880555e-06
17506,0,7.370497e-05
17507,0,2.3846134e-05
17508,0,5.3186477e-06
17509,0,1.7259483e-05
17510,0,1.8742579e-06
17511,0,9.151458e-06
17512,0,2.683238e-07
17513,0,0.0006015406
17514,0,0.00096062606
17515,0,1.2256329e-06
17516,0,7.121418e-05
17517,0,1.9311681e-05
17518,0,3.21301e-06
17519,0,3.081154e-05
17520,0,3.5698035e-06
17521,0,0.0023709193
17522,0,2.5836764e-05
17523,0,2.5299187e-05
17524,0,2.1244014e-06
17525,0,0.000354374
17526,0,1.1706582e-05
17527,0,1.750236e-07
17528,0,6.7547417e-06
17529,0,3.345514e-08
17530,0,1.6609314e-05
17531,0,3.013006e-06
17532,0,0.00028112158
17533,0,4.1537305e-06
17534,0,2.4444241e-06
17535,0,0.00011746502
17536,0,0.0007128895
17537,0,2.7294796e-05
17538,0,4.0148766e-06
17539,0,5.9568896e-07
17540,0,8.78314e-06
17541,0,1.7403208e-06
17542,0,7.758744e-05
17543,0,5.2231793e-05
17544,0,3.5619174e-05
17545,0,1.1139909e-05
17546,0,0.00013867288
17547,0,1.2135741e-05
17548,0,0.00089747744
17549,0,0.00086206343
17550,0,6.9890657e-06
17551,0,0.00060281187
17552,0,2.5626528e-06
17553,0,2.545861e-05
17554,0,5.084826e-05
17555,0,0.0019311871
17556,0,1.2498815e-06
17557,0,5.0329754e-07
17558,0,1.9721316e-05
17559,0,2.5895051e-05
17560,0,0.00011793494
17561,0,5.9000224e-05
17562,0,0.000106384425
17563,0,6.5189786e-05
17564,0,1.0160264e-05
17565,0,0.0026786332
17566,0,2.822913e-07
17567,0,3.032632e-06
17568,0,7.535967e-07
17569,0,1.4770972e-06
17570,0,3.708026e-05
17571,0,7.858246e-05
17572,0,1.9914733e-05
17573,0,2.9447936e-06
17574,0,7.2546864e-06
17575,0,9.325973e-06
17576,0,2.8129261e-06
17577,0,4.6983328e-06
17578,0,3.407607e-07
17579,0,7.688487e-06
17580,0,4.4681157e-05
17581,0,1.0377665e-05
17582,0,2.4032427e-06
17583,0,0.00011899238
17584,0,6.6217e-06
17585,0,0.0001297701
17586,0,2.7349855e-05
17587,0,1.4105735e-06
17588,0,2.2655558e-05
17589,0,0.00025609456
17590,0,1.635398e-06
17591,0,2.4941482e-06
17592,0,2.210363e-05
17593,0,2.7798029e-05
17594,0,4.1421183e-05
17595,0,0.00021404197
17596,0,6.051275e-05
17597,0,7.075882e-06
17598,0,3.222913e-06
17599,0,1.8050556e-06
17600,0,2.2029356e-08
17601,0,2.1399853e-06
17602,0,8.154245e-06
17603,0,0.00022925017
17604,0,0.000661524
17605,0,0.0010795159
17606,0,0.0012256321
17607,0,1.3193337e-05
17608,0,2.225586e-05
17609,0,1.2726707e-07
17610,0,9.622989e-05
17611,0,5.092107e-06
17612,0,7.154519e-06
17613,0,1.4332787e-05
17614,0,1.6556494e-05
17615,0,2.609262e-06
17616,0,0.00078377704
17617,0,1.1251503e-05
17618,0,0.0005336722
17619,0,1.5841437e-06
17620,0,3.816382e-06
17621,0,7.1736895e-06
17622,0,2.110765e-05
17623,0,2.0215186e-05
17624,0,0.00013059049
17625,0,1.7293834e-05
17626,0,9.491425e-08
17627,0,1.6803046e-05
17628,0,6.905376e-08
17629,0,4.2535692e-05
17630,0,3.2912823e-05
17631,0,0.0012765646
17632,0,1.8257222e-05
17633,0,8.549116e-05
17634,0,1.4563856e-06
17635,0,0.00061039365
17636,0,6.8848335e-06
17637,0,6.3231283e-07
17638,0,7.88909e-06
17639,0,4.7233293e-06
17640,0,8.3808545e-06
17641,0,4.033917e-06
17642,0,1.244035e-07
17643,0,5.542504e-05
17644,0,3.469538e-05
17645,0,7.925481e-07
17646,0,1.6914694e-06
17647,0,1.15023395e-05
17648,0,1.448566e-07
17649,0,6.354509e-07
17650,0,0.0020551914
17651,0,8.971699e-06
17652,0,2.9120267e-06
17653,0,6.652931e-06
17654,0,5.5840223e-07
17655,0,7.3306415e-05
17656,0,5.9063223e-05
17657,0,1.1065284e-05
17658,0,8.082568e-06
17659,0,0.0001059486
17660,0,6.1048486e-05
17661,0,3.7442594e-05
17662,0,1.770531e-06
17663,0,2.0248544e-05
17664,0,9.521266e-09
17665,0,0.0005119382
17666,0,1.7931834e-05
17667,0,9.1210325e-07
17668,0,3.859428e-05
17669,0,2.2163047e-05
17670,0,1.3638496e-05
17671,0,1.4225061e-06
17672,0,2.4528925e-05
17673,0,0.00010078472
17674,0,2.892922e-06
17675,0,2.4961375e-06
17676,0,2.9785065e-07
17677,0,1.5591375e-05
17678,0,1.2939527e-05
17679,0,1.2841954e-05
17680,0,5.906982e-06
17681,0,9.25294e-06
17682,0,1.5747066e-05
17683,0,1.6054566e-05
17684,0,3.883993e-06
17685,0,6.558398e-05
17686,0,0.000116496565
17687,0,4.8752554e-05
17688,0,0.00023546089
17689,0,3.285633e-06
17690,0,5.478647e-06
17691,0,8.5695615e-07
17692,0,0.004132166
17693,0,5.2201704e-06
17694,0,0.00019586342
17695,0,5.1842467e-06
17696,0,6.0895223e-07
17697,0,0.00025661467
17698,0,6.0475065e-07
17699,0,4.8091864e-05
17700,0,6.901814e-06
17701,0,1.7919543e-05
17702,0,7.5450975e-05
17703,0,1.0526319e-05
17704,0,2.0091095e-06
17705,0,5.402625e-06
17706,0,6.1373757e-06
17707,0,0.0030552566
17708,0,2.2228508e-06
17709,0,3.9062584e-06
17710,0,1.9723158e-05
17711,0,0.00020244808
17712,0,9.027221e-05
17713,0,7.0100464e-07
17714,0,1.0759327e-05
17715,0,0.00064300315
17716,0,0.00021876123
17717,0,1.4786982e-06
17718,0,2.8052486e-05
17719,0,3.4491764e-05
17720,0,4.5383986e-06
17721,0,0.0001944509
17722,0,2.978277e-05
17723,0,0.00025933003
17724,0,5.1511724e-05
17725,0,4.8190108e-05
17726,0,4.0185964e-06
17727,0,1.589635e-05
17728,0,9.596451e-06
17729,0,7.731166e-05
17730,0,6.818675e-05
17731,0,2.1321128e-05
17732,0,4.854186e-07
17733,0,7.723653e-06
17734,0,1.8970666e-05
17735,0,5.149107e-07
17736,0,8.088782e-06
17737,0,0.00053085247
17738,0,7.0000256e-06
17739,0,6.8641424e-07
17740,0,7.221632e-05
17741,0,6.6930547e-06
17742,0,5.7212e-06
17743,0,0.0001327568
17744,0,6.11532e-06
17745,0,0.029353186
17746,0,8.9976265e-06
17747,0,0.00024105623
17748,0,2.375842e-06
17749,0,0.0026016813
17750,0,6.1585824e-06
17751,0,9.975551e-05
17752,0,0.00058753014
17753,0,0.0016783583
17754,0,1.8954752e-05
17755,0,5.768387e-06
17756,0,3.6722304e-05
17757,0,0.0008309179
17758,0,0.00011864137
17759,0,2.0422773e-05
17760,0,1.0718229e-05
17761,0,9.025419e-06
17762,0,4.1537915e-05
17763,0,5.8924043e-06
17764,0,0.01670934
17765,0,0.00014641468
17766,0,2.1166197e-06
17767,0,1.6299782e-05
17768,0,1.1920691e-05
17769,0,2.0975868e-07
17770,0,5.3953587e-05
17771,0,2.0230066e-06
17772,0,9.7132925e-06
17773,0,2.0569643e-05
17774,0,5.2248124e-06
17775,0,1.886536e-05
17776,0,1.8315149e-06
17777,0,7.3671596e-05
17778,0,0.0006016676
17779,0,1.124616e-05
17780,0,1.1063905e-07
17781,0,0.016698776
17782,0,5.3146137e-05
17783,0,1.4454324e-06
17784,0,3.515268e-05
17785,0,1.5296713e-05
17786,0,1.1705996e-06
17787,0,6.3867697e-07
17788,0,6.326122e-05
17789,0,2.5574293e-05
17790,0,2.0271034e-05
17791,0,8.963574e-06
17792,0,0.00019536076
17793,0,3.6608595e-05
17794,0,1.0669802e-06
17795,0,4.8504084e-05
17796,0,6.5098993e-07
17797,0,3.516871e-05
17798,0,3.1576963e-06
17799,0,9.7575554e-05
17800,0,0.00023135068
17801,0,2.1036874e-05
17802,0,4.788267e-06
17803,0,8.240588e-05
17804,0,0.0005042028
17805,0,3.0833853e-05
17806,0,3.5672851e-06
17807,0,2.7958313e-07
17808,0,1.3238659e-05
17809,0,1.5075687e-05
17810,0,0.00045411478
17811,0,0.00011564751
17812,0,9.976636e-05
17813,0,4.3405894e-06
17814,0,0.0010353043
17815,0,0.000119174976
17816,0,8.909554e-05
17817,0,0.000142043
17818,0,1.8301774e-06
17819,0,7.162984e-05
17820,0,2.6519536e-05
17821,0,1.3470841e-05
17822,0,0.00010993746
17823,0,2.0084162e-06
17824,0,0.0005105788
17825,0,0.00014239356
17826,0,4.1226969e-07
17827,0,5.744556e-06
17828,0,2.5065978e-05
17829,0,2.2136855e-05
17830,0,2.0622243e-05
17831,0,4.169786e-05
17832,0,8.576618e-07
17833,0,1.02093045e-05
17834,0,6.138158e-05
17835,0,1.2887238e-05
17836,0,0.0076465835
17837,0,0.0022237678
17838,0,0.0030890268
17839,0,5.929553e-06
17840,0,6.825512e-06
17841,0,7.019647e-08
17842,0,2.9835104e-05
17843,0,0.0006817897
17844,0,2.645936e-05
17845,0,5.112643e-05
17846,0,0.00018283688
17847,0,4.7358817e-08
17848,0,7.233597e-07
17849,0,2.724435e-06
17850,0,4.4003644e-07
17851,0,3.9628685e-05
17852,0,3.4467037e-06
17853,0,1.3818864e-06
17854,0,2.8160184e-06
17855,0,7.945139e-05
17856,0,3.678371e-05
17857,0,0.0019436014
17858,0,3.0930735e-08
17859,0,1.6185616e-07
17860,0,4.863286e-06
17861,0,0.00024411548
17862,0,0.00012622542
17863,0,5.1488398e-05
17864,0,2.0103305e-06
17865,0,0.00021100594
17866,0,9.04341e-05
17867,0,1.2888467e-05
17868,0,1.4004789e-06
17869,0,1.5113411e-06
17870,0,4.2529023e-06
17871,0,8.516724e-05
17872,0,3.4539393e-05
17873,0,8.820232e-06
17874,0,3.4248234e-05
17875,0,9.737797e-06
17876,0,3.960889e-07
17877,0,0.00013613509
17878,0,1.1809665e-05
17879,0,6.2524196e-05
17880,0,6.6054145e-06
17881,0,1.8678163e-06
17882,0,3.028147e-06
17883,0,0.0016708432
17884,0,6.692215e-05
17885,0,3.4443547e-05
17886,0,6.1582186e-06
17887,0,1.0928478e-05
17888,0,4.6465675e-07
17889,0,4.748952e-08
17890,0,1.6148151e-06
17891,0,0.00023515444
17892,0,1.7366004e-06
17893,0,1.3913041e-06
17894,0,3.8076457e-06
17895,0,1.5378286e-05
17896,0,0.00017912683
17897,0,8.284245e-05
17898,0,1.0127933e-05
17899,0,2.1486545e-05
17900,0,7.0000256e-06
17901,0,2.3736617e-05
17902,0,0.004836136
17903,0,0.00037373952
17904,0,5.677993e-06
17905,0,3.232896e-06
17906,0,2.7732304e-07
17907,0,1.8919975e-06
17908,0,8.602068e-07
17909,0,2.123585e-06
17910,0,1.51993445e-05
17911,0,0.0007584879
17912,0,2.4082167e-06
17913,0,5.3663818e-05
17914,0,0.00027078364
17915,0,1.3672342e-05
17916,0,6.7376466e-05
17917,0,2.2555314e-05
17918,0,8.163154e-06
17919,0,2.9197017e-05
17920,0,2.1161384e-05
17921,0,6.4497626e-06
17922,0,8.494314e-07
17923,0,6.15297e-06
17924,0,6.0700927e-07
17925,0,2.9248713e-06
17926,0,0.001051897
17927,0,0.00058706105
17928,0,4.4030735e-06
17929,0,6.3653806e-06
17930,0,0.0001393036
17931,0,6.402286e-06
17932,0,9.631866e-05
17933,0,0.00042263517
17934,0,5.430749e-05
17935,0,2.3583e-06
17936,0,3.0683725e-05
17937,0,0.0001013229
17938,0,0.00033328257
17939,0,0.000740088
17940,0,1.619331e-05
17941,0,2.2530226e-05
17942,0,9.3509834e-07
17943,0,4.4392775e-05
17944,0,0.00026097376
17945,0,1.1293117e-05
17946,0,1.2936812e-05
17947,0,1.2937701e-05
17948,0,4.0235927e-06
17949,0,5.9424256e-06
17950,0,4.129903e-05
17951,0,0.00014922686
17952,0,4.5674856e-06
17953,0,9.464531e-07
17954,0,3.149191e-05
17955,0,3.0078474e-05
17956,0,3.3160137e-05
17957,0,1.4929502e-06
17958,0,0.0004456203
17959,0,9.388251e-06
17960,0,1.4543131e-05
17961,0,7.15643e-05
17962,0,0.00059470296
17963,0,7.6554825e-06
17964,0,1.559676e-05
17965,0,2.70077e-06
17966,0,4.5633606e-05
17967,0,1.2951218e-05
17968,1,0.99963164
17969,0,2.574038e-05
17970,0,1.9126737e-06
17971,0,0.00016638412
17972,0,2.162353e-05
17973,0,6.3598985e-05
17974,0,1.6538252e-05
17975,0,0.00027465387
17976,0,1.1669909e-05
17977,0,2.001686e-07
17978,0,3.3636225e-05
17979,0,9.355979e-07
17980,0,1.5040992e-05
17981,0,3.846028e-06
17982,0,2.2651031e-07
17983,0,7.3618007e-06
17984,0,0.00037027203
17985,0,7.406824e-07
17986,0,0.0007624567
17987,0,0.067046516
17988,0,4.1324392e-07
17989,0,6.719123e-05
17990,0,2.4356646e-07
17991,0,3.0405522e-06
17992,0,2.0720552e-05
17993,0,8.3954325e-07
17994,0,6.831601e-06
17995,0,0.00019887552
17996,0,8.116245e-06
17997,0,2.1807969e-06
17998,0,2.3107418e-06
17999,0,6.39419e-05
18000,0,2.9983135e-05
18001,0,5.227115e-06
18002,0,8.165733e-07
18003,0,7.458474e-05
18004,0,0.0002742164
18005,0,9.455121e-05
18006,0,1.2076767e-05
18007,0,6.981496e-05
18008,0,0.0005057628
18009,0,1.4693909e-06
18010,0,1.7797216e-06
18011,0,1.4349745e-07
18012,0,6.8235595e-06
18013,0,6.339892e-05
18014,0,2.111214e-05
18015,0,5.4862423e-05
18016,0,1.1449711e-06
18017,0,1.0855417e-07
18018,0,2.3864493e-06
18019,0,2.4262148e-05
18020,0,2.0985279e-05
18021,0,1.0526319e-05
18022,0,3.976676e-07
18023,0,1.1064376e-05
18024,0,3.6180784e-06
18025,0,1.3535076e-06
18026,0,3.5077858e-06
18027,0,1.2394974e-06
18028,0,0.0007103331
18029,0,3.0264348e-05
18030,0,4.939009e-06
18031,0,4.633969e-06
18032,0,2.3042234e-05
18033,0,4.2377058e-05
18034,0,2.248202e-05
18035,0,1.4236544e-05
18036,0,0.00024962658
18037,0,6.474713e-07
18038,0,1.3134954e-07
18039,0,5.0905694e-08
18040,0,0.00017715564
18041,0,1.2007768e-06
18042,0,1.1894436e-05
18043,0,0.00026797035
18044,0,9.4565454e-05
18045,0,6.7457666e-05
18046,0,6.339892e-05
18047,0,5.5193084e-07
18048,0,4.590375e-08
18049,0,1.3326695e-06
18050,0,5.3235766e-05
18051,0,6.585792e-05
18052,0,1.9758554e-06
18053,0,3.1088242e-05
18054,0,5.991844e-07
18055,0,2.5718193e-06
18056,0,1.2320291e-06
18057,0,2.673929e-08
18058,0,6.522822e-05
18059,0,0.00018167394
18060,0,5.0905463e-05
18061,0,0.001178809
18062,0,9.445559e-07
18063,0,1.1017131e-05
18064,0,2.3474271e-05
18065,0,2.9761575e-06
18066,0,1.2592327e-06
18067,0,0.0020622439
18068,0,1.2610413e-06
18069,0,0.001375221
18070,0,0.00053294585
18071,0,8.1732895e-07
18072,0,1.5669292e-07
18073,0,0.00010158963
18074,0,1.9126071e-05
18075,0,0.001602256
18076,0,4.0529967e-06
18077,0,0.00020465672
18078,0,1.3479865e-06
18079,0,0.00019455548
18080,0,0.0004435589
18081,0,5.687162e-05
18082,0,2.0843154e-06
18083,0,9.513584e-06
18084,0,6.893272e-05
18085,0,0.00011574141
18086,0,9.820096e-06
18087,0,0.003562424
18088,0,4.035038e-05
18089,0,1.6692699e-06
18090,0,3.0129402e-06
18091,0,0.00015910901
18092,0,8.578494e-06
18093,0,0.0007641908
18094,0,7.843052e-06
18095,0,0.00020721639
18096,0,0.000548376
18097,0,0.00035446777
18098,0,6.5961096e-08
18099,0,6.057284e-07
18100,0,0.0012042853
18101,0,3.7117195e-05
18102,0,3.5399706e-05
18103,0,7.340034e-06
18104,0,0.00047486898
18105,0,3.0951516e-05
18106,0,4.4957935e-07
18107,0,3.0230567e-05
18108,0,1.4356946e-05
18109,0,4.915074e-05
18110,0,5.4311426e-05
18111,0,3.3131258e-07
18112,0,4.375163e-06
18113,0,0.000117288844
18114,0,7.548166e-07
18115,0,2.5416593e-05
18116,0,3.0683284e-05
18117,0,1.24487415e-05
18118,0,3.5581044e-05
18119,0,2.3653414e-05
18120,0,0.00029295665
18121,0,0.00061555253
18122,0,8.2247163e-07
18123,0,6.966851e-05
18124,0,0.00012529234
18125,0,1.0209101e-06
18126,0,4.620466e-05
18127,0,0.0042819497
18128,0,6.737197e-05
18129,0,7.25167e-06
18130,0,1.4339869e-06
18131,0,9.375001e-05
18132,0,5.6576275e-05
18133,0,5.4582713e-05
18134,0,3.1946358e-05
18135,0,4.885138e-06
18136,0,2.8288547e-05
18137,0,1.33037365e-05
18138,0,1.7859422e-05
18139,0,4.6288815e-06
18140,0,6.4824694e-06
18141,0,4.58511e-05
18142,0,2.0011649e-07
18143,0,0.0025069485
18144,0,7.658587e-06
18145,0,0.00035923423
18146,0,8.077597e-06
18147,0,4.002677e-06
18148,0,0.0002795359
18149,0,0.00017952609
18150,0,1.4549113e-06
18151,0,4.7764684e-06
18152,0,1.1538049e-06
18153,0,0.0029468113
18154,0,0.000107824046
18155,0,8.426009e-07
18156,0,4.86964e-07
18157,0,6.4940527e-06
18158,0,2.928034e-07
18159,0,2.4304853e-05
18160,0,8.631927e-05
18161,0,3.7196266e-06
18162,0,7.52734e-07
18163,0,7.472086e-06
18164,0,1.4110097e-05
18165,0,0.00043302198
18166,0,1.0476995e-05
18167,0,2.157794e-06
18168,0,4.218442e-06
18169,0,8.450228e-06
18170,0,6.0190287e-05
18171,0,7.442703e-07
18172,0,2.0101475e-05
18173,0,3.1809498e-07
18174,0,2.1567204e-05
18175,0,8.9494984e-05
18176,0,2.7370623e-05
18177,0,5.565172e-05
18178,0,0.00012440448
18179,0,1.9069299e-07
18180,0,1.00193965e-05
18181,0,0.010605915
18182,0,1.4871142e-06
18183,0,0.00010550056
18184,0,1.8003415e-06
18185,0,0.00054484676
18186,0,1.2974072e-06
18187,0,9.739914e-06
18188,0,2.4313755e-05
18189,0,5.373853e-05
18190,0,2.6254485e-05
18191,0,1.1542678e-05
18192,0,0.00017625371
18193,0,3.4687966e-07
18194,0,5.1399795e-05
18195,0,2.6511724e-08
18196,0,1.0618954e-06
18197,0,2.5244748e-07
18198,0,1.8198276e-05
18199,0,3.336168e-05
18200,0,0.0010616942
18201,0,5.000844e-05
18202,0,0.00018164502
18203,0,9.936702e-05
18204,0,6.0481225e-06
18205,0,0.00020459741
18206,0,3.372873e-05
18207,0,0.00067269895
18208,0,3.15382e-06
18209,0,2.0839812e-05
18210,0,4.9404833e-05
18211,0,6.752172e-06
18212,0,0.00030892921
18213,0,1.49900125e-05
18214,0,6.5549175e-06
18215,0,3.413151e-05
18216,0,0.0001580605
18217,0,4.7440313e-05
18218,0,2.2326307e-05
18219,0,0.0003527892
18220,0,0.00027730456
18221,0,3.6219515e-07
18222,0,7.308813e-07
18223,0,2.3290474e-06
18224,0,9.487942e-06
18225,0,6.4854845e-07
18226,0,0.06243022
18227,0,2.5140648e-06
18228,0,1.2875587e-06
18229,0,2.4623128e-07
18230,0,0.00057476154
18231,0,0.00017248897
18232,0,0.00032845617
18233,0,9.560424e-06
18234,0,0.0010514867
18235,0,6.4117635e-06
18236,0,0.004868704
18237,0,7.7189325e-06
18238,0,2.1065991e-06
18239,0,0.0001676537
18240,0,2.0766172e-06
18241,0,6.6680155e-07
18242,0,5.3168642e-05
18243,0,7.558997e-05
18244,0,2.4235787e-05
18245,0,9.962827e-06
18246,0,2.4768995e-05
18247,0,5.9861548e-05
18248,0,8.199942e-06
18249,0,1.203416e-05
18250,0,8.044909e-06
18251,0,6.538472e-05
18252,0,1.9399895e-05
18253,0,0.00028699197
18254,0,3.9686438e-05
18255,0,5.9043738e-05
18256,0,4.247477e-05
18257,0,7.919868e-06
18258,0,5.2233587e-05
18259,0,3.5310964e-05
18260,0,0.00012197135
18261,0,0.002093943
18262,0,2.0063358e-07
18263,0,4.015151e-05
18264,0,1.5444763e-05
18265,0,7.792607e-05
18266,0,2.4865483e-06
18267,0,2.0053109e-05
18268,0,2.9737234e-06
18269,0,0.00014303764
18270,0,0.0005330665
18271,0,3.4028112e-06
18272,0,0.00014728634
18273,0,8.664463e-06
18274,0,0.00010763729
18275,0,0.00056490133
18276,0,9.979278e-06
18277,0,3.3742307e-07
18278,0,1.3875892e-05
18279,0,4.4086824e-05
18280,0,1.3677785e-06
18281,0,2.6797832e-06
18282,0,7.405741e-06
18283,0,4.0459563e-06
18284,0,0.00012727609
18285,0,1.441388e-05
18286,0,6.0974187e-05
18287,0,9.438895e-07
18288,0,7.9757534e-05
18289,0,1.6703541e-05
18290,0,1.9123718e-05
18291,0,1.2508541e-05
18292,0,9.598757e-06
18293,0,2.0337386e-06
18294,0,1.8731106e-06
18295,0,7.024072e-06
18296,0,3.4079187e-07
18297,0,2.734251e-07
18298,0,6.522386e-05
18299,0,5.0295057e-06
18300,0,7.6980614e-05
18301,0,8.069624e-05
18302,0,1.7172826e-05
18303,0,0.0002682408
18304,0,0.00012269436
18305,0,5.9419464e-05
18306,0,6.041258e-08
18307,0,8.138138e-05
18308,1,0.99999523
18309,0,3.7513826e-05
18310,0,0.00018548997
18311,0,0.00018981186
18312,0,4.7666572e-07
18313,0,4.812806e-06
18314,0,1.2787014e-07
18315,0,2.1312184e-05
18316,0,7.91204e-06
18317,1,0.99936503
18318,0,2.3032653e-05
18319,0,1.1558992e-05
18320,0,1.0283718e-06
18321,0,3.468046e-05
18322,0,0.00019706812
18323,0,6.9335792e-06
18324,0,9.535547e-06
18325,0,0.00016133476
18326,0,2.1788737e-05
18327,0,9.63356e-06
18328,0,1.1549373e-07
18329,0,2.4646775e-05
18330,0,0.001365028
18331,0,1.2913401e-06
18332,0,2.9360333e-06
18333,0,4.5695805e-07
18334,0,1.6879734e-05
18335,0,2.2250777e-06
18336,0,1.9519406e-05
18337,0,2.2727576e-05
18338,0,0.0001725064
18339,0,6.5890945e-06
18340,0,2.1450833e-06
18341,0,0.003663077
18342,0,3.4484794e-05
18343,0,5.5503683e-06
18344,0,2.6447844e-06
18345,0,1.2417643e-06
18346,0,5.5209002e-06
18347,0,1.3242498e-05
18348,0,9.362797e-05
18349,0,0.000112433445
18350,0,9.976757e-06
18351,0,1.0495175e-05
18352,0,2.2992075e-05
18353,0,0.00017163895
18354,0,2.8461736e-06
18355,0,0.00046610125
18356,0,0.0009973837
18357,0,1.0582938e-05
18358,0,9.495003e-06
18359,0,3.2064694e-05
18360,0,0.00011480106
18361,0,1.0526319e-05
18362,0,3.6587586e-05
18363,0,0.0019861516
18364,0,9.531116e-05
18365,0,6.416675e-05
18366,0,2.372812e-07
18367,0,0.00018809077
18368,0,1.4395527e-05
18369,0,4.7851325e-05
18370,0,1.063907e-05
18371,0,4.340068e-06
18372,0,0.00017004272
18373,0,6.9951334e-06
18374,0,1.6169113e-05
18375,0,0.00058385055
18376,0,0.00012832251
18377,0,0.00017343562
18378,0,2.4891273e-05
18379,0,3.4111226e-06
18380,0,1.1431335e-05
18381,0,0.00013427513
18382,0,1.6319144e-06
18383,0,3.4777133e-07
18384,0,3.7623493e-05
18385,0,9.031268e-05
18386,0,3.0477862e-05
18387,0,0.000117255295
18388,0,4.496408e-06
18389,0,3.1248754e-05
18390,0,1.0989178e-05
18391,0,7.628816e-06
18392,0,3.420568e-08
18393,0,7.774652e-06
18394,0,6.8965266e-05
18395,0,5.407213e-06
18396,0,4.827622e-07
18397,0,2.0516669e-05
18398,0,6.3731377e-06
18399,0,2.2895605e-05
18400,0,0.00033416515
18401,0,7.029146e-05
18402,0,2.2112612e-05
18403,0,0.0001781814
18404,0,0.00011517924
18405,0,2.7629201e-05
18406,0,0.033511825
18407,0,2.4764295e-05
18408,0,6.808174e-06
18409,0,7.378648e-05
18410,0,2.5067553e-05
18411,0,4.5687133e-07
18412,0,5.4765726e-05
18413,0,1.0494228e-06
18414,0,1.0191951e-06
18415,0,4.0536424e-06
18416,0,2.8666257e-06
18417,0,8.316126e-05
18418,0,3.0412195e-06
18419,0,4.2999514e-07
18420,0,5.4109423e-06
18421,0,3.4682714e-06
18422,0,2.1763755e-05
18423,0,4.1023327e-06
18424,0,0.00010475664
18425,0,7.769197e-06
18426,0,1.0496918e-05
18427,0,0.00037446382
18428,0,5.3696327e-05
18429,0,6.930339e-06
18430,0,1.08354525e-05
18431,0,2.0127467e-05
18432,0,0.00015693717
18433,0,4.9386795e-06
18434,0,4.814555e-06
18435,0,2.5128995e-05
18436,0,0.00024129651
18437,0,1.2832817e-06
18438,0,1.3881584e-05
18439,0,0.00013761054
18440,0,3.0192077e-06
18441,0,0.0028830008
18442,0,2.2075992e-05
18443,0,1.1069378e-06
18444,0,1.3518677e-05
18445,0,5.63313e-06
18446,0,5.2434607e-06
18447,0,6.8153383e-07
18448,0,0.00029072602
18449,0,2.0961943e-08
18450,0,0.00016179861
18451,0,0.00024543313
18452,0,2.0674366e-05
18453,0,6.8017835e-05
18454,0,1.6635917e-06
18455,0,2.0371103e-06
18456,0,1.6576669e-05
18457,0,1.7514163e-05
18458,0,6.1995784e-06
18459,0,4.812411e-06
18460,0,1.6111771e-07
18461,0,3.851302e-06
18462,0,3.30423e-05
18463,0,1.1729468e-05
18464,0,0.0004327047
18465,0,4.8134025e-06
18466,0,0.000110760106
18467,0,1.1223831e-05
18468,0,2.0147689e-05
18469,0,4.1080006e-05
18470,0,4.665237e-05
18471,0,5.402625e-06
18472,0,0.00017593
18473,0,4.5570283e-05
18474,0,1.5180494e-06
18475,0,1.6668819e-05
18476,0,3.4802015e-05
18477,0,4.555214e-06
18478,0,3.5652888e-06
18479,0,2.9547962e-05
18480,0,1.027806e-06
18481,0,7.078114e-05
18482,0,0.00015813603
18483,0,2.3447792e-06
18484,0,2.2862864e-08
18485,0,6.934485e-07
18486,0,2.9906947e-05
18487,0,1.788678e-05
18488,0,5.041208e-05
18489,0,3.5477096e-06
18490,0,3.1276897e-05
18491,0,3.3269066e-06
18492,0,8.86392e-05
18493,0,5.9746967e-06
18494,0,0.00012424788
18495,0,1.4965416e-05
18496,0,1.4070201e-05
18497,0,0.00013829904
18498,0,1.4598941e-06
18499,0,0.00053846784
18500,0,6.957596e-05
18501,0,4.402368e-06
18502,0,5.5606364e-05
18503,0,3.614128e-05
18504,0,1.3023174e-06
18505,0,7.2933515e-05
18506,0,0.0014757547
18507,0,3.5530527e-06
18508,0,3.1841807e-06
18509,0,4.224501e-06
18510,0,6.145291e-05
18511,0,2.3183939e-05
18512,0,5.6990966e-06
18513,0,0.0001687195
18514,0,2.1369406e-06
18515,0,4.1708437e-05
18516,0,0.0022914088
18517,0,1.3650429e-05
18518,0,7.873435e-05
18519,0,0.0036084978
18520,0,1.3228663e-05
18521,0,4.8039197e-05
18522,0,7.3207354e-07
18523,0,1.6189557e-05
18524,0,1.7015627e-05
18525,0,8.429493e-06
18526,0,6.0497905e-07
18527,0,2.0945152e-05
18528,0,0.00018320073
18529,0,7.382009e-07
18530,0,2.2172263e-07
18531,0,4.441905e-06
18532,0,5.1190676e-05
18533,0,0.00010926888
18534,0,1.5733121e-05
18535,0,0.00053655583
18536,0,8.3572695e-06
18537,0,0.00018812773
18538,0,8.858039e-05
18539,1,0.99957687
18540,0,1.8309041e-05
18541,0,1.3913842e-05
18542,0,1.35981845e-05
18543,0,0.0007406362
18544,0,5.8766687e-05
18545,0,5.7802103e-05
18546,0,2.772681e-05
18547,0,5.725157e-06
18548,0,2.9709938e-06
18549,0,0.0020311843
18550,0,3.6550794e-06
18551,0,6.407341e-08
18552,0,4.2218013e-05
18553,0,2.038234e-05
18554,0,8.514042e-06
18555,0,1.6791147e-06
18556,0,1.8197703e-05
18557,0,4.9870496e-06
18558,0,0.0001389547
18559,0,1.2005663e-05
18560,0,1.4257724e-06
18561,0,0.0049540116
18562,0,0.0034123927
18563,0,1.0757203e-05
18564,0,1.2631002e-05
18565,0,6.1460264e-06
18566,0,4.4501667e-05
18567,0,2.1240317e-05
18568,0,1.5618954e-06
18569,0,7.307609e-05
18570,0,4.322381e-06
18571,0,1.6545207e-05
18572,0,4.2103868e-05
18573,0,1.8715893e-06
18574,0,5.7922066e-06
18575,0,0.00023079944
18576,0,1.31603e-05
18577,0,4.3763504e-07
18578,0,0.00015664144
18579,0,4.4816352e-05
18580,0,9.339511e-06
18581,0,1.5691261e-06
18582,0,0.00035557468
18583,0,4.582324e-06
18584,0,3.108712e-05
18585,0,6.331987e-07
18586,0,1.8925304e-07
18587,0,8.549753e-06
18588,0,1.4222496e-06
18589,0,0.0009878433
18590,0,9.728642e-05
18591,0,5.79304e-05
18592,0,0.00024286602
18593,0,0.00012607554
18594,0,1.0972088e-05
18595,0,2.3951794e-05
18596,0,1.5492544e-05
18597,0,1.6398177e-06
18598,0,9.4926845e-06
18599,0,9.501417e-06
18600,0,0.0039124573
18601,0,4.349393e-05
18602,0,6.9884e-07
18603,0,4.111584e-06
18604,0,4.1151233e-07
18605,0,3.4263976e-06
18606,0,5.628158e-06
18607,0,0.0001367377
18608,0,1.6050594e-06
18609,0,1.5387719e-05
18610,0,1.3827129e-06
18611,0,4.5122026e-05
18612,0,7.5977623e-06
18613,0,3.5961333e-05
18614,0,5.158173e-06
18615,0,0.00058875047
18616,0,1.4045102e-06
18617,0,1.2950884e-05
18618,0,6.697539e-05
18619,0,1.6956501e-05
18620,0,0.0001196499
18621,0,0.00046659893
18622,0,1.2986925e-05
18623,0,5.404898e-06
18624,0,1.9712854e-06
18625,0,4.5727655e-05
18626,0,4.2655807e-05
18627,0,0.00021416835
18628,0,4.8896777e-06
18629,0,3.1917023e-06
18630,0,9.261169e-05
18631,0,0.00069031416
18632,0,2.5516338e-05
18633,0,4.2346755e-07
18634,0,1.2438682e-06
18635,0,3.8180908e-05
18636,0,5.082564e-06
18637,0,2.8591887e-06
18638,0,3.8580697e-06
18639,0,3.7967462e-07
18640,0,5.8376045e-05
18641,0,3.3760602e-06
18642,0,0.0014129195
18643,0,0.00023176619
18644,0,0.00051312
18645,0,3.3704885e-06
18646,0,1.3330381e-05
18647,0,3.8125077e-06
18648,0,7.169927e-05
18649,0,1.0400025e-05
18650,0,1.0034657e-05
18651,0,2.4404097e-05
18652,0,8.7693785e-05
18653,0,1.5440242e-05
18654,0,2.658058e-05
18655,0,1.0332337e-05
18656,0,1.0487523e-05
18657,0,0.00017049926
18658,0,5.592572e-06
18659,0,3.8565508e-07
18660,0,0.00012899544
18661,0,3.2950203e-07
18662,0,0.00022406936
18663,0,3.760939e-06
18664,0,1.7148633e-06
18665,0,1.6630762e-06
18666,0,9.115866e-06
18667,0,1.00789575e-05
18668,0,1.3198029e-06
18669,0,5.925492e-05
18670,0,0.00028415848
18671,0,4.475693e-06
18672,0,1.8331838e-06
18673,0,2.260982e-06
18674,0,0.0006103049
18675,0,1.1120283e-05
18676,0,0.00063394144
18677,0,5.0640433e-06
18678,0,5.268825e-06
18679,0,7.333452e-05
18680,0,9.578603e-06
18681,0,7.1355894e-06
18682,0,0.00035755
18683,0,8.0173754e-07
18684,0,0.00016091195
18685,0,3.003407e-06
18686,0,9.607976e-07
18687,0,0.00016300974
18688,0,3.8740454e-06
18689,0,2.2181114e-06
18690,0,4.3849337e-05
18691,0,0.0002753681
18692,0,6.564837e-05
18693,0,3.4644097e-05
18694,0,0.001078658
18695,0,1.1335858e-06
18696,0,9.456672e-05
18697,0,0.00029779345
18698,0,1.6365323e-07
18699,0,5.7737314e-05
18700,0,6.4618695e-07
18701,0,3.675054e-05
18702,0,4.4537966e-05
18703,0,1.5719548e-05
18704,0,3.7304344e-05
18705,0,1.5859577e-07
18706,0,1.5856107e-05
18707,0,0.00021511281
18708,0,0.00013262003
18709,0,2.5062942e-05
18710,0,1.13813185e-05
18711,0,9.83892e-06
18712,0,3.4688994e-05
18713,0,8.593121e-05
18714,0,3.4887944e-05
18715,0,3.0694655e-06
18716,0,0.00048524418
18717,0,1.47421315e-05
18718,0,7.4390414e-07
18719,0,4.216182e-06
18720,0,1.4112301e-06
18721,0,1.5400066e-05
18722,0,0.0012821741
18723,0,3.8534705e-05
18724,0,0.00013317229
18725,0,1.1350895e-06
18726,0,9.049034e-06
18727,0,7.788581e-06
18728,0,1.202762e-05
18729,0,0.0002243477
18730,0,6.731148e-05
18731,0,0.0002206743
18732,0,0.00023816651
18733,0,0.000475975
18734,0,6.1430415e-05
18735,0,7.0745255e-06
18736,0,1.1020694e-05
18737,0,1.5175284e-06
18738,0,1.1010497e-07
18739,0,7.427239e-07
18740,0,5.899427e-06
18741,0,0.00015183905
18742,0,0.00013739262
18743,0,1.6725968e-05
18744,0,0.01983367
18745,0,9.388743e-06
18746,0,7.204429e-05
18747,0,1.2433805e-05
18748,0,8.907044e-06
18749,0,2.916068e-07
18750,0,3.1669177e-05
18751,0,5.836619e-05
18752,0,6.138696e-05
18753,0,0.0001630354
18754,0,7.435076e-05
18755,0,1.5331412e-06
18756,0,0.00028387658
18757,0,1.08426475e-05
18758,0,1.2242813e-05
18759,0,3.9612737e-06
18760,0,1.3815405e-05
18761,0,2.933218e-06
18762,0,1.0084832e-06
18763,0,0.0012743621
18764,0,6.8186023e-06
18765,0,7.7680613e-07
18766,0,0.00030141388
18767,0,2.3471798e-06
18768,0,1.6776229e-06
18769,0,0.001095473
18770,0,8.966275e-06
18771,0,6.677255e-07
18772,0,3.242689e-07
18773,0,3.2279797e-05
18774,0,0.00033278824
18775,0,0.0009463758
18776,0,3.088029e-05
18777,0,5.921374e-05
18778,0,1.1761381e-05
18779,0,1.4396859e-06
18780,0,4.86221e-06
18781,0,4.0856885e-05
18782,0,1.1829488e-06
18783,0,4.7559486e-05
18784,0,0.11919754
18785,0,0.0011380429
18786,0,1.145589e-05
18787,0,0.00016692489
18788,0,0.00047627886
18789,0,3.4345699e-06
18790,0,1.1326271e-05
18791,0,6.5449036e-05
18792,0,0.21308908
18793,0,9.85604e-06
18794,0,8.5215084e-05
18795,0,1.686588e-05
18796,0,3.052534e-06
18797,0,1.9814226e-07
18798,0,7.4003606e-06
18799,0,9.160757e-05
18800,0,1.2214019e-06
18801,0,4.954407e-06
18802,0,2.5312485e-05
18803,0,0.00013194696
18804,0,0.00022772825
18805,0,0.00011892478
18806,0,0.0001511843
18807,0,0.00021128819
18808,0,0.001635188
18809,0,1.7982164e-05
18810,0,1.1135692e-05
18811,0,6.4960104e-06
18812,0,0.0013908413
18813,0,2.0522029e-08
18814,0,1.4846563e-05
18815,0,4.223086e-05
18816,0,1.528859e-05
18817,0,1.0009664e-05
18818,0,0.00039260747
18819,0,2.38077e-07
18820,0,5.5155006e-06
18821,0,1.738047e-06
18822,0,6.2100876e-06
18823,0,4.930538e-06
18824,0,0.0002495026
18825,0,0.0015364381
18826,0,2.7689384e-07
18827,0,0.00032302263
18828,0,2.084387e-06
18829,0,5.4112675e-06
18830,0,1.588781e-07
18831,0,0.001051895
18832,0,0.0006878062
18833,0,0.0006151438
18834,0,6.159477e-05
18835,0,3.3201488e-06
18836,0,4.822868e-07
18837,0,6.730082e-06
18838,0,6.861196e-05
18839,0,1.2391911e-05
18840,0,0.00010720563
18841,0,3.793706e-06
18842,0,1.2267707e-05
18843,0,9.527594e-06
18844,0,1.9040392e-05
18845,0,0.0016453735
18846,0,6.203352e-06
18847,0,0.0009639743
18848,0,7.260258e-05
18849,0,1.8714037e-06
18850,0,0.00031589647
18851,0,7.6546115e-07
18852,0,1.0412751e-06
18853,0,2.516514e-06
18854,0,5.156168e-07
18855,0,7.224577e-06
18856,0,4.1209933e-06
18857,0,0.035367113
18858,0,3.0298941e-05
18859,0,0.00038710583
18860,0,3.48453e-06
18861,0,1.417137e-07
18862,0,7.7186e-07
18863,0,3.1448963e-05
18864,0,2.7972557e-05
18865,0,1.736036e-05
18866,0,9.530447e-06
18867,0,6.339892e-05
18868,0,1.9119434e-05
18869,0,0.00010429286
18870,0,3.5269593e-06
18871,0,7.543407e-05
18872,0,8.126748e-07
18873,0,3.0585623e-05
18874,0,0.0013466163
18875,0,0.00035507098
18876,0,2.410107e-07
18877,0,5.9176614e-07
18878,0,4.345533e-05
18879,0,9.614771e-06
18880,0,2.5281654e-05
18881,0,1.0468267e-05
18882,0,0.0011701927
18883,0,2.8903823e-06
18884,0,1.2155559e-05
18885,0,1.7102788e-06
18886,0,0.0001070327
18887,0,6.3056024e-05
18888,0,4.486685e-05
18889,0,3.7852016e-05
18890,0,5.0275826e-06
18891,0,2.3355544e-05
18892,0,1.0951472e-05
18893,0,3.912905e-05
18894,0,2.6364037e-06
18895,0,3.2814856e-07
18896,0,1.0990372e-05
18897,0,8.308921e-05
18898,0,0.0001845245
18899,0,7.1736895e-06
18900,0,5.154136e-06
18901,0,2.0034422e-06
18902,0,3.2543502e-07
18903,0,1.8684575e-05
18904,0,0.004184872
18905,0,9.493259e-07
18906,0,1.9460447e-06
18907,0,0.00052997126
18908,0,6.008843e-05
18909,0,1.1991815e-06
18910,0,6.4889986e-07
18911,0,1.3805145e-05
18912,0,1.1279844e-05
18913,0,5.1981596e-07
18914,0,2.6246073e-05
18915,0,5.6739877e-06
18916,0,0.00014228064
18917,0,3.6451416e-05
18918,0,1.7874228e-05
18919,0,0.00013181969
18920,0,1.1377933e-05
18921,0,9.34427e-07
18922,0,6.834344e-06
18923,0,2.543684e-05
18924,0,0.00026648957
18925,0,0.00026338393
18926,0,1.0073403e-05
18927,0,4.333079e-06
18928,0,1.550891e-06
18929,0,1.2699898e-05
18930,0,0.00056074414
18931,0,1.238226e-05
18932,0,0.00011916111
18933,0,1.0667278e-06
18934,0,5.390657e-07
18935,0,4.4860673e-07
18936,0,0.0005927102
18937,0,1.04468345e-05
18938,0,1.7585727e-08
18939,0,6.0554765e-07
18940,0,7.389126e-05
18941,0,9.793545e-06
18942,0,4.2054856e-07
18943,0,0.0011816117
18944,0,7.233762e-05
18945,0,9.030223e-06
18946,0,0.00011874777
18947,0,4.584186e-06
18948,0,3.815012e-05
18949,0,0.00018091661
18950,0,2.2841628e-05
18951,0,1.8530971e-05
18952,0,4.2655807e-05
18953,0,5.6178937e-06
18954,0,1.1408464e-05
18955,0,9.07291e-06
18956,0,6.9629336e-06
18957,0,3.2138968e-07
18958,0,9.08269e-05
18959,0,2.0047699e-05
18960,0,2.5434367e-05
18961,0,0.002222157
18962,0,7.3671596e-05
18963,0,6.263567e-07
18964,0,4.145671e-05
18965,0,1.5467433e-05
18966,0,0.00021111964
18967,0,0.062424526
18968,0,4.8523976e-05
18969,0,8.6376414e-05
18970,0,7.8201145e-07
18971,0,2.0600264e-06
18972,0,1.2451589e-07
18973,0,1.0704459e-05
18974,0,1.5391932e-07
18975,0,2.7867067e-05
18976,0,6.4272433e-07
18977,0,1.0088651e-05
18978,0,7.4829104e-06
18979,0,2.875626e-06
18980,0,2.858777e-06
18981,0,4.0811633e-06
18982,0,1.5175284e-06
18983,0,1.1486029e-05
18984,0,6.494977e-05
18985,0,3.4895e-05
18986,0,4.836382e-06
18987,0,4.89383e-07
18988,0,2.3059203e-05
18989,0,4.5122582e-05
18990,0,0.00064574496
18991,0,9.0686797e-07
18992,0,1.0834616e-05
18993,0,5.160603e-05
18994,0,2.2172224e-05
18995,0,3.3469165e-05
18996,0,1.1095685e-05
18997,0,1.1260757e-06
18998,0,4.1188137e-08
18999,0,5.1446972e-05
19000,0,0.0002873561
19001,0,0.00029395154
19002,0,3.0557526e-06
19003,0,5.919037e-05
19004,0,6.5925137e-06
19005,0,6.1304564e-07
19006,0,4.258712e-05
19007,0,5.148099e-06
19008,0,1.7605244e-05
19009,0,1.9439638e-05
19010,0,2.7364158e-06
19011,0,1.19258075e-05
19012,0,3.7888353e-06
19013,0,8.8411673e-07
19014,0,4.458945e-06
19015,0,2.4054114e-05
19016,0,2.5215559e-05
19017,0,4.7002697e-05
19018,0,5.92851e-05
19019,0,9.949155e-06
19020,0,0.00041652404
19021,0,4.305866e-05
19022,0,6.953325e-07
19023,0,0.00014711004
19024,0,5.2581177e-06
19025,0,0.0026987123
19026,0,1.9823156e-05
19027,0,1.42812e-06
19028,0,1.3218638e-05
19029,0,8.624358e-05
19030,0,1.9158439e-05
19031,0,0.00037539564
19032,0,2.576511e-05
19033,0,5.428861e-07
19034,0,1.0212533e-07
19035,0,9.585918e-07
19036,0,1.4603146e-06
19037,0,0.00026409957
19038,0,1.909691e-05
19039,0,3.4832265e-05
19040,0,4.5569914e-06
19041,0,4.746932e-05
19042,0,3.153359e-05
19043,0,2.3582104e-05
19044,0,4.086725e-05
19045,0,4.0221784e-07
19046,0,0.036663923
19047,0,5.949724e-06
19048,0,0.00041097624
19049,0,3.007742e-07
19050,0,2.037629e-06
19051,0,0.0004362797
19052,0,5.823973e-06
19053,0,0.0006115667
19054,0,0.00020972465
19055,0,0.00015405018
19056,0,0.0016619571
19057,0,0.00053075637
19058,0,1.2068788e-05
19059,0,3.3441443e-06
19060,0,8.430909e-06
19061,0,1.8607987e-05
19062,0,5.3782406e-07
19063,0,0.00036729916
19064,1,0.99999714
19065,0,1.0244981e-05
19066,0,2.6259992e-05
19067,0,0.00058777316
19068,0,2.0221944e-06
19069,0,4.0692516e-06
19070,0,8.554679e-08
19071,0,0.00047465018
19072,0,1.1140005e-05
19073,0,4.6815912e-06
19074,0,0.00022829958
19075,0,5.6451565e-05
19076,0,1.5463878e-05
19077,0,2.4220722e-05
19078,0,0.00058124785
19079,0,0.00039195528
19080,0,7.7659686e-05
19081,0,2.6552965e-05
19082,0,0.0002274349
19083,0,4.7366816e-06
19084,0,0.00031583683
19085,0,2.3269538e-06
19086,0,5.0507402e-05
19087,0,0.00031637115
19088,0,0.00017750784
19089,0,1.6209498e-06
19090,0,9.326741e-07
19091,0,2.2376784e-05
19092,0,3.4220477e-06
19093,0,8.218852e-07
19094,0,7.10299e-05
19095,0,3.1959797e-05
19096,0,1.626258e-05
19097,0,3.640417e-05
19098,0,0.00016538746
19099,0,6.888478e-06
19100,0,0.017582202
19101,0,2.1352273e-06
19102,0,4.005731e-05
19103,0,0.00030965873
19104,0,1.9192395e-05
19105,0,3.441078e-05
19106,0,5.331736e-05
19107,0,3.0146532e-06
19108,0,1.2142142e-06
19109,0,8.677252e-05
19110,0,2.1975819e-05
19111,0,0.00036286082
19112,0,3.362878e-05
19113,0,2.836289e-06
19114,0,1.0622514e-05
19115,0,1.7071427e-05
19116,0,4.2346755e-07
19117,0,8.460565e-06
19118,0,2.3000432e-05
19119,0,9.420969e-06
19120,0,1.2739637e-05
19121,0,1.3187863e-06
19122,0,0.00075900275
19123,0,1.4309883e-06
19124,0,6.87079e-06
19125,0,5.1689065e-05
19126,0,3.2566336e-06
19127,0,2.254151e-05
19128,0,3.26736e-06
19129,0,5.0957042e-05
19130,0,3.810783e-05
19131,0,1.13856395e-05
19132,0,3.9596276e-07
19133,0,3.1576412e-05
19134,0,3.1005788e-05
19135,0,1.6622881e-06
19136,0,1.055362e-05
19137,0,9.600816e-05
19138,0,0.018655682
19139,0,8.611659e-06
19140,0,3.073565e-05
19141,0,9.995831e-07
19142,0,1.5856576e-05
19143,0,0.00011387204
19144,0,1.0685101e-05
19145,0,4.5191617e-05
19146,0,0.00014276743
19147,0,5.16206e-05
19148,0,1.0952622e-05
19149,0,5.8768812e-08
19150,0,2.5264019e-06
19151,0,8.043932e-05
19152,0,0.0001041568
19153,0,5.232387e-05
19154,0,0.0008781395
19155,0,1.5394986e-05
19156,0,5.8563487e-06
19157,0,2.568922e-06
19158,0,1.26056475e-05
19159,0,0.00039524425
19160,0,0.00051709276
19161,0,7.926395e-05
19162,0,4.7527667e-08
19163,0,2.2839952e-06
19164,0,1.2152661e-05
19165,0,1.499998e-05
19166,0,2.6256367e-07
19167,0,6.139393e-05
19168,0,9.028226e-06
19169,0,0.0005487292
19170,0,5.401054e-06
19171,0,9.0834465e-07
19172,0,6.1776074e-05
19173,0,2.45919e-06
19174,0,1.317116e-05
19175,0,0.002252293
19176,0,1.36835e-06
19177,0,2.4939936e-05
19178,0,7.489579e-06
19179,0,6.0252614e-06
19180,0,1.5424936e-06
19181,0,8.2892155e-05
19182,0,2.2394258e-06
19183,0,6.7460365e-05
19184,0,2.3089597e-06
19185,0,6.803597e-07
19186,0,4.167023e-05
19187,0,0.0003142225
19188,0,2.2954062e-07
19189,0,2.1440117e-06
19190,0,1.361734e-07
19191,0,5.3961785e-06
19192,0,2.2904017e-06
19193,0,1.02475575e-07
19194,0,6.2965405e-06
19195,0,1.4913471e-05
19196,0,1.3618832e-05
19197,0,7.302647e-07
19198,0,7.3393267e-06
19199,0,2.2966133e-06
19200,0,1.96694e-05
19201,0,1.686995e-05
19202,0,3.2006237e-06
19203,0,4.9090963e-06
19204,0,5.0204395e-05
19205,0,3.6041085e-05
19206,0,4.102732e-06
19207,0,5.0703868e-05
19208,0,0.0032346733
19209,0,1.0738886e-05
19210,0,9.544727e-06
19211,0,3.5478384e-05
19212,0,2.780714e-06
19213,0,0.00063734705
19214,0,1.3034199e-05
19215,0,5.1957515e-05
19216,0,1.1492036e-06
19217,0,3.646612e-05
19218,0,2.6242094e-05
19219,0,5.6848194e-07
19220,0,2.4332288e-05
19221,0,7.3487485e-05
19222,0,0.00016187639
19223,0,7.361717e-05
19224,0,2.6624916e-06
19225,0,0.00011959378
19226,0,3.9609713e-08
19227,0,1.7181407e-07
19228,0,4.125016e-06
19229,0,2.2849319e-05
19230,0,3.1947354e-06
19231,0,3.4109362e-07
19232,0,0.00048068335
19233,0,4.93249e-06
19234,0,3.5076966e-05
19235,0,7.5344537e-06
19236,0,1.3607632e-06
19237,0,5.1492525e-06
19238,0,2.6741845e-06
19239,0,1.0642621e-05
19240,0,2.1458553e-05
19241,0,0.0008684567
19242,0,6.7305764e-06
19243,0,6.4428015e-05
19244,0,4.0847885e-06
19245,0,8.28568e-06
19246,0,9.593774e-07
19247,0,4.33928e-05
19248,0,3.75863e-06
19249,0,1.00537e-05
19250,0,9.0842775e-07
19251,0,8.916753e-05
19252,0,5.2326264e-05
19253,0,2.6340413e-06
19254,0,4.64422e-06
19255,0,1.6231495e-06
19256,0,7.617988e-05
19257,0,1.5884583e-06
19258,0,9.480445e-05
19259,0,7.504572e-06
19260,0,1.6558388e-05
19261,0,0.006648405
19262,0,2.7542492e-05
19263,0,8.03974e-06
19264,0,1.8044384e-05
19265,0,3.1158263e-05
19266,0,3.2710344e-05
19267,0,8.1732895e-07
19268,0,9.723012e-05
19269,0,2.4056733e-06
19270,0,0.00012020351
19271,0,0.00018494285
19272,0,5.700999e-06
19273,0,0.00055379356
19274,0,6.99366e-07
19275,0,0.0009669809
19276,0,3.008536e-05
19277,0,4.328204e-05
19278,0,0.0006022935
19279,0,0.00014865311
19280,0,6.95812e-05
19281,0,7.736838e-05
19282,0,2.0630386e-08
19283,0,5.702553e-05
19284,0,9.548783e-05
19285,0,6.658782e-05
19286,0,4.1147942e-07
19287,0,0.00017401339
19288,0,3.8552453e-06
19289,0,3.092231e-07
19290,0,1.1458385e-06
19291,0,0.00018641265
19292,0,2.249667e-05
19293,0,0.0002556725
19294,0,1.2497038e-06
19295,0,3.4307593e-06
19296,0,1.903854e-05
19297,0,4.988146e-05
19298,0,2.4055076e-05
19299,0,4.292546e-06
19300,0,0.0001823866
19301,0,2.3882933e-06
19302,0,5.3962453e-06
19303,0,8.008839e-06
19304,0,4.938534e-07
19305,0,9.052279e-06
19306,0,2.2134891e-05
19307,0,1.652977e-06
19308,0,0.0013206946
19309,0,0.00015381549
19310,0,2.8384802e-05
19311,0,3.4169974e-05
19312,0,7.984908e-06
19313,0,1.5700012e-05
19314,0,3.8474586e-06
19315,0,4.4457847e-05
19316,0,2.650654e-05
19317,0,1.77947e-05
19318,0,3.919196e-07
19319,0,4.432974e-05
19320,0,0.00016832854
19321,0,3.7929967e-06
19322,0,2.5435069e-05
19323,0,0.00012868388
19324,0,1.0502465e-05
19325,0,3.807209e-05
19326,0,0.00011127385
19327,0,1.18398975e-05
19328,0,0.00011174724
19329,0,9.968927e-07
19330,0,9.784245e-07
19331,0,6.1943305e-05
19332,0,0.000113049886
19333,0,2.4479104e-05
19334,0,5.2811114e-08
19335,0,3.0378742e-06
19336,0,0.00037540318
19337,0,4.283737e-06
19338,0,0.0003785704
19339,0,3.2175478e-06
19340,0,1.3193398e-06
19341,0,0.0002022322
19342,0,1.9107858e-05
19343,0,1.5585681e-05
19344,0,3.978974e-05
19345,0,0.0011695548
19346,0,4.7543813e-06
19347,0,0.00044041898
19348,0,4.9032442e-05
19349,0,0.00011045308
19350,0,3.645708e-05
19351,0,3.770981e-05
19352,0,4.339524e-05
19353,0,8.066781e-06
19354,0,1.2680299e-06
19355,0,5.364208e-06
19356,0,1.5649952e-07
19357,0,4.153566e-05
19358,0,2.1275206e-05
19359,0,3.5769866e-05
19360,0,5.4210366e-05
19361,0,3.4573638e-06
19362,0,0.00021226266
19363,0,8.507298e-06
19364,0,2.5819468e-06
19365,0,0.00023250676
19366,0,1.3384075e-06
19367,0,1.372109e-05
19368,0,0.00017750735
19369,0,4.586075e-06
19370,0,4.2728763e-05
19371,0,1.28625825e-05
19372,0,5.120507e-06
19373,0,8.030912e-06
19374,0,0.000877666
19375,0,0.0058476706
19376,0,0.0001375359
19377,0,1.7028816e-06
19378,0,2.223476e-06
19379,0,1.2396234e-07
19380,0,2.1135797e-06
19381,0,2.686974e-06
19382,0,1.809334e-05
19383,0,4.0887287e-05
19384,0,2.6353771e-05
19385,0,0.00011627449
19386,0,0.0005686258
19387,0,4.8708523e-07
19388,0,1.3789532e-06
19389,0,0.0050683427
19390,0,0.00013150118
19391,0,1.4715687e-06
19392,0,0.00010758916
19393,0,5.94225e-06
19394,0,1.1355789e-06
19395,0,4.3122844e-05
19396,0,7.6096666e-07
19397,0,7.308813e-07
19398,0,1.192608e-05
19399,0,4.136225e-05
19400,0,3.7077762e-06
19401,0,0.0039645084
19402,0,2.3847588e-06
19403,0,9.629248e-07
19404,0,1.6841965e-05
19405,0,0.030130833
19406,0,1.1830022e-05
19407,0,4.5792003e-06
19408,0,4.3081865e-05
19409,0,2.1848768e-06
19410,0,3.1908774e-06
19411,0,6.668822e-05
19412,0,5.4112675e-06
19413,0,0.0005726705
19414,0,3.0206793e-05
19415,0,6.180493e-06
19416,0,2.018288e-05
19417,0,1.1297306e-05
19418,0,1.2537538e-05
19419,0,2.1476174e-06
19420,0,0.00016777411
19421,0,3.813997e-05
19422,0,1.5811447e-06
19423,0,0.0001362768
19424,0,0.00024999314
19425,0,4.1265175e-05
19426,0,1.1894436e-05
19427,0,1.31339575e-05
19428,0,4.89433e-07
19429,0,8.237926e-06
19430,0,1.350399e-06
19431,0,1.1497557e-05
19432,0,4.988146e-05
19433,0,2.2976474e-06
19434,0,5.385329e-05
19435,0,0.0002004977
19436,0,4.4094945e-06
19437,0,0.000381932
19438,0,2.2480792e-06
19439,0,0.0004851521
19440,0,6.844767e-07
19441,0,3.057769e-05
19442,0,9.77824e-06
19443,0,0.00011837683
19444,0,1.6087757e-06
19445,0,2.9445348e-05
19446,0,7.583827e-06
19447,0,1.129819e-05
19448,0,8.479337e-06
19449,0,4.0509305e-05
19450,0,2.0318948e-06
19451,0,3.0539108e-05
19452,0,5.9172307e-05
19453,0,1.8024675e-05
19454,0,0.00070100935
19455,0,3.164917e-06
19456,0,3.2779764e-05
19457,0,1.2217677e-05
19458,0,3.5771882e-07
19459,0,2.5423853e-06
19460,0,4.518037e-05
19461,0,0.00026114253
19462,0,2.9265313e-05
19463,0,6.918361e-06
19464,0,0.0003961135
19465,0,8.452881e-09
19466,0,9.5732785e-06
19467,0,2.5572095e-05
19468,0,0.0007200982
19469,0,4.0536424e-06
19470,0,0.00012967337
19471,0,0.0001437026
19472,0,0.00017576166
19473,0,2.6252155e-05
19474,0,6.716522e-05
19475,0,3.507426e-05
19476,0,3.4123964e-08
19477,0,5.967152e-07
19478,0,9.209618e-06
19479,0,9.846645e-06
19480,0,3.4120838e-08
19481,0,1.6435095e-05
19482,0,6.632317e-05
19483,0,1.1732724e-05
19484,0,0.0002651423
19485,0,0.0019218863
19486,0,2.9838677e-06
19487,0,2.6760035e-06
19488,0,3.261954e-05
19489,0,0.00095682155
19490,0,3.802896e-06
19491,0,0.00015810104
19492,0,0.0008710556
19493,0,2.4649102e-05
19494,0,9.7545835e-06
19495,0,2.3957733e-05
19496,0,4.098774e-06
19497,0,1.3957508e-06
19498,0,7.366425e-07
19499,0,8.7018954e-05
19500,0,0.00013200674
19501,0,1.924298e-05
19502,0,4.8971648e-05
19503,0,5.7916757e-05
19504,0,8.939227e-07
19505,0,4.1142393e-06
19506,0,2.3974098e-05
19507,0,0.000739352
19508,0,4.4607463e-05
19509,0,0.0003398695
19510,0,0.0016874542
19511,0,3.138817e-05
19512,0,7.5605e-07
19513,0,8.968405e-06
19514,0,2.2700284e-05
19515,0,1.83441e-05
19516,0,1.2602427e-05
19517,0,8.557428e-05
19518,0,2.3939805e-05
19519,0,3.0071358e-06
19520,0,0.0010071861
19521,0,9.212534e-06
19522,0,6.893775e-07
19523,0,5.6150577e-05
19524,0,9.653465e-05
19525,0,1.7918592e-06
19526,0,9.503806e-05
19527,0,0.00022099688
19528,0,0.00013802713
19529,0,3.7925653e-05
19530,0,8.78314e-06
19531,0,0.0036389611
19532,0,2.2904453e-06
19533,0,0.005615774
19534,0,2.0600264e-06
19535,0,4.920711e-06
19536,0,5.942944e-05
19537,0,7.984886e-08
19538,0,3.1810755e-06
19539,0,0.0010466998
19540,0,2.9694993e-05
19541,0,4.625968e-07
19542,0,1.1875787e-06
19543,0,7.91059e-05
19544,0,0.00014009941
19545,0,5.5061595e-05
19546,0,0.00020438273
19547,0,8.057279e-06
19548,0,0.00012260232
19549,0,0.0003731841
19550,0,8.5695615e-07
19551,0,0.0029034242
19552,0,1.0314537e-05
19553,0,8.085976e-07
19554,0,8.046382e-06
19555,0,3.827484e-06
19556,0,0.00013335171
19557,0,0.0013749433
19558,0,2.2170138e-06
19559,0,5.5090275e-08
19560,0,1.3493113e-06
19561,0,0.00042301748
19562,0,0.002339793
19563,0,2.5130816e-05
19564,0,6.5838016e-05
19565,0,1.3753698e-05
19566,0,6.3606294e-06
19567,0,4.724992e-06
19568,0,8.628821e-07
19569,0,2.794403e-07
19570,0,3.6403922e-06
19571,0,2.7459996e-06
19572,0,9.842655e-06
19573,0,2.2826756e-05
19574,0,2.2921844e-05
19575,0,9.995358e-05
19576,0,7.038509e-06
19577,0,1.7338967e-05
19578,0,0.00019386571
19579,0,0.00277154
19580,0,0.0015604255
19581,0,2.9918758e-05
19582,0,0.0042334846
19583,0,3.729901e-05
19584,0,1.2854e-05
19585,0,1.8557887e-06
19586,0,0.0003002921
19587,0,1.7916502e-05
19588,0,1.5104104e-06
19589,0,5.5650075e-05
19590,0,9.9706915e-05
19591,0,1.08778095e-05
19592,0,1.1259263e-05
19593,0,5.863307e-05
19594,0,0.00013026613
19595,0,2.8379172e-05
19596,0,1.3093462e-05
19597,0,4.858238e-07
19598,0,0.00028715015
19599,0,3.981051e-07
19600,0,1.9452822e-05
19601,0,0.00021809935
19602,0,0.00014112348
19603,0,2.210859e-06
19604,0,1.5745445e-05
19605,0,5.9098616e-06
19606,0,8.53083e-07
19607,0,3.3647298e-06
19608,0,0.00010053179
19609,0,0.00012647796
19610,0,5.008875e-06
19611,0,3.1345422e-05
19612,0,2.9512055e-05
19613,0,1.4958933e-06
19614,0,2.2361275e-05
19615,0,1.914621e-06
19616,0,3.191477e-06
19617,0,3.1858906e-06
19618,0,8.358114e-06
19619,0,3.0412136e-06
19620,0,3.2262684e-05
19621,0,9.379186e-06
19622,0,7.3084275e-06
19623,0,0.00017350758
19624,0,9.0460827e-07
19625,0,0.0025993984
19626,0,7.2799055e-05
19627,0,1.2571877e-05
19628,0,4.0668733e-06
19629,0,2.4526516e-05
19630,0,3.3561664e-05
19631,0,1.2168884e-06
19632,0,0.00059963047
19633,0,7.260674e-05
19634,0,1.6199469e-06
19635,0,7.814502e-06
19636,0,1.6012099e-06
19637,0,0.00010268013
19638,0,6.017183e-07
19639,0,5.8429672e-05
19640,0,4.412565e-06
19641,0,9.374106e-06
19642,0,7.2879443e-06
19643,0,8.7869405e-05
19644,0,4.359145e-06
19645,0,1.7488645e-07
19646,0,9.304262e-06
19647,0,7.1907994e-06
19648,0,4.2559226e-05
19649,0,5.355181e-05
19650,0,2.2296435e-05
19651,0,3.4066343e-05
19652,0,5.4359475e-07
19653,0,4.1005915e-05
19654,0,7.768796e-06
19655,0,0.00011292523
19656,0,0.0002449226
19657,0,0.00033199886
19658,1,0.96528894
19659,0,2.707609e-05
19660,0,4.447006e-05
19661,0,6.8068366e-06
19662,0,5.6704444e-06
19663,0,1.5523972e-05
19664,0,0.00029547725
19665,0,0.00091188884
19666,0,0.0002293514
19667,0,9.233618e-06
19668,0,0.0012343675
19669,0,1.3248636e-05
19670,0,3.8087755e-06
19671,0,8.270456e-05
19672,0,9.153491e-06
19673,0,1.8490458e-05
19674,0,5.721465e-05
19675,0,0.00012510252
19676,0,0.0007894499
19677,0,5.09049e-06
19678,0,3.0172732e-06
19679,0,5.1782035e-06
19680,0,5.3677686e-05
19681,0,2.861854e-06
19682,0,2.5846472e-05
19683,0,1.894306e-05
19684,0,3.809987e-05
19685,0,5.0917646e-05
19686,0,0.00019715664
19687,0,0.00024483292
19688,0,4.927915e-05
19689,0,2.5536287e-06
19690,0,5.961101e-05
19691,0,0.00028595436
19692,0,0.0001390887
19693,0,3.075157e-05
19694,0,4.3347638e-05
19695,0,4.1220233e-06
19696,0,7.4835675e-06
19697,0,0.00030491897
19698,0,3.1703824e-08
19699,0,2.0682253e-05
19700,0,3.1213905e-05
19701,0,0.00021293566
19702,0,3.9465754e-06
19703,0,1.3378791e-06
19704,0,5.2183636e-06
19705,0,4.3797936e-05
19706,0,6.4741573e-07
19707,0,1.0870435e-05
19708,0,0.001343229
19709,0,4.412565e-06
19710,0,4.476709e-06
19711,0,2.6615953e-07
19712,0,0.00011113844
19713,0,1.6581855e-05
19714,0,6.238489e-05
19715,0,7.3427516e-05
19716,0,5.6033383e-05
19717,0,2.129312e-06
19718,0,2.8069584e-05
19719,0,3.2735185e-05
19720,0,3.352682e-07
19721,0,5.5913933e-06
19722,0,6.985954e-06
19723,0,0.00021595888
19724,0,1.2895999e-06
19725,0,7.5822213e-06
19726,0,0.000105072875
19727,0,1.27878775e-05
19728,0,6.4964144e-05
19729,0,0.00018701635
19730,0,9.219697e-06
19731,0,0.00031424768
19732,0,1.6909194e-06
19733,0,3.154024e-05
19734,0,0.000100698446
19735,0,5.608225e-07
19736,0,0.0013333553
19737,0,1.5686182e-05
19738,0,7.049707e-06
19739,0,2.3105922e-06
19740,0,3.7399727e-06
19741,0,9.577767e-07
19742,0,9.880311e-06
19743,0,1.8517121e-05
19744,0,1.947164e-06
19745,0,1.4892608e-05
19746,0,0.00042224757
19747,0,4.5014576e-06
19748,0,4.335243e-05
19749,0,3.5603076e-05
19750,0,3.6989253e-08
19751,0,3.7840941e-06
19752,0,2.0974374e-05
19753,0,1.772563e-05
19754,0,3.154247e-06
19755,0,6.2895255e-05
19756,0,2.3990016e-05
19757,0,1.5365841e-06
19758,0,5.4112235e-05
19759,0,1.079636e-05
19760,0,3.383069e-05
19761,0,1.3653334e-07
19762,0,7.775482e-06
19763,0,0.0011088543
19764,0,7.4933705e-05
19765,0,5.402625e-06
19766,0,8.420006e-05
19767,0,4.0274667e-06
19768,0,2.2347782e-05
19769,0,8.284592e-05
19770,0,1.944642e-06
19771,0,0.0004427529
19772,0,3.5494355e-05
19773,0,1.770531e-06
19774,0,0.00054475846
19775,0,0.0004831246
19776,0,0.00017088647
19777,0,3.5541438e-05
19778,0,4.2675916e-07
19779,0,8.344061e-07
19780,0,1.77881e-05
19781,0,0.00052236917
19782,0,4.7173962e-05
19783,0,6.0366724e-06
19784,0,1.5756068e-07
19785,0,5.1239716e-05
19786,0,0.00016136229
19787,0,6.753471e-05
19788,0,2.299837e-05
19789,0,2.8132508e-05
19790,0,7.769306e-07
19791,0,5.572421e-05
19792,0,0.00014223886
19793,0,6.4647604e-05
19794,0,2.5986807e-05
19795,0,0.0015471074
19796,0,3.7497983e-05
19797,0,1.471296e-05
19798,0,0.00021594425
19799,0,2.9472183e-06
19800,0,1.8274919e-07
19801,0,3.420709e-07
19802,0,5.1571642e-05
19803,0,2.4686124e-06
19804,0,0.00013479378
19805,0,2.2092358e-05
19806,0,1.6922868e-05
19807,0,6.0898465e-06
19808,0,0.00014400038
19809,0,7.629586e-08
19810,0,9.947514e-06
19811,0,2.3602512e-05
19812,0,4.5144827e-07
19813,0,2.1324768e-05
19814,0,0.00031778164
19815,0,1.5392314e-05
19816,0,8.4261615e-07
19817,0,0.0001880985
19818,0,4.671699e-06
19819,0,0.00013112191
19820,0,2.1603351e-05
19821,0,0.00058055244
19822,0,3.1059108e-06
19823,0,6.339561e-06
19824,0,1.884195e-05
19825,0,2.046188e-05
19826,0,6.874819e-05
19827,0,1.0230132e-05
19828,0,9.472511e-05
19829,0,1.8720497e-05
19830,0,0.00012636813
19831,0,6.6670094e-05
19832,0,3.155643e-06
19833,0,5.2916835e-07
19834,0,1.48376175e-05
19835,0,6.3371012e-06
19836,0,3.69651e-06
19837,0,0.00010402082
19838,0,0.00020517058
19839,0,2.4526305e-05
19840,0,2.549424e-06
19841,0,0.00030169621
19842,0,2.479719e-06
19843,0,2.1286733e-05
19844,0,3.7051945e-05
19845,0,5.97826e-08
19846,0,2.9682735e-05
19847,0,7.826194e-05
19848,0,2.3918674e-06
19849,0,6.0565053e-05
19850,0,4.9877167e-07
19851,0,0.0002926362
19852,0,0.00020546422
19853,0,1.9793593e-05
19854,0,0.00013651479
19855,0,2.0783468e-06
19856,0,0.00031152065
19857,0,9.952284e-07
19858,0,5.379069e-06
19859,0,4.2545453e-06
19860,0,4.2991906e-05
19861,0,1.4081585e-05
19862,0,3.750409e-07
19863,0,1.575685e-06
19864,0,0.0008230217
19865,0,0.0002910849
19866,0,1.1905973e-06
19867,0,7.6332515e-05
19868,0,9.9844976e-05
19869,0,7.030003e-06
19870,0,4.1654966e-06
19871,0,4.8981906e-06
19872,0,0.00020985908
19873,0,8.387323e-06
19874,0,1.372332e-06
19875,0,1.0291535e-05
19876,0,7.507769e-05
19877,0,3.264155e-06
19878,0,5.064111e-06
19879,0,0.00010639711
19880,0,0.00027811396
19881,0,0.00113543
19882,0,8.556742e-05
19883,0,0.0013330088
19884,0,1.670523e-05
19885,0,3.5310964e-05
19886,0,7.8521865e-05
19887,0,0.0017009564
19888,0,1.4306473e-05
19889,0,0.0025104412
19890,0,3.438772e-05
19891,0,0.0001102523
19892,0,1.9032766e-05
19893,0,0.0001581051
19894,0,0.00023853376
19895,0,0.0005013501
19896,0,2.8592349e-06
19897,0,0.00010694078
19898,0,4.7523037e-05
19899,0,2.7655024e-06
19900,0,1.4053101e-06
19901,0,4.4003644e-07
19902,0,5.4223307e-07
19903,0,0.00013977422
19904,0,2.9946672e-05
19905,0,2.6447708e-05
19906,0,5.295306e-06
19907,0,6.50242e-05
19908,0,9.300109e-05
19909,0,1.4998373e-06
19910,0,4.0937382e-05
19911,0,1.9733243e-05
19912,0,1.8463568e-05
19913,0,1.3265472e-07
19914,0,0.00029114707
19915,0,2.5811564e-06
19916,0,1.5136581e-05
19917,0,3.963983e-06
19918,0,1.381966e-05
19919,0,1.8551482e-06
19920,0,9.725701e-07
19921,0,1.4216953e-05
19922,0,6.6437947e-06
19923,0,4.020895e-05
19924,0,0.0003468665
19925,0,6.167765e-07
19926,0,1.1120463e-05
19927,0,0.00014004465
19928,0,8.764982e-06
19929,0,3.1339955e-06
19930,0,0.00012871307
19931,0,5.9202222e-05
19932,0,2.1945849e-05
19933,0,0.0004312229
19934,0,0.00010349367
19935,0,4.962484e-06
19936,0,5.6117037e-06
19937,0,0.0006356191
19938,0,0.00011306337
19939,0,0.0013486794
19940,0,1.2196898e-06
19941,0,8.360788e-07
19942,0,7.49568e-05
19943,0,0.0007644184
19944,0,4.77701e-07
19945,0,6.8961596e-09
19946,0,7.782001e-07
19947,0,5.8728137e-06
19948,0,1.9165082e-06
19949,0,1.2605027e-06
19950,0,1.0635529e-05
19951,0,2.9479594e-05
19952,0,2.8646143e-06
19953,0,5.0982995e-05
19954,0,0.00012702729
19955,0,3.2656712e-06
19956,0,1.6379032e-05
19957,0,1.6403794e-05
19958,0,3.173708e-05
19959,0,5.966969e-06
19960,0,7.730784e-07
19961,0,3.621523e-07
19962,0,1.0284128e-05
19963,0,4.590434e-05
19964,0,0.00018974167
19965,0,0.0013632028
19966,0,5.1625128e-05
19967,0,1.6801667e-05
19968,0,0.0010628505
19969,0,7.5054736e-06
19970,0,7.130931e-07
19971,0,6.2103536e-05
19972,0,8.096323e-05
19973,0,1.2500986e-08
19974,0,2.9633788e-06
19975,0,6.8951033e-07
19976,0,0.00011475367
19977,1,0.9921595
19978,0,6.9966956e-07
19979,0,0.00015114395
19980,0,1.6669966e-06
19981,0,1.1205864e-05
19982,0,5.9502177e-06
19983,0,1.4826373e-05
19984,0,0.0012267143
19985,0,3.5560184e-05
19986,0,0.00049236254
19987,0,0.00037843277
19988,0,3.3113716e-05
19989,0,3.2115157e-05
19990,0,4.37046e-05
19991,0,3.0836513e-06
19992,0,4.2040036e-05
19993,0,0.000113291404
19994,0,1.23551645e-05
19995,0,1.5522774e-06
19996,0,0.00039613387
19997,0,1.363613e-05
19998,0,6.541016e-05
19999,0,5.464954e-06
20000,0,4.1929852e-05
20001,0,3.8221117e-07
20002,0,8.5476095e-06
20003,0,5.509791e-06
20004,0,1.5479623e-07
20005,0,4.328328e-05
20006,0,3.1642547e-05
20007,0,6.831457e-06
20008,0,9.799619e-05
20009,0,0.00029245185
20010,0,2.207082e-06
20011,0,0.00016856738
20012,0,1.0028047e-05
20013,0,1.774865e-05
20014,0,0.00021033586
20015,0,0.0003556869
20016,0,4.572338e-05
20017,0,8.038244e-09
20018,0,0.00012900848
20019,0,8.9497535e-06
20020,0,6.867139e-05
20021,0,3.0454423e-06
20022,0,3.0197728e-07
20023,0,1.5429004e-08
20024,0,1.6961216e-07
20025,0,0.0010009906
20026,0,0.00021827099
20027,0,0.0010186877
20028,0,5.206664e-05
20029,0,4.4003644e-07
20030,0,0.00012887506
20031,0,8.972424e-05
20032,0,6.590431e-07
20033,0,4.3721307e-06
20034,0,0.0001421453
20035,0,1.7108145e-05
20036,0,0.00040451987
20037,0,3.415769e-05
20038,0,0.000229496
20039,0,9.409001e-06
20040,0,0.0010480284
20041,0,9.565339e-06
20042,0,4.5536097e-05
20043,0,1.9673435e-06
20044,0,0.00019090709
20045,0,0.00014076653
20046,0,8.132143e-06
20047,0,1.43760735e-05
20048,0,3.697334e-05
20049,0,5.276679e-06
20050,0,7.765398e-05
20051,0,3.8848966e-06
20052,0,4.2015012e-07
20053,0,0.0012864916
20054,0,2.3115324e-05
20055,0,4.895249e-06
20056,0,1.3619473e-06
20057,0,1.8218344e-06
20058,0,0.0005788744
20059,0,1.1955346e-05
20060,0,1.0462611e-06
20061,0,1.9784722e-05
20062,0,9.004983e-07
20063,0,9.8306755e-06
20064,0,5.0642448e-05
20065,0,0.00022650305
20066,0,7.456703e-06
20067,0,8.116577e-06
20068,0,2.2877577e-05
20069,0,3.1584274e-05
20070,0,0.0006384693
20071,0,7.192857e-06
20072,0,3.6068163e-06
20073,0,2.0454038e-07
20074,0,3.7197915e-05
20075,0,1.11025865e-05
20076,0,3.2291908e-07
20077,0,0.00031265517
20078,0,9.752192e-06
20079,0,0.0011525836
20080,0,1.04758565e-05
20081,0,1.6176342e-07
20082,0,0.00033275745
20083,0,0.0003197601
20084,0,4.0349805e-05
20085,0,4.527112e-06
20086,0,0.0001255344
20087,0,8.429003e-06
20088,0,0.00013824683
20089,0,5.9418788e-05
20090,0,0.0002208787
20091,0,4.3708853e-05
20092,0,0.00011182613
20093,0,6.603829e-05
20094,0,0.00084843277
20095,0,0.00057394337
20096,0,9.004296e-06
20097,0,2.2120945e-05
20098,0,0.00092876796
20099,0,1.761181e-05
20100,0,1.4416561e-05
20101,0,5.5337464e-06
20102,0,1.6687889e-05
20103,0,2.0392139e-05
20104,0,6.854369e-06
20105,0,0.0025556157
20106,0,0.0011836287
20107,1,0.9951944
20108,0,4.4997458e-05
20109,0,3.3595772e-06
20110,0,9.90839e-07
20111,0,2.2752904e-06
20112,0,3.5839632e-06
20113,0,2.9422566e-07
20114,0,0.0015854277
20115,0,0.000281573
20116,0,4.1598723e-05
20117,0,3.2631528e-06
20118,0,0.00013819899
20119,0,9.350125e-06
20120,0,0.000616966
20121,0,7.177236e-07
20122,0,4.4211542e-06
20123,0,2.6863875e-06
20124,0,1.44350915e-05
20125,0,2.3361504e-06
20126,0,3.1345422e-05
20127,0,5.2705986e-06
20128,0,9.842655e-06
20129,0,1.6966287e-05
20130,0,1.9129145e-06
20131,0,2.8398556e-05
20132,0,1.863873e-05
20133,0,1.9501786e-05
20134,0,6.027811e-05
20135,0,3.3426775e-06
20136,0,2.118412e-05
20137,0,1.2084242e-06
20138,0,3.6050744e-05
20139,0,8.666661e-06
20140,0,2.8795557e-06
20141,0,1.2030046e-07
20142,0,8.092055e-07
20143,0,9.332717e-06
20144,0,3.1691634e-06
20145,0,0.0017084009
20146,0,5.7405902e-08
20147,0,6.160051e-06
20148,0,1.9012111e-06
20149,0,4.5073084e-05
20150,0,1.8760065e-05
20151,0,0.0021226248
20152,0,0.00010987017
20153,0,1.481862e-06
20154,0,0.00051241467
20155,0,1.4364055e-05
20156,0,1.0390069e-07
20157,0,9.9844565e-06
20158,0,0.00024431408
20159,0,0.00011260673
20160,0,2.968105e-06
20161,0,4.813146e-05
20162,0,0.00019075879
20163,0,4.8345228e-05
20164,0,0.00021733958
20165,0,1.9957097e-06
20166,0,4.871395e-06
20167,0,2.1661177e-05
20168,0,2.1399853e-06
20169,0,4.956284e-07
20170,0,2.286399e-05
20171,0,5.3743594e-07
20172,0,6.536433e-05
20173,0,9.899618e-06
20174,0,2.85278e-06
20175,0,4.960511e-06
20176,0,2.7883786e-07
20177,0,9.947389e-07
20178,0,9.380035e-06
20179,0,0.0009786652
20180,0,1.1068184e-06
20181,0,1.7580281e-07
20182,0,1.7104386e-06
20183,0,7.1578834e-05
20184,0,1.5572356e-05
20185,0,1.1314737e-07
20186,0,9.531116e-05
20187,0,1.6249865e-07
20188,0,0.00043785313
20189,0,3.1908774e-06
20190,0,0.0015584633
20191,0,9.4243865e-07
20192,0,6.02947e-07
20193,0,2.629603e-05
20194,0,2.6819775e-05
20195,0,2.4337138e-05
20196,0,1.15912144e-07
20197,0,0.000109992296
20198,0,3.8532828e-05
20199,0,0.00010391969
20200,0,4.8179995e-06
20201,0,1.4406431e-05
20202,0,1.038211e-06
20203,0,1.5250386e-08
20204,0,3.0361248e-06
20205,0,2.4857304e-06
20206,0,8.005494e-07
20207,0,0.0009339614
20208,0,7.963214e-05
20209,0,3.0601213e-06
20210,0,0.00019870418
20211,0,3.6720027e-07
20212,0,4.589594e-05
20213,0,5.254559e-06
20214,0,3.1860985e-05
20215,0,6.7872015e-06
20216,1,5.8348603e-05
20217,0,0.00021727824
20218,0,3.7617825e-05
20219,0,1.3535102e-06
20220,0,0.000856375
20221,0,1.0448342e-06
20222,0,1.3265085e-06
20223,0,2.546626e-05
20224,0,2.2797387e-06
20225,0,1.21132625e-05
20226,0,1.3393317e-05
20227,0,0.00010467505
20228,0,0.00013393843
20229,0,1.2652498e-05
20230,0,8.39099e-07
20231,0,0.0027848922
20232,0,1.2677633e-05
20233,0,0.00041042265
20234,0,1.0901154e-05
20235,0,3.7840543e-06
20236,0,7.1405804e-05
20237,0,1.9343695e-05
20238,0,0.0011811412
20239,0,4.088783e-05
20240,0,3.5015408e-05
20241,0,1.9748927e-06
20242,0,0.00041722486
20243,0,6.541772e-06
20244,0,1.3613443e-05
20245,0,1.3623548e-05
20246,0,1.01410005e-05
20247,0,1.855971e-06
20248,0,2.5027997e-05
20249,0,0.002080613
20250,0,3.657227e-05
20251,0,9.719768e-05
20252,0,5.5584514e-06
20253,0,4.9423124e-07
20254,0,0.00015381783
20255,0,2.261782e-06
20256,0,4.4818464e-07
20257,0,0.00034936483
20258,0,2.0592977e-06
20259,0,0.00018158683
20260,0,2.2449535e-06
20261,0,9.199865e-06
20262,0,0.00034257257
20263,0,2.3090831e-06
20264,0,0.001051084
20265,0,4.7969556e-06
20266,0,2.0637155e-05
20267,0,7.410988e-05
20268,0,4.6460987e-06
20269,0,0.00026120126
20270,0,4.322211e-05
20271,0,4.0491694e-05
20272,0,0.035761256
20273,0,8.085976e-07
20274,0,1.6338875e-06
20275,0,1.0616032e-05
20276,0,0.00017931806
20277,0,0.00035852363
20278,0,9.613685e-07
20279,0,0.0008035839
20280,0,7.976406e-06
20281,0,4.1294138e-07
20282,0,9.734909e-06
20283,0,0.000113670685
20284,0,4.8449165e-05
20285,0,7.256264e-06
20286,0,6.823689e-06
20287,0,1.2475042e-05
20288,0,0.00071251864
20289,0,1.655962e-06
20290,0,9.546921e-06
20291,0,1.055362e-05
20292,0,5.6110616e-06
20293,0,6.669051e-05
20294,0,9.913458e-06
20295,0,3.614128e-05
20296,0,4.335567e-06
20297,0,3.877997e-06
20298,0,2.013578e-05
20299,0,5.8165515e-06
20300,0,9.2007926e-05
20301,0,9.176741e-06
20302,0,1.6745838e-05
20303,0,2.1131174e-05
20304,0,6.10156e-05
20305,0,0.00077563565
20306,0,0.00027053797
20307,0,2.6443179e-06
20308,0,1.934593e-05
20309,0,0.0005950681
20310,0,0.00011185523
20311,0,2.2697881e-05
20312,0,0.0007630523
20313,0,1.122743e-06
20314,0,0.00010984818
20315,0,0.00025262206
20316,0,0.00024578368
20317,0,0.0009845574
20318,0,0.00019547199
20319,0,8.141445e-05
20320,0,7.592916e-05
20321,0,0.00034798152
20322,0,4.140578e-05
20323,0,4.7671708e-07
20324,0,0.0003534039
20325,0,5.3557583e-06
20326,0,0.0014820837
20327,0,2.0767991e-05
20328,0,4.5669585e-06
20329,0,1.0741048e-05
20330,0,2.7614426e-05
20331,0,7.797721e-07
20332,0,4.125543e-06
20333,0,1.1874839e-05
20334,0,5.206872e-05
20335,0,9.521063e-06
20336,0,2.883717e-07
20337,0,7.632392e-05
20338,0,0.00024612935
20339,0,1.1932258e-05
20340,0,1.833357e-05
20341,0,1.3465975e-06
20342,0,1.9332294e-06
20343,0,3.730121e-05
20344,0,1.0133991e-05
20345,0,2.4913215e-06
20346,0,1.1635232e-06
20347,0,1.2890531e-05
20348,0,4.030339e-05
20349,0,3.168044e-05
20350,0,0.00012696141
20351,0,1.7972547e-05
20352,0,1.9789368e-06
20353,0,6.147738e-06
20354,0,6.329581e-06
20355,0,9.078284e-06
20356,0,1.1004751e-05
20357,0,1.903822e-06
20358,0,5.6580808e-05
20359,0,4.8018726e-05
20360,0,0.00068686955
20361,0,9.287808e-06
20362,0,1.3563759e-05
20363,0,4.1207736e-06
20364,0,0.00012829977
20365,0,3.6177883e-06
20366,0,2.7550911e-06
20367,0,6.999471e-06
20368,0,1.6084152e-06
20369,0,7.6069104e-05
20370,0,9.883751e-06
20371,0,0.0031793616
20372,0,7.141146e-07
20373,0,6.299024e-08
20374,0,0.00035209052
20375,0,0.0035082411
20376,0,1.149231e-06
20377,0,0.000536554
20378,0,0.0020628427
20379,0,4.355671e-06
20380,0,6.7050325e-07
20381,0,6.172965e-06
20382,0,0.00032449834
20383,0,1.1613997e-05
20384,0,8.014747e-08
20385,0,2.1777105e-06
20386,0,3.293066e-05
20387,0,7.097404e-05
20388,0,8.650155e-06
20389,0,2.6204683e-05
20390,0,4.903296e-05
20391,0,8.843749e-06
20392,0,7.456674e-06
20393,0,5.979884e-06
20394,0,5.6749496e-07
20395,0,8.285712e-06
20396,0,1.5979202e-05
20397,0,0.0004969699
20398,0,8.379404e-05
20399,0,3.0084448e-07
20400,0,6.008236e-05
20401,0,6.49544e-06
20402,0,3.1918007e-05
20403,0,0.00085017714
20404,0,0.00032878606
20405,0,6.7682817e-07
20406,0,1.6406204e-05
20407,0,4.1676144e-06
20408,0,3.9607e-05
20409,0,3.349666e-06
20410,0,2.360643e-05
20411,0,8.074342e-05
20412,0,1.7983502e-05
20413,0,2.012404e-06
20414,0,3.855988e-06
20415,0,0.00012677583
20416,0,5.974059e-07
20417,0,0.0008879618
20418,0,3.6698882e-05
20419,0,1.5749908e-06
20420,0,2.4696632e-05
20421,0,8.872345e-06
20422,0,4.030333e-06
20423,0,0.00022593189
20424,0,2.6371454e-06
20425,0,8.4932735e-06
20426,0,3.7925653e-05
20427,0,2.9260122e-05
20428,0,3.3954916e-06
20429,0,2.1581799e-07
20430,0,2.115296e-06
20431,0,4.7566748e-05
20432,0,4.3175187e-05
20433,0,9.1324895e-05
20434,0,3.3359197e-06
20435,0,3.3541091e-06
20436,0,1.6239609e-06
20437,0,0.0016903598
20438,0,1.6237409e-07
20439,0,2.7588469e-05
20440,0,1.3997419e-06
20441,0,7.995698e-06
20442,0,4.8880224e-06
20443,0,7.221857e-06
20444,0,3.935981e-05
20445,0,1.2906448e-05
20446,0,2.318553e-05
20447,0,0.015735293
20448,0,0.0007863772
20449,0,0.00031304857
20450,0,1.0414972e-05
20451,0,1.0952558e-05
20452,0,6.382748e-06
20453,0,0.00029303934
20454,0,0.00011559151
20455,0,1.8135918e-07
20456,0,0.00050790614
20457,0,0.0014225981
20458,0,3.7781298e-05
20459,0,2.904918e-05
20460,0,5.3268764e-06
20461,0,8.687481e-06
20462,0,1.2841607e-06
20463,0,5.4426982e-06
20464,0,3.4286895e-05
20465,0,2.5956266e-05
20466,0,9.31044e-06
20467,0,0.07373615
20468,0,0.00010562287
20469,0,1.0877663e-05
20470,0,3.6943453e-05
20471,0,6.867154e-06
20472,0,8.0188576e-05
20473,0,5.9298413e-06
20474,0,2.7171436e-05
20475,0,1.7410564e-05
20476,0,4.419392e-06
20477,0,4.541116e-07
20478,0,9.739691e-06
20479,0,0.00011434678
20480,0,3.238534e-06
20481,0,3.7224222e-08
20482,0,0.00021945794
20483,0,1.4620575e-05
20484,0,0.00031309636
20485,0,0.00044215503
20486,0,4.3239466e-05
20487,0,0.00029685916
20488,0,3.8179456e-05
20489,0,1.7731498e-05
20490,0,2.7109681e-06
20491,0,7.910899e-05
20492,0,3.5906025e-05
20493,0,3.4644032e-05
20494,0,0.00012543639
20495,0,1.4620783e-05
20496,0,1.6699812e-05
20497,0,0.00010064209
20498,0,4.8741535e-05
20499,0,1.6503873e-05
20500,0,1.2294892e-06
20501,0,1.2574075e-06
20502,0,5.769531e-07
20503,0,0.000412188
20504,0,0.0011679127
20505,0,2.3164823e-05
20506,0,1.718926e-05
20507,0,1.7280234e-05
20508,0,2.6634389e-06
20509,0,0.00026978043
20510,0,1.2574982e-05
20511,0,1.2025498e-05
20512,0,1.3270803e-06
20513,0,1.9118604e-06
20514,0,8.721709e-05
20515,0,9.543166e-07
20516,0,2.7191477e-06
20517,0,5.1007356e-07
20518,0,1.283606e-06
20519,0,2.9068832e-07
20520,0,2.582528e-06
20521,1,0.99812454
20522,0,2.707209e-07
20523,0,2.426711e-06
20524,0,4.000536e-06
20525,0,4.3276756e-05
20526,0,1.3410931e-06
20527,0,9.435855e-05
20528,0,0.00031701697
20529,0,3.2531905e-05
20530,0,3.867231e-05
20531,0,0.00012630958
20532,0,3.2076405e-05
20533,0,2.5719819e-05
20534,0,5.70238e-06
20535,0,1.4839571e-05
20536,0,3.1340076e-06
20537,0,1.244035e-07
20538,0,4.435022e-06
20539,0,5.1309405e-07
20540,0,3.987966e-06
20541,0,1.7495584e-07
20542,0,6.044565e-06
20543,0,2.449731e-06
20544,0,4.761208e-05
20545,0,4.5808165e-06
20546,0,0.00012676459
20547,0,0.0001474641
20548,0,5.911248e-06
20549,0,1.5386385e-06
20550,0,0.0012821741
20551,0,3.17653e-05
20552,0,9.266663e-06
20553,0,1.3706978e-05
20554,0,0.001658505
20555,0,1.0233342e-05
20556,0,1.8286251e-05
20557,0,5.1529216e-05
20558,0,1.3715137e-05
20559,0,2.93738e-05
20560,0,5.1864747e-05
20561,0,0.000256454
20562,0,7.1006502e-06
20563,0,1.8076671e-06
20564,0,0.000110486784
20565,0,3.2280345e-06
20566,0,6.8341615e-05
20567,0,0.0030764868
20568,0,0.00022417899
20569,0,4.1403277e-06
20570,0,7.461241e-06
20571,0,3.323848e-07
20572,0,0.00010345311
20573,0,1.9758796e-05
20574,0,7.260861e-06
20575,0,3.2826358e-06
20576,0,0.0025630177
20577,0,7.0316804e-05
20578,0,1.5796566e-05
20579,0,0.0005462898
20580,0,1.5253025e-06
20581,0,0.0001062111
20582,0,4.2725384e-05
20583,0,8.051142e-06
20584,0,1.0103729e-06
20585,0,4.7749858e-05
20586,0,7.5536815e-07
20587,0,8.241226e-06
20588,0,0.00092861225
20589,0,7.596292e-06
20590,0,2.3941809e-07
20591,0,2.250511e-07
20592,0,6.1292567e-06
20593,0,7.664402e-06
20594,0,2.0447014e-05
20595,0,9.432284e-05
20596,0,7.1942594e-08
20597,0,5.946589e-05
20598,0,6.0837116e-05
20599,0,0.0002061538
20600,0,0.00025286616
20601,0,1.3085184e-06
20602,0,3.676583e-06
20603,0,0.00054332206
20604,0,0.0006897407
20605,0,0.00015389221
20606,0,5.8061974e-05
20607,0,2.1289758e-05
20608,0,2.3918949e-05
20609,0,5.4447344e-05
20610,0,1.6446666e-06
20611,0,1.8420074e-06
20612,0,4.717936e-05
20613,0,1.0308717e-06
20614,0,8.75419e-06
20615,0,1.0815156e-05
20616,0,1.6348336e-06
20617,0,0.0007194939
20618,0,1.347335e-06
20619,0,0.0042605847
20620,0,9.635701e-06
20621,0,1.6875438e-05
20622,0,9.453633e-07
20623,0,4.4381812e-07
20624,0,3.1238244e-07
20625,0,1.4115951e-05
20626,0,8.8864064e-05
20627,0,3.020737e-05
20628,0,7.173066e-05
20629,0,7.4390664e-06
20630,0,2.7781838e-05
20631,0,3.821193e-06
20632,0,5.9010017e-05
20633,0,1.15983685e-05
20634,0,0.00014463616
20635,0,5.9809618e-06
20636,0,2.1959959e-05
20637,0,1.4311056e-06
20638,0,9.544854e-06
20639,0,2.5739e-06
20640,0,4.1468214e-05
20641,0,3.1122026e-06
20642,0,3.1373688e-06
20643,0,3.6690103e-06
20644,0,2.7749022e-07
20645,0,4.092825e-05
20646,0,1.9511794e-05
20647,0,1.2625765e-05
20648,0,6.4635797e-06
20649,0,0.0035008674
20650,0,0.0002629486
20651,0,4.1480238e-05
20652,0,7.1620075e-06
20653,0,3.020711e-05
20654,0,3.1969765e-05
20655,0,9.949193e-06
20656,0,7.420697e-07
20657,0,0.00023957742
20658,0,2.6261347e-05
20659,0,3.580981e-06
20660,0,1.2428647e-05
20661,0,4.6305497e-05
20662,0,1.2704611e-05
20663,0,0.00021891917
20664,0,8.112492e-06
20665,0,7.503246e-05
20666,0,1.8561606e-06
20667,0,1.857831e-07
20668,0,1.868306e-05
20669,0,3.2729567e-05
20670,0,9.460178e-06
20671,0,0.00018171674
20672,0,2.2998681e-06
20673,0,1.3418223e-06
20674,0,1.8189523e-06
20675,0,4.9534583e-07
20676,0,7.436144e-06
20677,0,5.9227124e-05
20678,0,3.7672356e-07
20679,0,0.00049442786
20680,0,3.5441793e-05
20681,0,6.292531e-05
20682,0,9.917959e-05
20683,0,4.8276906e-05
20684,0,2.0709194e-05
20685,0,2.6805424e-06
20686,0,5.3124027e-06
20687,0,2.084387e-06
20688,0,1.4982861e-06
20689,0,0.0002339118
20690,0,1.500932e-06
20691,0,2.48615e-06
20692,0,8.015471e-05
20693,0,1.1232591e-05
20694,0,2.4614359e-05
20695,0,0.00021737356
20696,0,0.004536517
20697,0,9.341581e-05
20698,0,4.231275e-06
20699,0,0.0004145316
20700,0,0.00012761696
20701,0,4.399166e-05
20702,0,1.538747e-05
20703,0,4.791136e-06
20704,0,0.0002823187
20705,0,0.00021741254
20706,0,2.2797127e-05
20707,0,5.9311787e-05
20708,0,3.4523887e-06
20709,0,9.619234e-07
20710,0,1.9565457e-06
20711,0,3.913294e-06
20712,0,0.17086533
20713,0,1.18882335e-05
20714,0,3.9996935e-06
20715,0,1.5298682e-06
20716,0,0.00016209866
20717,0,3.7167134e-05
20718,0,4.6539068e-07
20719,0,9.4785555e-06
20720,0,0.00033030414
20721,0,5.1981596e-07
20722,0,0.00012434708
20723,0,8.570935e-07
20724,0,1.5347696e-05
20725,0,0.00010584167
20726,0,3.3735487e-05
20727,0,4.9756654e-05
20728,0,1.0741344e-05
20729,0,2.21099e-06
20730,0,1.2422589e-07
20731,0,8.527047e-07
20732,0,8.161349e-07
20733,0,0.0013859886
20734,0,1.7372349e-06
20735,0,6.294416e-05
20736,0,2.469171e-05
20737,0,1.7495182e-05
20738,0,4.3497123e-05
20739,0,3.8842963e-06
20740,0,1.6314088e-05
20741,0,8.4762005e-06
20742,0,1.980918e-07
20743,0,1.2112903e-06
20744,0,1.5571715e-05
20745,0,2.18217e-06
20746,0,8.7854154e-05
20747,0,7.168416e-05
20748,0,1.4582215e-06
20749,0,1.3224085e-05
20750,0,0.00039886902
20751,0,5.343784e-06
20752,0,2.4298735e-05
20753,0,1.2980978e-06
20754,0,1.9075933e-06
20755,0,3.8656976e-06
20756,0,8.444128e-05
20757,0,3.932945e-07
20758,0,1.5592832e-05
20759,0,1.11515055e-05
20760,0,1.0578382e-06
20761,0,5.800952e-06
20762,0,2.5849107e-05
20763,0,0.0009466585
20764,0,1.1320991e-05
20765,0,0.000687284
20766,0,7.0000256e-06
20767,0,4.793605e-05
20768,0,1.3923466e-05
20769,0,3.3463677e-06
20770,0,3.614391e-08
20771,0,1.3000406e-05
20772,0,2.0091164e-05
20773,0,2.9225152e-05
20774,0,8.903375e-06
20775,0,0.0009513811
20776,0,5.8785357e-05
20777,0,6.791167e-05
20778,0,0.00012255942
20779,0,4.7575154e-06
20780,0,7.52415e-06
20781,0,1.7660603e-06
20782,0,7.665661e-05
20783,0,4.889627e-06
20784,0,3.4004066e-07
20785,0,0.0042342385
20786,0,4.9466785e-06
20787,0,4.6734235e-07
20788,0,2.1709548e-05
20789,0,4.8925745e-06
20790,0,0.00010143368
20791,0,1.2583023e-06
20792,0,0.00073323876
20793,0,8.993903e-06
20794,0,0.00039997595
20795,0,1.851043e-05
20796,0,8.39291e-05
20797,0,6.0989598e-05
20798,0,0.00021418347
20799,0,2.8077807e-07
20800,0,7.0578612e-06
20801,0,0.00010547261
20802,0,2.2895147e-05
20803,0,6.806207e-06
20804,0,3.4152524e-07
20805,0,2.9289272e-06
20806,0,0.00024717159
20807,0,0.00013163705
20808,0,3.6178194e-06
20809,0,3.972248e-06
20810,0,1.8663424e-07
20811,0,1.5712748e-06
20812,0,1.5962958e-06
20813,0,4.1045663e-05
20814,0,5.6457913e-05
20815,0,6.7563324e-06
20816,0,6.278542e-07
20817,0,3.0158897e-05
20818,0,5.1707735e-07
20819,0,0.00015015334
20820,0,1.9190878e-05
20821,0,5.6167984e-05
20822,0,5.134385e-06
20823,0,0.0021766971
20824,0,0.00060106465
20825,0,0.00013922591
20826,0,0.00075247604
20827,0,9.877657e-05
20828,0,0.0006048408
20829,0,1.2188276e-07
20830,0,0.00017125282
20831,0,2.4153583e-06
20832,0,3.489671e-06
20833,0,2.4631361e-05
20834,0,5.687894e-05
20835,0,1.08888835e-05
20836,0,4.5658744e-06
20837,0,7.277809e-05
20838,0,4.4471926e-05
20839,0,4.7980857e-06
20840,0,0.0002667435
20841,0,4.2261505e-08
20842,0,4.7512796e-05
20843,0,2.983202e-06
20844,0,0.0003293781
20845,0,0.00010814563
20846,0,2.7948208e-06
20847,0,2.6367934e-06
20848,0,4.0972067e-05
20849,0,4.5165717e-07
20850,0,6.7297674e-06
20851,0,4.4013985e-05
20852,0,5.522538e-06
20853,0,2.1496214e-06
20854,0,1.6367369e-05
20855,0,0.00016305545
20856,0,0.00013959201
20857,0,2.4215997e-06
20858,0,4.1532567e-05
20859,0,0.00025532293
20860,0,0.0012113769
20861,0,2.9552116e-06
20862,0,0.00077024323
20863,0,4.510598e-05
20864,0,3.5786218e-06
20865,0,0.00022598296
20866,0,7.0441097e-06
20867,0,6.6899024e-06
20868,0,5.3120175e-06
20869,0,1.087927e-06
20870,0,1.1885138e-05
20871,0,9.601001e-06
20872,0,1.7371124e-06
20873,0,1.0513759e-05
20874,0,1.9312854e-06
20875,0,7.832458e-05
20876,0,0.0001424366
20877,0,0.00015293434
20878,0,7.470468e-06
20879,0,3.641962e-05
20880,0,5.243091e-06
20881,0,0.00024452124
20882,0,1.7889106e-06
20883,0,0.0017797581
20884,0,4.1673084e-06
20885,0,0.0001287046
20886,0,9.172891e-06
20887,0,1.7752583e-06
20888,0,1.6600905e-05
20889,0,2.5622163e-05
20890,0,0.0002668697
20891,0,5.8591264e-05
20892,0,7.519075e-05
20893,0,2.2567315e-06
20894,0,1.843236e-05
20895,0,1.050341e-06
20896,0,1.0650749e-06
20897,0,1.1262012e-05
20898,0,1.0331196e-06
20899,0,8.862559e-05
20900,0,0.00028639854
20901,0,0.0004649395
20902,0,5.7927144e-05
20903,0,0.00026426406
20904,0,3.324953e-05
20905,0,1.2358878e-06
20906,0,2.2408389e-05
20907,0,7.267719e-06
20908,0,1.3438906e-06
20909,0,1.751069e-07
20910,0,6.5571185e-06
20911,0,3.379841e-05
20912,0,0.00045108955
20913,0,6.7329964e-08
20914,0,5.785929e-05
20915,0,9.272621e-06
20916,0,4.7524095e-06
20917,0,3.2890596e-06
20918,0,7.2413736e-06
20919,0,0.0004647842
20920,0,1.1552174e-06
20921,0,4.431985e-05
20922,0,1.8592555e-05
20923,0,8.5364536e-07
20924,0,0.00025742553
20925,0,1.15719085e-05
20926,0,0.00012122347
20927,0,2.192347e-06
20928,0,7.469428e-05
20929,0,1.1657073e-05
20930,0,2.2009881e-05
20931,0,3.5137857e-06
20932,0,1.764197e-06
20933,0,2.1804535e-05
20934,0,2.5830775e-05
20935,0,2.2428671e-06
20936,0,3.1012027e-05
20937,0,7.239834e-06
20938,0,1.1716063e-05
20939,0,1.101151e-06
20940,0,1.5318493e-06
20941,0,2.1892213e-06
20942,0,6.6184744e-05
20943,0,1.14226605e-05
20944,0,0.00013678856
20945,0,1.5112776e-07
20946,0,1.0823234e-05
20947,0,4.44354e-06
20948,0,3.4038533e-06
20949,0,2.562655e-07
20950,0,8.15694e-05
20951,0,6.125552e-06
20952,0,0.09958233
20953,0,3.475187e-07
20954,0,1.6063841e-06
20955,0,9.050795e-06
20956,0,2.4858061e-06
20957,0,0.0008161033
20958,0,8.212562e-08
20959,0,0.5055075
20960,0,2.2355027e-05
20961,0,4.564714e-05
20962,0,1.9651195e-06
20963,0,0.00015754589
20964,0,2.4288317e-06
20965,0,3.3535587e-05
20966,0,2.9707755e-06
20967,0,3.7347868e-06
20968,0,3.261565e-05
20969,0,2.4448532e-06
20970,0,3.3089718e-06
20971,0,1.1038659e-05
20972,0,0.0004201835
20973,0,4.718134e-05
20974,0,9.702007e-05
20975,0,5.1965884e-07
20976,0,9.4765014e-08
20977,0,0.0004135293
20978,0,6.996448e-06
20979,0,0.014775047
20980,0,2.5784777e-05
20981,0,3.372764e-05
20982,0,2.1037677e-05
20983,0,4.0819345e-05
20984,0,5.158173e-06
20985,0,3.840794e-06
20986,0,1.4386647e-05
20987,0,3.8121172e-05
20988,0,0.00041552924
20989,0,7.9121145e-07
20990,0,6.454937e-06
20991,0,0.00017522735
20992,0,2.23476e-06
20993,0,1.7315964e-05
20994,0,3.6068163e-06
20995,0,0.00086762954
20996,0,6.921959e-05
20997,0,5.5289297e-06
20998,0,1.6841874e-07
20999,0,0.00036308749
21000,0,0.0010790151
21001,0,1.839015e-05
21002,0,8.703738e-05
21003,0,0.00084267644
21004,0,2.472663e-05
21005,0,4.819815e-05
21006,0,8.86545e-05
21007,0,4.840013e-06
21008,0,0.000662507
21009,0,0.00010448926
21010,0,0.00013190469
21011,0,4.6894573e-05
21012,0,4.380036e-05
21013,0,3.6084782e-06
21014,0,1.5013577e-05
21015,0,2.5416593e-05
21016,0,1.1889639e-05
21017,0,4.872499e-05
21018,0,2.8572942e-06
21019,0,0.00012066587
21020,0,0.00010299521
21021,0,2.1311147e-05
21022,0,0.0004335114
21023,0,2.9273076e-06
21024,0,1.5176355e-06
21025,0,7.205727e-05
21026,0,0.00021911066
21027,0,3.8216793e-05
21028,0,2.9003058e-06
21029,0,5.988707e-06
21030,0,0.00013799738
21031,0,0.002767651
21032,0,7.2187663e-07
21033,0,3.1792028e-05
21034,0,0.0008502018
21035,0,4.1013933e-05
21036,0,0.00036630937
21037,0,1.1657707e-05
21038,0,2.749836e-06
21039,0,6.9666135e-07
21040,0,7.932395e-08
21041,0,0.002143333
21042,0,6.866092e-05
21043,0,0.0001441867
21044,0,4.011111e-06
21045,0,8.7823923e-07
21046,0,1.8369485e-05
21047,0,2.1622538e-06
21048,0,1.0599371e-05
21049,0,9.994071e-08
21050,0,8.611659e-06
21051,0,9.152086e-06
21052,0,9.800278e-07
21053,0,3.7075697e-05
21054,0,1.9810816e-05
21055,0,1.2317341e-05
21056,0,7.793582e-06
21057,0,3.4117797e-06
21058,0,3.7012815e-05
21059,0,6.454664e-08
21060,0,6.1867155e-05
21061,0,1.5472037e-06
21062,0,0.0010543308
21063,0,0.00017313441
21064,0,0.00020973267
21065,0,2.1180797e-06
21066,0,5.8928304e-05
21067,0,6.4923624e-06
21068,0,0.0071317535
21069,0,1.349055e-05
21070,0,0.00010150325
21071,0,0.00030987992
21072,0,4.185107e-06
21073,0,0.0014467803
21074,0,7.859532e-06
21075,0,4.5899877e-05
21076,0,8.0232724e-07
21077,0,1.7612349e-05
21078,0,0.0005770912
21079,0,0.0021059075
21080,0,8.637e-05
21081,0,5.023748e-06
21082,0,1.8897194e-05
21083,0,8.3393725e-06
21084,0,7.1189775e-06
21085,0,2.6405627e-07
21086,0,1.2104219e-06
21087,0,1.3198797e-06
21088,0,1.751221e-05
21089,0,2.4991268e-06
21090,0,0.00018878953
21091,0,0.00038747926
21092,0,2.7225777e-05
21093,0,3.2453545e-06
21094,0,5.6340563e-05
21095,0,2.9823495e-05
21096,0,3.5743642e-07
21097,0,1.52007215e-05
21098,0,1.3058098e-05
21099,0,0.0021698
21100,0,7.4362674e-07
21101,0,7.7118675e-05
21102,0,1.0038993e-05
21103,0,3.1720225e-05
21104,0,3.79027e-06
21105,0,8.684201e-06
21106,0,1.8530052e-05
21107,0,2.7377887e-06
21108,0,8.68279e-05
21109,0,3.3623176e-06
21110,0,2.8114994e-06
21111,0,8.127541e-08
21112,0,3.0768228e-07
21113,0,2.0819352e-06
21114,0,2.2329586e-05
21115,0,2.2448985e-05
21116,0,1.669133e-06
21117,0,0.0004070672
21118,0,1.6721566e-05
21119,0,6.263627e-05
21120,0,4.3183256e-05
21121,0,0.0002993865
21122,0,9.917115e-07
21123,0,8.00193e-05
21124,0,1.5248838e-05
21125,0,4.900251e-06
21126,0,0.00019706305
21127,0,2.6400483e-05
21128,0,1.4680249e-07
21129,0,3.614128e-05
21130,0,4.1561212e-05
21131,0,3.93451e-05
21132,0,0.0004942526
21133,0,1.2130754e-05
21134,0,6.73989e-06
21135,0,0.00025071113
21136,0,1.7658145e-06
21137,0,4.189416e-05
21138,0,0.0014192936
21139,0,2.5090441e-05
21140,0,1.37142615e-05
21141,0,1.4458872e-05
21142,0,9.7450386e-05
21143,0,6.177525e-07
21144,0,0.000342623
21145,0,2.0600264e-06
21146,0,5.2785012e-06
21147,0,3.685787e-05
21148,0,5.0532666e-08
21149,0,0.00051485084
21150,0,2.122529e-05
21151,0,6.501811e-06
21152,0,1.8273857e-05
21153,0,0.00017657988
21154,0,5.9059234e-06
21155,0,5.164495e-07
21156,0,1.6303775e-06
21157,0,0.00015134989
21158,0,8.02038e-06
21159,0,8.2798294e-07
21160,0,8.904996e-07
21161,0,5.0226367e-06
21162,0,2.1912905e-07
21163,0,4.5223605e-05
21164,0,0.00050518056
21165,0,9.782978e-06
21166,0,1.6622785e-06
21167,0,8.329191e-06
21168,0,1.6747408e-06
21169,0,0.00087144127
21170,0,1.0525708e-05
21171,0,1.1231969e-05
21172,0,7.5962334e-06
21173,0,0.008351272
21174,0,1.2030131e-06
21175,0,3.7593902e-06
21176,0,3.0531019e-06
21177,0,1.7647284e-05
21178,0,9.697992e-06
21179,0,5.146665e-05
21180,0,5.0529716e-06
21181,0,6.48208e-06
21182,0,5.5190914e-05
21183,0,4.8855778e-05
21184,0,2.1010584e-07
21185,0,1.4612825e-05
21186,0,1.1508769e-05
21187,0,4.2841166e-06
21188,0,6.542108e-08
21189,0,6.31702e-05
21190,0,1.5645905e-05
21191,0,9.494282e-07
21192,0,8.836693e-08
21193,0,1.8420305e-05
21194,0,0.00062374165
21195,0,1.8852487e-06
21196,0,0.0002221222
21197,0,2.575771e-06
21198,0,0.00019544088
21199,0,1.9077397e-05
21200,0,1.7633323e-06
21201,0,1.4628557e-06
21202,0,7.983712e-06
21203,0,0.0010262615
21204,0,8.2875715e-07
21205,0,3.2119192e-06
21206,0,5.897537e-06
21207,0,1.0481783e-05
21208,0,0.00038710746
21209,0,6.276159e-07
21210,0,7.995317e-05
21211,0,5.829502e-06
21212,0,8.08099e-05
21213,0,1.0002278e-05
21214,0,1.0006657e-05
21215,0,5.4165153e-05
21216,0,1.2699281e-05
21217,0,3.0516521e-06
21218,0,2.6576488e-06
21219,0,3.3964407e-06
21220,0,1.50177e-05
21221,0,1.32228615e-05
21222,0,0.00027895867
21223,0,0.0004665295
21224,0,0.0003552924
21225,0,8.753597e-06
21226,0,8.981397e-07
21227,0,6.945697e-06
21228,0,1.414515e-06
21229,0,0.00022895746
21230,0,5.4577777e-05
21231,0,3.5854366e-06
21232,0,2.824763e-07
21233,0,8.4469386e-05
21234,0,4.7253652e-05
21235,0,6.85631e-05
21236,0,1.9516781e-05
21237,0,1.4705655e-06
21238,0,0.00015701454
21239,0,5.402625e-06
21240,0,4.237209e-05
21241,0,0.00014634432
21242,0,0.0052492563
21243,0,9.716247e-06
21244,0,1.3121488e-05
21245,0,7.964194e-05
21246,0,3.6444453e-07
21247,0,2.0554118e-07
21248,0,3.1952625e-06
21249,0,1.091427e-06
21250,0,6.4329365e-06
21251,0,4.109721e-05
21252,0,1.2559438e-05
21253,0,1.2780848e-06
21254,0,0.0009546653
21255,0,0.00020773013
21256,0,4.644761e-06
21257,0,1.3541631e-07
21258,0,1.5297954e-05
21259,0,5.9528174e-06
21260,0,9.389475e-08
21261,0,2.0933657e-08
21262,0,6.902873e-07
21263,0,3.746091e-07
21264,0,2.238959e-05
21265,0,0.00025424073
21266,0,4.2117685e-05
21267,0,3.3162628e-06
21268,0,0.000921241
21269,0,0.0002851265
21270,0,1.172834e-07
21271,0,8.2540487e-07
21272,0,2.6773998e-06
21273,0,9.777976e-07
21274,0,0.003616364
21275,0,6.911742e-05
21276,0,7.351547e-08
21277,0,0.00058715703
21278,0,9.66652e-07
21279,0,1.9168472e-05
21280,0,1.9129848e-05
21281,0,0.0007236766
21282,0,7.863051e-05
21283,0,2.6923048e-05
21284,0,0.003579151
21285,0,0.0001997539
21286,0,3.714999e-05
21287,0,7.9644065e-05
21288,0,2.5252334e-07
21289,0,2.1917196e-05
21290,0,1.142034e-05
21291,0,5.354119e-06
21292,0,1.3741269e-05
21293,0,9.6243575e-08
21294,0,0.00022126907
21295,0,9.612828e-06
21296,0,7.9270916e-07
21297,0,1.1826909e-05
21298,0,1.1552627e-06
21299,0,1.1143245e-05
21300,0,1.5673952e-05
21301,0,2.8364613e-05
21302,0,4.3744214e-05
21303,0,0.0028964682
21304,0,3.9886883e-05
21305,0,9.059905e-05
21306,0,0.0009978386
21307,0,0.0007774101
21308,0,0.00013439644
21309,0,3.9590574e-05
21310,0,2.19168e-05
21311,0,1.4636271e-07
21312,0,2.145039e-05
21313,0,4.235845e-06
21314,0,5.247248e-06
21315,0,2.4715457e-05
21316,0,2.1595376e-06
21317,0,2.0409047e-05
21318,0,0.00034809814
21319,0,7.633954e-06
21320,0,3.2746905e-06
21321,0,9.7625896e-05
21322,0,0.0001164619
21323,0,0.0001292137
21324,0,8.095057e-05
21325,0,0.00028309497
21326,0,3.7416536e-05
21327,0,2.828245e-05
21328,0,1.9377836e-05
21329,0,2.813409e-05
21330,0,2.1057001e-07
21331,0,1.1854552e-05
21332,0,1.6443952e-06
21333,0,0.00041797207
21334,0,3.5565783e-06
21335,0,4.353671e-05
21336,0,0.00017715564
21337,0,6.563817e-07
21338,0,6.819338e-05
21339,0,3.9770694e-06
21340,0,0.00023161575
21341,0,5.637665e-07
21342,0,2.777359e-06
21343,0,4.038514e-05
21344,0,9.528839e-06
21345,0,5.2811114e-08
21346,0,1.842895e-05
21347,0,1.21132625e-05
21348,0,1.2655304e-06
21349,0,1.3991497e-05
21350,0,4.221956e-06
21351,0,0.00095639686
21352,0,7.2551293e-06
21353,0,1.0852372e-05
21354,0,3.7628803e-07
21355,0,1.6075994e-06
21356,0,1.0967419e-06
21357,0,4.157928e-06
21358,0,2.503437e-07
21359,0,0.002084109
21360,0,7.300686e-05
21361,0,1.2237123e-07
21362,0,5.3110853e-06
21363,0,3.5750707e-06
21364,0,7.9909405e-06
21365,0,2.243807e-05
21366,0,4.5631597e-05
21367,0,1.9620953e-05
21368,0,3.7778736e-05
21369,0,7.777735e-07
21370,0,9.536084e-06
21371,0,1.1354912e-06
21372,0,9.7830625e-06
21373,0,0.0007390364
21374,0,2.8057892e-05
21375,0,7.4723634e-06
21376,0,0.00062143785
21377,0,1.557295e-06
21378,0,6.4325686e-06
21379,0,1.0761673e-06
21380,0,0.0005990392
21381,0,1.6493017e-05
21382,0,5.721334e-05
21383,0,1.3195853e-05
21384,0,5.292928e-06
21385,0,9.200323e-07
21386,0,3.5609493e-05
21387,0,1.52657e-06
21388,0,9.4395614e-07
21389,0,0.00021230476
21390,0,0.00031744372
21391,0,0.00011391549
21392,0,3.6178469e-07
21393,0,2.609262e-06
21394,0,0.00036739913
21395,0,1.4183393e-06
21396,0,0.0010360078
21397,0,1.0860496e-06
21398,0,7.867039e-06
21399,0,4.4152082e-05
21400,0,3.0084671e-05
21401,0,0.0001804014
21402,0,7.110274e-07
21403,0,2.8670577e-06
21404,0,0.00013575061
21405,0,0.0016122207
21406,0,3.0917463e-06
21407,0,1.1100606e-06
21408,0,0.0002857279
21409,0,1.38508385e-05
21410,0,0.0003429598
21411,0,4.991534e-05
21412,0,6.813267e-05
21413,0,8.569762e-06
21414,0,7.393173e-06
21415,0,2.0795324e-06
21416,0,0.0011467055
21417,0,6.304851e-05
21418,0,1.7444501e-06
21419,0,5.6237246e-07
21420,0,0.0009780402
21421,0,5.228288e-07
21422,0,1.4555273e-05
21423,0,1.2243315e-05
21424,0,2.061591e-05
21425,0,4.9473903e-05
21426,0,0.0011357388
21427,0,1.9583197e-07
21428,0,0.00019649642
21429,0,0.0001701952
21430,0,0.00028051328
21431,0,1.0534187e-06
21432,0,2.1128897e-05
21433,0,0.0014899138
21434,0,7.805213e-07
21435,0,6.3076254e-07
21436,0,1.521676e-06
21437,0,6.90286e-06
21438,0,1.4778701e-05
21439,0,3.4628047e-05
21440,0,0.00022941965
21441,0,8.2621345e-06
21442,0,8.340714e-08
21443,0,0.00012070039
21444,0,3.415684e-05
21445,0,8.694941e-06
21446,0,2.0100095e-05
21447,0,0.00016364218
21448,0,5.7069374e-05
21449,0,0.00011991615
21450,0,5.725113e-06
21451,0,4.726501e-07
21452,0,9.5036944e-07
21453,0,1.1930582e-06
21454,0,4.106282e-06
21455,0,1.456952e-05
21456,0,4.8927473e-06
21457,0,9.404047e-05
21458,0,9.6961244e-08
21459,0,1.919983e-05
21460,0,8.377182e-07
21461,0,2.5406343e-05
21462,0,1.05172785e-05
21463,0,0.00020902453
21464,0,2.0895975e-06
21465,0,8.478157e-06
21466,0,2.8346178e-06
21467,0,0.0004560663
21468,0,0.000110118446
21469,0,4.879102e-05
21470,0,0.00012140799
21471,0,6.833281e-07
21472,0,3.0923253e-05
21473,0,2.8264705e-05
21474,0,1.0681637e-05
21475,0,9.4937485e-07
21476,0,4.2455595e-06
21477,0,8.8050074e-05
21478,0,0.00017663396
21479,0,9.274664e-05
21480,0,4.3093823e-05
21481,0,6.731905e-06
21482,0,4.0242656e-07
21483,0,0.0029711216
21484,0,6.880717e-06
21485,0,2.8062518e-06
21486,0,2.759989e-05
21487,0,4.6560104e-05
21488,0,0.0003196412
21489,0,5.1745934e-05
21490,0,1.1590573e-05
21491,0,1.0810114e-05
21492,0,8.928145e-08
21493,0,2.7093087e-05
21494,0,1.3769493e-06
21495,0,6.8484824e-06
21496,0,8.249994e-06
21497,0,5.0234612e-05
21498,0,2.7534574e-07
21499,0,3.254916e-05
21500,0,7.5139383e-06
21501,0,7.1380937e-06
21502,0,1.9085887e-06
21503,0,8.0130485e-07
21504,0,9.236457e-05
21505,0,2.5880201e-08
21506,0,7.1736895e-06
21507,0,9.073619e-06
21508,0,8.726358e-06
21509,0,5.081917e-05
21510,0,0.0006251751
21511,0,9.553046e-07
21512,0,2.3797222e-05
21513,0,1.025905e-05
21514,0,0.000116921015
21515,0,2.9202477e-06
21516,0,2.3682802e-05
21517,0,4.4816798e-07
21518,0,4.698861e-06
21519,0,2.770518e-06
21520,0,7.2010384e-06
21521,0,1.6568927e-07
21522,0,3.5810346e-05
21523,0,1.2400872e-05
21524,0,8.218254e-06
21525,0,9.4343875e-07
21526,0,2.585554e-06
21527,0,3.7957506e-07
21528,0,3.5055935e-05
21529,0,4.163321e-05
21530,0,0.00022820775
21531,0,5.8687896e-05
21532,0,4.468495e-05
21533,0,1.1429624e-05
21534,0,0.00022546363
21535,0,7.556003e-08
21536,0,1.3060811e-06
21537,0,4.391994e-05
21538,0,5.0447153e-07
21539,0,2.4462324e-05
21540,0,0.0014367485
21541,0,4.218068e-06
21542,0,1.0939062e-05
21543,0,1.20132345e-05
21544,0,2.8435745e-06
21545,0,5.4386674e-06
21546,0,3.420078e-05
21547,0,0.00026137292
21548,0,7.5433686e-06
21549,0,0.00013318816
21550,0,2.6118685e-06
21551,0,5.865241e-07
21552,0,2.199966e-05
21553,0,8.623876e-07
21554,0,0.0012875127
21555,0,3.2979544e-06
21556,0,6.0182956e-06
21557,0,1.819687e-05
21558,0,0.00020451803
21559,0,1.6149492e-06
21560,0,0.09217609
21561,0,4.5197382e-07
21562,0,4.6420802e-05
21563,0,2.659918e-06
21564,0,0.0008470865
21565,0,0.00022317278
21566,0,3.2271975e-05
21567,0,1.4011682e-06
21568,0,0.00047107087
21569,0,1.8669851e-07
21570,0,1.4269451e-05
21571,0,1.1004153e-05
21572,0,0.00023628783
21573,0,8.1024245e-06
21574,0,0.0002725293
21575,0,0.00010469991
21576,0,0.00014150995
21577,0,4.5736895e-05
21578,0,1.248654e-05
21579,0,0.001520638
21580,0,1.2737354e-05
21581,0,8.655492e-05
21582,0,1.3088881e-05
21583,0,4.811549e-05
21584,0,2.4327463e-05
21585,0,5.9580316e-07
21586,0,6.104156e-05
21587,0,1.4936866e-06
21588,0,0.00081314694
21589,0,1.2985943e-06
21590,0,4.131762e-07
21591,0,0.00011563396
21592,0,3.0683063e-06
21593,0,1.7482473e-05
21594,0,0.00021616509
21595,0,9.815901e-05
21596,0,1.040693e-05
21597,0,4.410537e-05
21598,0,4.429595e-06
21599,0,6.453944e-07
21600,0,1.4544144e-05
21601,0,1.0946783e-06
21602,0,0.00042000329
21603,0,0.0006630796
21604,0,2.7280823e-05
21605,0,1.5406999e-06
21606,0,1.4029657e-05
21607,0,0.00037365526
21608,0,3.2073378e-05
21609,0,1.568361e-05
21610,0,9.0108415e-06
21611,0,4.809741e-06
21612,0,1.7471123e-06
21613,0,1.0834917e-07
21614,0,0.00044374858
21615,0,1.0634434e-05
21616,0,6.123892e-05
21617,0,1.0275099e-05
21618,0,3.0784067e-06
21619,0,7.690387e-05
21620,0,2.2877577e-05
21621,0,0.00012929171
21622,0,6.477365e-06
21623,0,1.6829239e-06
21624,0,1.2103494e-05
21625,0,3.4469733e-06
21626,0,9.153736e-06
21627,0,3.0084063e-06
21628,0,0.0010980436
21629,0,0.03636766
21630,0,0.000113108654
21631,0,0.00073625974
21632,0,9.811775e-06
21633,0,4.366028e-05
21634,0,5.2630544e-06
21635,0,0.0023128518
21636,0,1.7774433e-05
21637,0,3.9796003e-05
21638,0,6.049086e-06
21639,0,0.0001280464
21640,0,4.137073e-05
21641,0,1.2290553e-05
21642,0,2.2672699e-05
21643,0,1.3500666e-05
21644,0,1.421298e-05
21645,0,0.00013716341
21646,0,3.7130965e-05
21647,0,0.00016502893
21648,0,3.490402e-05
21649,0,2.2976603e-05
21650,0,2.0898516e-07
21651,0,0.0002763968
21652,0,0.00010544364
21653,0,0.000104727966
21654,0,1.7140687e-06
21655,0,3.9128787e-05
21656,0,7.707059e-05
21657,0,0.00050254934
21658,0,2.3816203e-05
21659,0,7.840645e-06
21660,0,2.4152823e-06
21661,0,4.989809e-06
21662,0,5.5231823e-05
21663,0,0.00021526362
21664,0,4.963341e-06
21665,0,0.00038327152
21666,0,0.0001654392
21667,0,0.000117576965
21668,0,5.5627475e-05
21669,0,1.7982943e-06
21670,0,7.219302e-06
21671,0,1.3198797e-06
21672,0,3.2902014e-06
21673,0,0.00015772702
21674,0,0.00010607496
21675,0,0.0020396234
21676,0,2.0583377e-06
21677,0,1.2005835e-05
21678,0,1.8770246e-05
21679,0,3.7640325e-07
21680,0,9.380322e-05
21681,0,1.4043739e-05
21682,0,1.1301629e-06
21683,0,1.3384596e-05
21684,0,8.098694e-06
21685,0,4.970474e-06
21686,0,1.8218344e-06
21687,0,2.4628072e-05
21688,0,3.0410047e-06
21689,0,1.3438727e-06
21690,0,8.3294135e-06
21691,0,1.0450152e-05
21692,0,6.229524e-05
21693,0,1.6104399e-06
21694,0,1.3797188e-06
21695,0,5.932975e-07
21696,0,1.5537658e-05
21697,0,6.913856e-06
21698,0,2.8714618e-05
21699,0,3.4437668e-05
21700,0,1.7327875e-05
21701,0,0.00048839615
21702,1,0.99913126
21703,0,7.587466e-06
21704,0,7.4355626e-06
21705,0,7.4360096e-06
21706,0,3.3715514e-05
21707,0,8.5224053e-07
21708,0,3.587673e-05
21709,0,0.0016820368
21710,0,8.887766e-06
21711,0,1.5919321e-08
21712,0,3.1842217e-05
21713,0,3.138458e-06
21714,0,5.7429035e-05
21715,0,0.00012642141
21716,0,1.5662702e-07
21717,0,0.001440853
21718,0,1.385712e-06
21719,0,5.4923744e-06
21720,0,5.360081e-05
21721,0,3.3408799e-06
21722,0,5.112846e-06
21723,0,7.0682e-06
21724,0,1.4877725e-06
21725,0,3.2369375e-05
21726,0,1.2716714e-06
21727,0,0.00024553353
21728,0,0.0002608459
21729,0,0.00010045877
21730,0,0.5087104
21731,0,1.325823e-06
21732,0,4.6221057e-06
21733,0,5.5115993e-06
21734,0,3.9356682e-06
21735,0,6.074923e-07
21736,0,1.0880296e-06
21737,0,5.880397e-05
21738,0,8.767989e-09
21739,0,6.1261875e-05
21740,0,7.3373603e-06
21741,0,2.3685365e-07
21742,0,3.690936e-05
21743,0,8.788008e-06
21744,0,6.244201e-08
21745,0,1.1016344e-05
21746,0,3.3615804e-06
21747,0,0.0002579968
21748,0,1.2610702e-06
21749,0,1.1873534e-06
21750,0,2.686974e-06
21751,0,0.00070778467
21752,0,8.7136067e-07
21753,0,2.6566844e-05
21754,0,6.974183e-05
21755,0,1.2478147e-05
21756,0,9.95832e-05
21757,0,4.3682257e-06
21758,0,0.00021573024
21759,0,2.6799677e-05
21760,0,0.001674083
21761,0,6.0182956e-06
21762,0,2.3143448e-05
21763,0,4.5928515e-05
21764,0,8.946392e-05
21765,0,2.8485415e-06
21766,0,7.019253e-05
21767,0,3.3584593e-06
21768,0,0.00017117203
21769,0,4.349673e-06
21770,0,2.2286868e-05
21771,0,0.0003304377
21772,0,2.0907093e-05
21773,0,0.00010516379
21774,0,7.148183e-06
21775,0,1.2245277e-05
21776,0,1.0750065e-05
21777,0,4.4835178e-07
21778,0,1.6081746e-06
21779,0,5.8790175e-07
21780,0,1.7253904e-05
21781,0,4.9030434e-05
21782,0,7.2912417e-07
21783,0,0.0028707692
21784,0,9.523376e-05
21785,0,3.2502696e-05
21786,0,0.00012905228
21787,0,9.3839e-05
21788,0,1.6836092e-06
21789,0,0.00087887066
21790,0,0.0005010754
21791,0,0.000182352
21792,0,0.00040527794
21793,0,1.1264538e-06
21794,0,2.8724028e-06
21795,0,6.8669247e-06
21796,0,0.00033301738
21797,0,0.0002596118
21798,0,1.813409e-05
21799,0,5.8027214e-05
21800,0,1.0573334e-05
21801,0,5.557438e-07
21802,0,0.00043037778
21803,0,5.230027e-06
21804,0,5.832855e-06
21805,0,0.00019442105
21806,0,0.005733524
21807,0,9.239617e-06
21808,0,1.2601261e-07
21809,0,2.3424029e-07
21810,0,3.6116178e-06
21811,0,0.00013533147
21812,0,3.8999456e-06
21813,0,2.6054326e-05
21814,0,9.183211e-06
21815,0,2.3393295e-06
21816,0,2.7111905e-06
21817,0,4.6937334e-06
21818,0,2.852176e-06
21819,0,5.12174e-07
21820,0,4.1280027e-06
21821,0,3.6111496e-06
21822,0,8.231304e-05
21823,0,0.000747859
21824,0,2.6858365e-06
21825,0,1.1736026e-07
21826,0,1.4400456e-06
21827,0,0.00036486526
21828,0,1.6479261e-07
21829,0,4.763947e-05
21830,0,0.0011403533
21831,0,2.7608962e-07
21832,0,7.2166035e-06
21833,0,1.5691261e-06
21834,0,1.1609462e-06
21835,0,1.6244647e-05
21836,0,2.2129127e-07
21837,0,1.9820388e-07
21838,0,2.042926e-05
21839,0,1.2802324e-05
21840,0,1.3259646e-06
21841,0,1.9303645e-06
21842,0,7.557902e-05
21843,0,2.3090494e-07
21844,0,5.1033243e-05
21845,0,1.1347496e-06
21846,0,4.963483e-07
21847,0,1.0745821e-05
21848,0,1.47730925e-05
21849,0,0.00037102963
21850,0,0.0017218342
21851,0,0.00010835104
21852,0,0.0011942778
21853,0,2.3850356e-07
21854,0,0.00029760812
21855,0,7.341128e-05
21856,0,1.1678203e-05
21857,0,3.507605e-06
21858,0,2.9509552e-05
21859,0,8.415804e-08
21860,0,2.707074e-08
21861,0,1.51583645e-05
21862,0,1.9577943e-05
21863,0,5.8788432e-06
21864,0,1.4531836e-06
21865,0,8.270121e-06
21866,0,0.002880288
21867,0,1.000849e-05
21868,0,0.00013212838
21869,0,3.4897163e-05
21870,0,0.00066896336
21871,0,1.8344363e-05
21872,0,7.039046e-06
21873,0,1.378907e-07
21874,0,2.9132045e-05
21875,0,2.1163887e-05
21876,0,9.579326e-05
21877,0,0.00037315296
21878,0,0.0004992818
21879,0,7.2594344e-06
21880,0,3.433024e-06
21881,0,2.755647e-05
21882,0,0.00015961303
21883,0,8.6151085e-06
21884,0,8.7144675e-05
21885,0,0.0003390811
21886,0,7.066441e-06
21887,0,3.2123723e-06
21888,0,4.3745413e-06
21889,0,6.2945833e-06
21890,0,5.876265e-06
21891,0,1.6255707e-06
21892,0,2.3709039e-05
21893,0,1.8869336e-05
21894,0,2.2395882e-06
21895,0,5.6544386e-06
21896,0,2.9741588e-05
21897,0,0.0018564087
21898,0,0.00900188
21899,0,4.992817e-06
21900,0,0.00069661625
21901,0,0.0002226797
21902,0,1.3491861e-07
21903,0,0.00019963906
21904,0,1.6929016e-05
21905,0,0.00015558071
21906,0,5.2448813e-05
21907,0,1.2053479e-05
21908,0,0.0032325462
21909,0,7.612137e-06
21910,0,0.00013716957
21911,0,4.193397e-06
21912,0,4.187147e-05
21913,0,3.1731674e-06
21914,0,2.323509e-05
21915,0,8.100154e-05
21916,0,0.00046668813
21917,0,4.080241e-06
21918,0,2.212939e-06
21919,0,0.00031583806
21920,0,8.994895e-05
21921,0,0.00012757439
21922,0,3.2178647e-05
21923,0,1.0742175e-05
21924,0,0.0001557615
21925,0,5.107799e-05
21926,0,1.0432189e-05
21927,0,6.9681795e-05
21928,0,5.8412606e-06
21929,0,0.00010796974
21930,0,6.3070033e-06
21931,0,1.1246729e-05
21932,0,9.382978e-05
21933,0,0.0083953105
21934,0,4.616057e-05
21935,0,3.9979153e-05
21936,0,4.211206e-05
21937,0,7.8014105e-05
21938,0,0.00016736412
21939,0,4.8115487e-07
21940,0,2.1711814e-07
21941,0,0.0011196603
21942,0,2.5789179e-05
21943,0,3.2010694e-06
21944,0,1.4365794e-05
21945,0,3.2915685e-07
21946,0,1.3679324e-06
21947,0,1.0421808e-05
21948,0,4.809741e-06
21949,0,3.7996466e-05
21950,0,1.9034626e-06
21951,0,0.00016987872
21952,0,4.5100733e-06
21953,0,0.00015589403
21954,0,1.9269331e-05
21955,0,2.3778597e-05
21956,0,1.5926737e-06
21957,0,3.155559e-06
21958,0,3.127263e-06
21959,0,1.4405318e-05
21960,0,0.0028734896
21961,0,5.543992e-07
21962,0,3.224521e-06
21963,0,0.00010043539
21964,0,0.00021131882
21965,0,4.4474236e-06
21966,0,3.6690103e-06
21967,0,1.3776133e-05
21968,0,0.00015132189
21969,0,1.8559942e-05
21970,0,4.939862e-06
21971,0,0.00052392227
21972,0,7.293008e-07
21973,0,2.0363088e-07
21974,0,0.00015351686
21975,0,5.1759904e-05
21976,0,8.7308445e-06
21977,0,0.00036688359
21978,0,7.097025e-05
21979,0,1.8272041e-06
21980,0,3.986829e-06
21981,0,0.00017084622
21982,0,0.00019087213
21983,0,2.6705682e-06
21984,0,5.0701897e-06
21985,0,7.113528e-06
21986,0,0.00010095189
21987,0,8.675964e-08
21988,0,0.00014716646
21989,0,0.0019121361
21990,0,3.431427e-05
21991,0,2.9720338e-06
21992,0,3.1730906e-05
21993,0,1.4494368e-06
21994,0,0.00013357645
21995,0,1.3368027e-06
21996,0,1.1694012e-06
21997,0,9.276248e-05
21998,0,6.476608e-05
21999,0,3.946775e-06
22000,0,1.1155366e-06
22001,0,1.698808e-05
22002,0,5.343438e-05
22003,0,0.0010874169
22004,0,3.9094622e-05
22005,0,9.299337e-05
22006,0,3.2461962e-06
22007,0,4.506281e-06
22008,0,0.0016602332
22009,0,0.00012162189
22010,0,1.5463613e-05
22011,0,0.00042343908
22012,0,0.00014856257
22013,0,2.285102e-06
22014,0,1.4690232e-05
22015,0,2.3336732e-05
22016,0,4.89244e-07
22017,0,2.3953235e-06
22018,0,3.3819462e-05
22019,0,3.8619834e-05
22020,0,7.830951e-07
22021,0,0.0007025459
22022,0,3.6655758e-06
22023,0,7.6201127e-06
22024,0,4.3946834e-06
22025,0,1.5957067e-06
22026,0,0.00012207375
22027,0,6.708282e-07
22028,0,2.1653927e-05
22029,0,2.813082e-06
22030,0,4.1223534e-06
22031,0,0.0045542973
22032,0,6.514156e-06
22033,0,3.4069744e-06
22034,0,2.3365055e-05
22035,0,4.3374816e-06
22036,0,1.5311805e-05
22037,0,4.308137e-05
22038,0,1.7993092e-05
22039,0,2.478775e-07
22040,0,0.00016058791
22041,0,4.5272707e-05
22042,0,3.821324e-06
22043,0,3.6256264e-05
22044,0,5.553321e-07
22045,0,2.1527612e-07
22046,0,1.4226757e-05
22047,0,0.00014280679
22048,0,2.5763538e-05
22049,0,6.232929e-05
22050,0,1.4888447e-05
22051,0,6.9851344e-06
22052,0,2.5814841e-05
22053,0,0.00034934265
22054,0,4.1869594e-06
22055,0,0.00017672661
22056,0,4.037332e-05
22057,0,8.42313e-06
22058,0,2.6404093e-06
22059,0,4.6354847e-07
22060,0,0.00033503215
22061,0,6.795615e-06
22062,0,5.029899e-05
22063,0,5.8630776e-05
22064,0,2.934782e-06
22065,0,6.737197e-05
22066,0,8.2086035e-06
22067,0,0.00010079096
22068,0,6.114001e-05
22069,0,9.95631e-07
22070,0,5.030802e-07
22071,0,1.1542788e-05
22072,0,0.0046061384
22073,0,5.4071636e-05
22074,0,2.4071025e-05
22075,0,2.9071575e-07
22076,0,4.936627e-07
22077,0,1.089367e-06
22078,0,0.00014768686
22079,0,4.0760874e-06
22080,0,3.0344518e-06
22081,0,5.3655462e-08
22082,0,2.1947602e-07
22083,0,0.00039136535
22084,0,0.00074078754
22085,0,3.7899558e-06
22086,0,3.3617277e-06
22087,0,6.301731e-05
22088,0,3.1908774e-06
22089,0,1.6488534e-06
22090,0,3.6708406e-07
22091,0,6.3670595e-05
22092,0,0.00043323688
22093,0,1.8925473e-05
22094,0,3.0686155e-05
22095,0,0.0006846984
22096,0,8.439999e-06
22097,0,8.187426e-05
22098,0,1.7783825e-05
22099,0,0.0011863884
22100,0,1.211318e-06
22101,0,9.354795e-08
22102,0,0.0038950616
22103,0,0.00016665309
22104,0,7.625119e-07
22105,0,4.267659e-06
22106,0,3.3383003e-05
22107,0,6.7119818e-06
22108,0,6.810732e-06
22109,0,5.2837826e-05
22110,0,4.1230064e-06
22111,0,5.090473e-05
22112,0,1.5729536e-05
22113,0,3.3768352e-05
22114,0,0.0017027996
22115,0,1.0459974e-05
22116,0,0.00031684656
22117,0,0.01438047
22118,0,0.00029363
22119,0,8.144655e-06
22120,0,3.7355776e-06
22121,0,1.3892867e-05
22122,0,0.00010176231
22123,0,3.7195878e-07
22124,0,1.9650464e-05
22125,0,4.1016638e-06
22126,0,9.8551e-06
22127,0,1.8734856e-05
22128,0,4.1813732e-06
22129,0,1.0347051e-06
22130,0,4.6616304e-05
22131,0,6.7825164e-07
22132,0,1.0455037e-05
22133,0,3.421334e-05
22134,0,2.923553e-07
22135,0,7.121438e-08
22136,0,2.765575e-05
22137,0,0.00030579057
22138,0,2.1938718e-06
22139,0,5.4427555e-06
22140,0,0.0001634016
22141,0,2.630629e-05
22142,0,7.521793e-05
22143,0,1.9711726e-05
22144,0,0.000407556
22145,0,4.6053724e-06
22146,0,0.00018351927
22147,0,0.00021658513
22148,0,2.2673392e-05
22149,0,1.3728621e-06
22150,0,2.2627398e-06
22151,0,4.809603e-06
22152,0,6.4018747e-07
22153,0,8.102472e-07
22154,0,5.637566e-05
22155,0,1.0080111e-05
22156,0,2.8982106e-07
22157,0,0.00042463356
22158,0,0.00015564242
22159,0,2.928561e-05
22160,0,7.4971365e-07
22161,0,0.00011732946
22162,0,3.239439e-05
22163,0,1.0490963e-05
22164,0,1.15261455e-05
22165,0,3.7236905e-06
22166,0,2.0355728e-05
22167,0,2.6410567e-06
22168,0,0.0009825455
22169,0,6.3434018e-06
22170,0,5.9356685e-06
22171,0,6.186976e-08
22172,0,1.0725969e-05
22173,0,1.4787631e-06
22174,0,5.7455037e-07
22175,0,4.88226e-06
22176,0,6.112031e-05
22177,0,3.7773882e-06
22178,0,9.759654e-06
22179,0,8.147386e-05
22180,0,4.9891473e-06
22181,0,2.5816046e-06
22182,0,1.4753846e-05
22183,0,5.1149973e-06
22184,0,3.4934357e-05
22185,0,6.251877e-05
22186,0,2.5499442e-06
22187,0,1.0085592e-05
22188,0,1.1990709e-05
22189,0,2.515561e-07
22190,0,1.1005969e-05
22191,0,2.8366021e-05
22192,0,8.8108067e-07
22193,0,1.3000564e-06
22194,0,0.000112994276
22195,0,5.6111153e-06
22196,0,0.0003199101
22197,0,0.00021220944
22198,0,1.5718354e-06
22199,0,0.0010942176
22200,0,1.9881648e-07
22201,0,6.739247e-06
22202,0,0.00011015929
22203,0,0.00025350755
22204,0,2.9812054e-06
22205,0,3.960896e-06
22206,0,3.105239e-05
22207,0,1.6376549e-05
22208,0,0.00015156869
22209,0,3.070821e-06
22210,0,0.002515284
22211,0,9.199707e-06
22212,0,2.9882569e-05
22213,0,6.4622705e-05
22214,0,4.0680566e-06
22215,0,3.35559e-05
22216,0,6.8411316e-07
22217,0,4.6283687e-05
22218,0,8.951564e-05
22219,0,5.572315e-06
22220,0,8.690175e-06
22221,0,0.00020874549
22222,0,8.037119e-07
22223,0,5.242466e-05
22224,0,1.074368e-05
22225,0,7.356404e-06
22226,0,0.0001291765
22227,0,2.2339941e-07
22228,0,0.0001339088
22229,0,5.5904857e-05
22230,0,8.307933e-07
22231,0,5.3713688e-05
22232,0,3.605714e-05
22233,0,2.7035892e-05
22234,0,3.092056e-06
22235,0,4.4963395e-05
22236,0,0.0036925706
22237,0,5.6794393e-06
22238,0,2.1731992e-07
22239,0,1.0464667e-06
22240,0,0.0001196903
22241,0,3.1823834e-06
22242,0,2.2974937e-05
22243,0,0.0003516085
22244,0,1.6607793e-05
22245,0,0.00022820142
22246,0,5.780883e-06
22247,0,0.00072162534
22248,0,7.1736895e-06
22249,0,0.00032651046
22250,0,1.037165e-06
22251,0,1.891207e-05
22252,0,5.9992017e-05
22253,0,1.8278614e-07
22254,0,2.9217545e-05
22255,0,5.7371534e-07
22256,0,7.258292e-05
22257,0,0.00012895842
22258,0,4.499213e-06
22259,0,1.2597404e-07
22260,0,3.1457992e-05
22261,0,1.0018287e-05
22262,0,0.00021298196
22263,0,1.673396e-05
22264,0,9.4737035e-05
22265,0,2.1861922e-06
22266,0,1.5620593e-06
22267,0,4.65155e-05
22268,0,0.005754727
22269,0,0.0052418243
22270,0,0.001714409
22271,0,8.9108335e-06
22272,0,3.108225e-06
22273,0,8.8266006e-07
22274,0,9.217394e-06
22275,0,6.965803e-06
22276,0,2.226329e-05
22277,0,0.0001073599
22278,0,0.0003644606
22279,0,4.0125533e-06
22280,0,8.91181e-06
22281,0,4.3921472e-07
22282,0,1.5518408e-06
22283,0,2.4454699e-05
22284,0,4.234018e-05
22285,0,0.00018472114
22286,0,9.621669e-06
22287,0,1.074961e-06
22288,0,3.923524e-05
22289,0,3.1832728e-06
22290,0,7.0278526e-05
22291,0,2.753124e-07
22292,0,0.0035535693
22293,0,7.545038e-06
22294,0,4.2903273e-05
22295,0,4.6976613e-05
22296,0,8.699901e-06
22297,0,2.8311435e-06
22298,0,2.2390424e-05
22299,0,1.8636189e-05
22300,0,7.755006e-06
22301,0,1.6465467e-05
22302,0,0.0064999694
22303,0,2.2700284e-05
22304,0,2.5318737e-05
22305,0,3.6284317e-05
22306,0,1.1625915e-06
22307,0,9.868069e-06
22308,0,2.8773131e-06
22309,0,4.7892945e-06
22310,0,1.7154832e-06
22311,0,2.2363027e-07
22312,0,8.672284e-06
22313,0,0.00029850067
22314,0,2.7454276e-05
22315,0,2.747084e-07
22316,0,4.261249e-06
22317,0,1.17627e-06
22318,0,4.1887742e-07
22319,0,0.000109114364
22320,0,0.0002869531
22321,0,4.835607e-06
22322,0,0.00012245335
22323,0,0.001876149
22324,0,0.00025612387
22325,0,0.0062079076
22326,0,0.0010497231
22327,0,0.0016185135
22328,0,0.0010589216
22329,0,7.016114e-05
22330,0,1.15516195e-05
22331,0,1.07358655e-05
22332,0,1.3022035e-05
22333,0,7.522805e-05
22334,0,0.0004126773
22335,0,1.3161454e-06
22336,0,4.079572e-05
22337,0,6.264045e-05
22338,0,1.0638643e-05
22339,0,0.09559151
22340,0,1.940824e-05
22341,0,0.0002038522
22342,0,1.1705365e-05
22343,0,1.659953e-06
22344,0,8.2932245e-05
22345,0,4.2971944e-05
22346,0,8.57685e-06
22347,0,0.00031407364
22348,0,0.00016695513
22349,0,2.399393e-06
22350,0,2.5649856e-06
22351,0,0.00020412917
22352,0,0.00031562432
22353,0,2.6841728e-05
22354,0,5.1878003e-05
22355,0,0.0001145809
22356,0,2.8756615e-06
22357,0,0.006546456
22358,0,6.9956506e-05
22359,0,9.7853874e-05
22360,0,0.00013562407
22361,0,9.952615e-05
22362,0,3.0536494e-06
22363,0,0.00019559357
22364,0,5.510189e-07
22365,0,4.581775e-05
22366,0,0.0001767411
22367,0,1.637569e-06
22368,0,0.00021814012
22369,0,8.158831e-05
22370,0,0.00022937763
22371,0,5.1907914e-06
22372,0,8.139918e-06
22373,0,1.1363771e-05
22374,0,0.00013017672
22375,0,1.0655631e-05
22376,0,1.3217793e-05
22377,0,3.8308888e-05
22378,0,1.5842102e-06
22379,0,4.680743e-06
22380,0,0.0010173881
22381,0,7.1770974e-06
22382,0,0.00063692953
22383,0,3.863405e-06
22384,0,9.4056037e-07
22385,0,2.0274506e-06
22386,0,2.9561903e-07
22387,0,2.8580262e-05
22388,0,1.6843425e-05
22389,0,6.903242e-06
22390,0,4.9485143e-06
22391,0,1.1189451e-05
22392,0,0.00085678796
22393,0,8.038334e-05
22394,0,3.6203437e-05
22395,0,3.0583064e-06
22396,0,3.3430558e-07
22397,0,5.160603e-05
22398,0,3.0197232e-05
22399,0,0.0006485522
22400,0,5.837343e-05
22401,0,0.00039061226
22402,0,1.3066267e-06
22403,0,2.0005307e-06
22404,0,1.2601541e-06
22405,0,7.4194977e-06
22406,0,4.335741e-06
22407,0,3.9969356e-05
22408,0,5.241161e-06
22409,0,3.676344e-05
22410,0,1.6284397e-06
22411,0,0.0050683427
22412,0,5.325901e-06
22413,0,2.2382387e-06
22414,0,4.2863077e-05
22415,0,0.00029187885
22416,0,8.006296e-05
22417,0,7.840106e-06
22418,0,5.709611e-07
22419,0,1.639785e-07
22420,0,1.0511978e-06
22421,0,8.295938e-07
22422,0,2.0373596e-05
22423,0,0.00030373462
22424,0,6.363633e-06
22425,0,3.1614556e-05
22426,0,0.0009380848
22427,0,1.065551e-05
22428,0,0.00034746304
22429,0,4.5259713e-07
22430,0,1.0344769e-05
22431,0,7.42333e-07
22432,0,3.465425e-06
22433,0,9.428141e-06
22434,0,9.1405396e-05
22435,0,3.6650513e-07
22436,0,3.460398e-05
22437,0,0.0006964788
22438,0,1.7256417e-06
22439,0,4.879793e-06
22440,0,5.7239915e-05
22441,0,2.0553034e-05
22442,0,2.2845463e-05
22443,0,0.00012558946
22444,0,7.373749e-07
22445,0,3.072035e-05
22446,0,7.755095e-06
22447,0,7.476876e-06
22448,0,2.6847589e-05
22449,0,3.318408e-06
22450,0,1.5076271e-06
22451,0,2.9116187e-05
22452,0,8.3696114e-07
22453,0,6.534344e-07
22454,0,1.4473455e-06
22455,0,3.0180129e-06
22456,0,0.00028641848
22457,0,0.0010964731
22458,0,0.00010558249
22459,0,5.5297e-06
22460,0,0.00014073365
22461,0,3.3451809e-06
22462,0,2.1360529e-05
22463,0,2.5596606e-07
22464,0,2.5279704e-07
22465,0,2.7834558e-05
22466,0,1.0456363e-05
22467,0,0.00091978937
22468,0,1.932739e-06
22469,0,2.3084997e-06
22470,0,9.552226e-07
22471,0,1.6906559e-05
22472,0,1.6594033e-08
22473,0,5.8284954e-06
22474,0,1.3934487e-06
22475,0,0.007124737
22476,0,1.8704136e-06
22477,0,0.00037576316
22478,0,8.649088e-07
22479,0,6.034837e-07
22480,0,4.3758346e-06
22481,0,3.3612174e-05
22482,0,4.5248064e-05
22483,0,3.75198e-05
22484,0,0.00035774807
22485,0,7.1048094e-06
22486,0,0.0004581576
22487,0,2.0444709e-06
22488,0,1.3152946e-06
22489,0,4.83999e-07
22490,0,0.0010681313
22491,0,7.0682695e-08
22492,0,0.00053636584
22493,0,0.00257626
22494,0,6.5238355e-06
22495,0,3.278145e-05
22496,0,5.3705593e-05
22497,0,4.192933e-06
22498,0,3.057245e-06
22499,0,1.4750386e-05
22500,0,5.4500305e-07
22501,0,1.2306574e-05
22502,0,2.5573e-05
22503,0,3.074236e-05
22504,0,3.496246e-07
22505,0,2.125523e-05
22506,0,0.0005828192
22507,0,4.105382e-06
22508,0,2.5517335e-05
22509,0,1.9558107e-05
22510,0,0.16856836
22511,0,6.507001e-07
22512,0,4.1344997e-06
22513,0,2.2494025e-06
22514,0,2.656996e-05
22515,0,9.828614e-06
22516,0,1.9171981e-05
22517,0,5.587352e-05
22518,0,5.013813e-05
22519,0,0.0005920065
22520,0,3.7943283e-07
22521,0,0.0002451235
22522,0,1.2537578e-06
22523,0,2.8790817e-05
22524,0,0.00039544737
22525,0,2.111802e-05
22526,0,1.4089752e-05
22527,0,1.0498543e-06
22528,0,0.00013509385
22529,0,0.00014882981
22530,0,8.1900106e-07
22531,0,3.6920912e-05
22532,0,8.6812753e-07
22533,0,5.778121e-07
22534,0,6.0034495e-07
22535,0,4.8658916e-05
22536,0,9.291794e-05
22537,0,7.375631e-06
22538,0,4.9479615e-05
22539,0,1.4689648e-06
22540,0,1.4141619e-05
22541,0,0.00039445603
22542,0,4.0641098e-05
22543,0,1.2023593e-06
22544,0,5.9202222e-05
22545,0,4.6983328e-06
22546,0,9.336808e-05
22547,0,0.00013556589
22548,0,8.183498e-06
22549,0,5.284288e-06
22550,0,2.4785866e-05
22551,0,1.2622229e-06
22552,0,1.7383853e-05
22553,0,0.00014846768
22554,0,2.5548963e-05
22555,0,4.1744283e-06
22556,0,3.937489e-06
22557,0,1.7069807e-06
22558,0,0.00015371153
22559,0,4.721888e-06
22560,0,1.956277e-05
22561,0,4.1980466e-06
22562,0,9.606971e-05
22563,0,2.6860057e-06
22564,0,1.9030433e-06
22565,0,1.8909892e-06
22566,0,0.0026182227
22567,0,6.208287e-05
22568,0,3.9827514e-06
22569,0,1.37723355e-05
22570,0,0.00028792158
22571,0,1.654781e-05
22572,0,1.6330556e-06
22573,0,1.9076533e-06
22574,0,0.00017273206
22575,0,0.00014199277
22576,0,2.3589726e-06
22577,0,0.00017469868
22578,0,0.0001894311
22579,0,8.302085e-06
22580,0,8.880942e-05
22581,0,4.088356e-07
22582,0,0.000107862514
22583,0,8.89905e-05
22584,0,4.0961723e-08
22585,0,6.955991e-05
22586,0,3.848303e-07
22587,0,6.6054145e-06
22588,0,1.3346805e-06
22589,0,0.000110459914
22590,0,1.6844117e-05
22591,0,1.1412306e-05
22592,0,4.931483e-06
22593,0,1.2232601e-06
22594,0,3.8755015e-06
22595,0,0.00035172433
22596,0,5.2669853e-05
22597,0,4.7725333e-08
22598,0,4.9050213e-05
22599,0,7.4049076e-06
22600,0,1.3586522e-06
22601,0,0.00011877823
22602,0,1.6047326e-05
22603,0,4.917414e-07
22604,0,0.0008030335
22605,0,1.1363218e-05
22606,0,2.2712387e-05
22607,0,1.123077e-05
22608,0,3.4675268e-05
22609,0,0.0013214792
22610,0,8.642577e-05
22611,0,3.2037093e-05
22612,0,1.9144695e-06
22613,0,0.00017425466
22614,0,3.876163e-05
22615,0,7.308813e-07
22616,0,4.224426e-08
22617,0,0.0010178307
22618,0,6.4172386e-06
22619,0,1.1268136e-05
22620,0,4.0493805e-06
22621,0,1.3518847e-06
22622,0,3.7689244e-06
22623,0,2.8567492e-06
22624,0,1.8115888e-05
22625,0,2.3027098e-05
22626,0,3.5624808e-07
22627,0,0.000118938384
22628,0,2.0727291e-05
22629,0,5.8091507e-07
22630,0,1.3319009e-06
22631,0,7.708346e-05
22632,0,2.5050967e-05
22633,0,2.5853496e-05
22634,0,0.00018136465
22635,0,0.0012642785
22636,0,6.445507e-06
22637,0,2.7626133e-06
22638,0,6.447343e-08
22639,0,1.5407999e-06
22640,0,4.1284598e-06
22641,0,1.1920213e-05
22642,0,3.7529103e-06
22643,0,1.9158293e-05
22644,0,1.5625762e-06
22645,0,1.8935023e-05
22646,0,1.0239394e-05
22647,0,1.172834e-07
22648,0,2.1731154e-05
22649,0,0.0077281077
22650,0,5.21544e-07
22651,0,1.149724e-05
22652,0,2.2833725e-05
22653,0,9.2903865e-06
22654,0,2.6573203e-05
22655,0,4.5810825e-07
22656,0,2.8729067e-08
22657,0,8.537499e-05
22658,0,0.0003096655
22659,0,2.1039923e-05
22660,0,5.5451634e-05
22661,0,6.050528e-06
22662,0,2.1172575e-06
22663,0,4.2405074e-05
22664,0,0.00018396937
22665,0,0.002926242
22666,0,3.4124891e-06
22667,0,4.3888875e-05
22668,0,7.2890007e-06
22669,0,6.444479e-05
22670,0,0.0011447596
22671,0,1.2049066e-05
22672,0,6.14603e-05
22673,0,8.792577e-06
22674,0,0.00016125462
22675,0,1.4663628e-06
22676,0,7.633397e-05
22677,0,0.00014012572
22678,0,1.4002999e-06
22679,0,1.7321383e-05
22680,0,1.5153825e-05
22681,0,9.559549e-06
22682,0,1.3125626e-07
22683,0,0.0004367174
22684,0,0.00036163608
22685,0,4.0359755e-06
22686,0,0.00082774187
22687,0,2.561595e-06
22688,0,2.2905392e-06
22689,0,0.011538238
22690,0,0.00045307318
22691,0,0.00018964255
22692,0,0.00029589477
22693,0,1.9628813e-05
22694,0,2.8845307e-06
22695,1,0.9998474
22696,0,1.6330667e-05
22697,0,0.00013050124
22698,0,3.1909243e-05
22699,0,4.649596e-06
22700,0,0.00038738712
22701,0,0.00074550166
22702,0,1.9466238e-06
22703,0,0.00017542011
22704,0,2.084387e-06
22705,0,1.1905973e-06
22706,0,0.00012624696
22707,0,0.00022211352
22708,0,4.878883e-05
22709,0,4.314939e-06
22710,0,2.5952011e-05
22711,0,2.6864058e-05
22712,0,5.1030274e-05
22713,0,1.0065316e-06
22714,0,7.933732e-06
22715,0,0.0001047067
22716,0,0.0023381505
22717,0,9.873607e-05
22718,0,0.0004126708
22719,0,3.0395082e-05
22720,0,1.172834e-07
22721,0,1.1693878e-06
22722,0,0.0007860464
22723,0,2.6687001e-05
22724,0,1.1722401e-05
22725,0,2.7433574e-05
22726,0,0.00011776671
22727,0,0.00024712825
22728,0,3.4878598e-05
22729,0,5.19824e-05
22730,0,1.4729554e-05
22731,0,4.3284183e-07
22732,0,0.00016475205
22733,0,3.3465947e-06
22734,0,6.966819e-06
22735,0,0.000111468726
22736,0,5.7046145e-07
22737,0,5.31812e-06
22738,0,3.5985604e-06
22739,0,2.0174723e-05
22740,0,1.026137e-05
22741,0,4.664959e-06
22742,0,7.872697e-06
22743,0,4.816773e-07
22744,0,1.8046881e-05
22745,0,0.00042643404
22746,0,6.645398e-06
22747,0,2.6153726e-05
22748,0,8.375988e-06
22749,0,2.9386774e-05
22750,0,5.332295e-05
22751,0,5.66134e-05
22752,0,3.9972232e-07
22753,0,5.6040776e-06
22754,0,1.076453e-05
22755,0,4.1305756e-07
22756,0,6.6289647e-07
22757,0,1.0172276e-05
22758,0,5.386999e-05
22759,0,0.0049571977
22760,0,0.00023537784
22761,0,0.00049680914
22762,0,4.3521086e-06
22763,0,1.0284903e-05
22764,0,5.1017314e-06
22765,0,0.0022548211
22766,0,7.879721e-06
22767,0,1.7806385e-06
22768,0,2.4321802e-05
22769,0,0.0001522068
22770,0,1.2581052e-05
22771,0,1.8509705e-06
22772,0,8.217799e-06
22773,0,4.6360333e-07
22774,0,2.4604778e-06
22775,0,1.1227922e-06
22776,0,1.9350393e-05
22777,0,3.2289984e-06
22778,0,0.00013881206
22779,0,0.0012956088
22780,0,2.1261454e-05
22781,0,1.3487773e-06
22782,0,3.0956267e-05
22783,0,6.464332e-06
22784,0,0.00011584266
22785,0,2.0220392e-05
22786,0,2.4389554e-05
22787,0,1.3418403e-06
22788,0,4.4837788e-07
22789,0,7.621667e-06
22790,0,0.000865569
22791,0,0.00055862794
22792,0,5.3218037e-06
22793,0,4.875885e-06
22794,0,0.001916916
22795,0,2.4397184e-05
22796,0,1.8776592e-07
22797,0,6.7657334e-06
22798,0,1.3029212e-06
22799,0,0.0028310781
22800,0,3.6940573e-06
22801,0,5.8695327e-06
22802,0,2.878519e-05
22803,0,0.00071120524
22804,0,7.3774487e-07
22805,0,5.2207895e-07
22806,0,5.474103e-06
22807,0,3.920609e-07
22808,0,9.702007e-05
22809,0,8.905158e-06
22810,0,6.9374814e-06
22811,0,0.00030384815
22812,0,3.169089e-07
22813,0,4.9223445e-06
22814,0,5.836313e-05
22815,0,1.747119e-05
22816,0,1.0462277e-07
22817,0,6.2940795e-05
22818,0,0.00014956904
22819,0,1.0665788e-05
22820,0,1.8373461e-07
22821,0,1.2569096e-05
22822,0,2.6681377e-05
22823,0,8.096184e-06
22824,0,3.5484845e-05
22825,0,0.00013505509
22826,0,0.00023085269
22827,0,7.711383e-08
22828,0,2.9568511e-05
22829,0,7.916598e-07
22830,0,3.2782358e-05
22831,0,2.7893948e-05
22832,0,6.7381225e-05
22833,0,5.17913e-05
22834,0,7.1192924e-05
22835,0,0.00079674856
22836,0,3.0271794e-06
22837,0,0.0001872151
22838,0,4.3267896e-06
22839,0,1.1155366e-06
22840,0,4.6593857e-05
22841,0,2.4504202e-06
22842,0,7.020101e-06
22843,0,2.131005e-05
22844,0,3.511919e-07
22845,0,9.270977e-06
22846,0,1.6733088e-06
22847,0,7.120494e-05
22848,0,3.9970462e-05
22849,0,4.6252313e-07
22850,0,0.00017168577
22851,0,5.7143347e-06
22852,0,2.8891448e-06
22853,0,2.5883567e-06
22854,0,1.8510166e-06
22855,0,4.8993356e-06
22856,0,0.0003738364
22857,0,4.9682467e-06
22858,0,3.1137625e-07
22859,0,6.9185194e-07
22860,0,5.46412e-06
22861,0,0.00012840464
22862,0,0.005285564
22863,0,4.8511625e-05
22864,0,6.909255e-06
22865,0,0.00011917769
22866,0,9.577749e-07
22867,0,4.426405e-07
22868,0,2.875407e-07
22869,0,3.5112798e-06
22870,0,3.082161e-06
22871,0,4.0663428e-05
22872,0,3.8445905e-06
22873,0,4.7705275e-06
22874,0,0.000120915574
22875,0,4.7614034e-05
22876,0,0.00039993227
22877,0,8.9311514e-05
22878,0,2.0459422e-05
22879,0,6.206541e-06
22880,0,7.060588e-07
22881,0,3.8799317e-06
22882,0,2.8564373e-05
22883,0,2.0459422e-05
22884,0,5.2694068e-05
22885,0,3.135586e-05
22886,0,0.00051613007
22887,0,0.00023151484
22888,0,1.1771441e-06
22889,0,3.2797475e-06
22890,0,3.7991173e-05
22891,0,8.440513e-05
22892,0,3.438119e-06
22893,0,4.5443016e-06
22894,0,2.7010741e-05
22895,0,5.9511945e-07
22896,0,2.640326e-06
22897,0,5.153266e-06
22898,0,0.00012106313
22899,0,4.3337965e-05
22900,0,4.4720207e-05
22901,0,1.0986841e-05
22902,0,6.3188934e-05
22903,0,6.21775e-06
22904,0,1.5903713e-06
22905,0,0.0027774705
22906,0,0.006802253
22907,0,6.7549074e-05
22908,0,5.0985524e-05
22909,0,0.00023445014
22910,0,5.493013e-06
22911,0,5.283988e-07
22912,0,0.00022130854
22913,0,8.4644225e-06
22914,0,5.5576033e-06
22915,0,4.290835e-05
22916,0,7.467405e-06
22917,0,5.287671e-06
22918,0,3.830458e-05
22919,0,2.688989e-06
22920,0,0.00015733212
22921,0,3.99665e-05
22922,0,1.5866635e-05
22923,0,1.4950617e-06
22924,0,4.6081445e-06
22925,0,1.1724771e-05
22926,0,0.00023684112
22927,0,1.5418671e-05
22928,0,0.00014957602
22929,0,0.00012035594
22930,0,0.0021470462
22931,0,4.314564e-06
22932,0,0.005686241
22933,0,3.6927213e-05
22934,0,0.0011380386
22935,0,0.00010680341
22936,0,1.4926177e-05
22937,0,3.2668225e-07
22938,0,9.042091e-05
22939,0,0.00087096926
22940,0,4.3151354e-05
22941,0,0.0005241315
22942,0,2.3186394e-05
22943,0,1.4785008e-06
22944,0,4.6243007e-05
22945,0,5.0509476e-05
22946,0,3.0880405e-05
22947,0,3.0542542e-05
22948,0,1.6427792e-06
22949,0,0.00029595062
22950,0,1.0249115e-05
22951,0,2.3734954e-07
22952,0,5.9547263e-05
22953,0,1.4563866e-05
22954,0,4.5222998e-05
22955,0,1.7641682e-05
22956,0,1.0525139e-06
22957,0,0.0001380541
22958,0,3.8256683e-05
22959,0,8.006502e-05
22960,0,6.041258e-08
22961,0,5.574478e-06
22962,0,8.1431215e-05
22963,0,1.0121179e-07
22964,0,5.66471e-06
22965,0,1.7756016e-05
22966,0,0.00021738435
22967,0,1.0704628e-06
22968,0,4.009577e-06
22969,0,0.00017222471
22970,0,9.412659e-05
22971,0,6.0323893e-09
22972,0,0.00023886809
22973,0,5.8070225e-05
22974,0,1.4884947e-07
22975,0,8.283834e-07
22976,0,1.1404613e-05
22977,0,3.9443e-05
22978,0,6.154927e-05
22979,0,7.047866e-05
22980,0,9.693314e-06
22981,0,0.00066287746
22982,0,2.260443e-06
22983,0,1.9721995e-06
22984,0,1.3472539e-06
22985,0,8.73406e-05
22986,0,2.5456557e-06
22987,0,3.4671307e-06
22988,0,4.654183e-06
22989,0,8.193602e-06
22990,0,1.5549176e-06
22991,0,1.4989056e-05
22992,0,3.0227254e-06
22993,0,2.4082965e-05
22994,0,1.3489778e-05
22995,0,0.0014868425
22996,0,0.005900406
22997,0,5.7901852e-06
22998,0,1.5602694e-05
22999,0,2.0350102e-07
23000,0,7.636318e-07
23001,0,0.00014897736
23002,0,1.50467295e-05
23003,0,8.8838415e-06
23004,0,1.5500627e-05
23005,0,8.085976e-07
23006,0,0.00030280187
23007,0,8.1732895e-07
23008,0,1.0279148e-06
23009,0,3.4826164e-06
23010,0,5.360418e-05
23011,0,1.3316837e-05
23012,0,1.0357642e-05
23013,0,1.3919664e-06
23014,0,0.0004519601
23015,0,2.787693e-05
23016,0,1.0424512e-05
23017,0,4.8212358e-05
23018,0,2.1862897e-05
23019,0,7.910825e-06
23020,0,1.153025e-06
23021,0,8.0690205e-07
23022,0,5.0998246e-06
23023,0,6.0262482e-05
23024,0,1.9730007e-06
23025,0,7.895366e-07
23026,0,1.14276945e-05
23027,0,6.71216e-08
23028,0,3.3506116e-05
23029,0,3.6376197e-05
23030,0,6.662436e-06
23031,0,0.00046678266
23032,0,6.0873904e-06
23033,0,3.4836992e-06
23034,0,6.3978796e-06
23035,0,5.308361e-06
23036,0,0.00017267097
23037,0,2.035668e-05
23038,0,2.878949e-06
23039,0,2.8581308e-06
23040,0,7.869552e-06
23041,0,8.421523e-06
23042,0,3.1702293e-05
23043,0,2.2129827e-05
23044,0,3.994052e-06
23045,0,9.700389e-06
23046,0,2.2433298e-05
23047,0,2.5654217e-05
23048,0,0.0001638164
23049,0,3.7070693e-06
23050,0,8.933517e-07
23051,0,1.0725918e-05
23052,0,0.00049902464
23053,0,9.077609e-07
23054,0,0.04517913
23055,0,6.5022823e-06
23056,0,1.9256931e-05
23057,0,3.884715e-06
23058,0,2.3630506e-05
23059,0,5.6609986e-07
23060,0,5.529684e-06
23061,0,1.5260867e-06
23062,0,5.311073e-07
23063,0,6.6680155e-07
23064,0,0.0001541041
23065,0,8.611659e-06
23066,0,3.521388e-05
23067,0,2.5944339e-05
23068,0,1.2537538e-05
23069,0,4.2094402e-06
23070,0,6.0565053e-05
23071,0,0.004799666
23072,0,1.6700626e-05
23073,0,2.7837154e-07
23074,0,2.8407656e-05
23075,0,0.00063320895
23076,0,5.443348e-09
23077,0,3.330178e-07
23078,0,8.3198785e-05
23079,0,1.6740618e-05
23080,0,6.0322564e-05
23081,0,1.0126215e-05
23082,0,1.2682923e-06
23083,0,1.0509193e-08
23084,0,5.8276673e-06
23085,0,7.16412e-07
23086,0,4.9855353e-05
23087,0,5.0448546e-07
23088,0,2.4733347e-06
23089,1,0.9996493
23090,0,4.8469265e-05
23091,0,0.00029595062
23092,0,5.0596947e-07
23093,0,4.8659098e-05
23094,0,0.0006345296
23095,0,7.834037e-06
23096,0,0.0008306416
23097,0,0.0009974289
23098,0,2.4232513e-06
23099,0,7.8349785e-06
23100,0,1.438006e-07
23101,0,9.101643e-05
23102,0,1.7620865e-05
23103,0,7.644387e-06
23104,0,5.003962e-06
23105,0,7.560035e-05
23106,0,5.9319626e-07
23107,0,1.09794355e-05
23108,0,0.013273082
23109,0,5.0660924e-07
23110,0,5.4859247e-06
23111,0,1.7300203e-05
23112,0,1.5141328e-06
23113,0,1.3361564e-05
23114,0,9.0687565e-05
23115,0,2.5392561e-05
23116,0,2.8567492e-06
23117,0,5.99242e-05
23118,0,4.2529023e-06
23119,0,0.00020022623
23120,0,1.1360067e-06
23121,0,2.1098763e-06
23122,0,4.107414e-06
23123,0,7.290421e-07
23124,0,3.997032e-06
23125,0,0.00012519084
23126,0,4.6587832e-07
23127,0,9.522035e-06
23128,0,7.850925e-06
23129,0,2.6835534e-05
23130,0,0.00053276576
23131,0,1.6702712e-05
23132,0,0.00044101005
23133,0,1.0645373e-05
23134,0,0.00085597404
23135,0,2.1972196e-06
23136,0,2.1373114e-06
23137,0,2.0083024e-05
23138,0,0.0003790948
23139,0,6.463016e-05
23140,0,1.0568082e-05
23141,0,2.8320803e-05
23142,0,5.1688797e-08
23143,0,1.1472771e-05
23144,0,3.6963763e-06
23145,0,8.350581e-07
23146,0,4.8483425e-06
23147,0,0.0001376398
23148,0,9.403532e-07
23149,0,5.528394e-05
23150,0,4.3687337e-06
23151,0,0.0015835803
23152,0,1.8727819e-06
23153,0,6.3834846e-06
23154,0,3.3656787e-07
23155,0,0.0010138506
23156,0,5.3267416e-07
23157,0,0.0001938012
23158,0,2.8405246e-05
23159,0,0.0003694151
23160,0,6.6236455e-05
23161,0,0.00057751074
23162,0,6.72355e-07
23163,0,0.00028331554
23164,0,1.164685e-05
23165,0,6.413207e-06
23166,0,0.00033533256
23167,0,3.877576e-07
23168,0,5.2274805e-07
23169,0,1.1999746e-05
23170,0,0.00012697521
23171,0,7.3726517e-07
23172,0,7.95721e-05
23173,0,5.665904e-06
23174,0,0.00011219461
23175,0,5.8678816e-06
23176,0,0.0026393346
23177,0,1.6531566e-06
23178,0,1.3009114e-05
23179,0,1.5022083e-05
23180,0,7.32988e-05
23181,0,4.857969e-06
23182,0,1.4485329e-05
23183,0,1.2153077e-06
23184,0,1.8521237e-06
23185,0,7.3771926e-06
23186,0,4.797345e-06
23187,0,1.0711331e-05
23188,0,0.00016692489
23189,0,2.3506327e-05
23190,0,3.6520826e-06
23191,0,5.4796597e-05
23192,0,0.00011492756
23193,0,5.5999053e-06
23194,0,0.00011835607
23195,0,1.0942244e-05
23196,0,2.110439e-05
23197,0,1.104203e-05
23198,0,8.4745545e-07
23199,0,1.5076765e-05
23200,0,5.5115393e-05
23201,0,0.00029699077
23202,0,3.750917e-07
23203,0,8.592086e-06
23204,0,0.0010801217
23205,0,4.1190513e-05
23206,0,4.4654776e-06
23207,0,1.5384755e-06
23208,0,7.718202e-05
23209,0,7.205236e-06
23210,0,4.5803003e-07
23211,0,5.008876e-05
23212,0,3.1910479e-06
23213,0,1.4326364e-06
23214,0,0.0002164359
23215,0,8.433928e-07
23216,0,1.491648e-06
23217,0,6.685028e-07
23218,0,8.655022e-05
23219,0,0.00040884735
23220,0,2.663996e-05
23221,0,1.3236425e-05
23222,0,2.3420449e-05
23223,0,0.00093163643
23224,0,7.917466e-05
23225,0,1.3285975e-06
23226,0,0.00030678135
23227,0,3.1903571e-06
23228,0,3.9737297e-05
23229,0,0.00067513215
23230,0,3.3415155e-08
23231,0,0.00020688296
23232,0,1.453423e-05
23233,0,6.0274915e-06
23234,0,0.0002242461
23235,0,9.170638e-08
23236,0,1.4906462e-05
23237,0,3.02195e-06
23238,0,2.1803269e-06
23239,0,0.00040074153
23240,0,0.00029514616
23241,0,1.4154559e-05
23242,0,9.6947835e-05
23243,0,1.0468447e-05
23244,0,1.1293257e-06
23245,0,2.1049776e-05
23246,0,1.0640663e-05
23247,0,1.3862598e-05
23248,0,0.00015282603
23249,0,1.2727288e-05
23250,0,5.223528e-05
23251,0,1.3350343e-05
23252,0,2.5256135e-05
23253,0,1.6835333e-05
23254,0,0.00046742673
23255,0,0.00011631152
23256,0,1.5658657e-06
23257,0,2.6966056e-06
23258,0,1.4150374e-05
23259,0,7.769056e-06
23260,0,2.6566795e-05
23261,0,5.8969126e-06
23262,0,3.609278e-05
23263,0,0.00020103024
23264,0,0.009561937
23265,0,0.004192339
23266,0,4.5908055e-06
23267,0,6.0182956e-06
23268,0,4.0866485e-07
23269,0,2.5767959e-06
23270,0,5.1732477e-06
23271,0,1.14385735e-07
23272,0,8.7038984e-07
23273,0,3.2613632e-05
23274,0,4.028552e-05
23275,0,4.100811e-06
23276,0,6.707267e-05
23277,0,2.7296308e-05
23278,0,8.710804e-05
23279,0,2.724373e-07
23280,0,2.5691375e-06
23281,0,0.00026654877
23282,0,0.00020281228
23283,0,5.6614153e-06
23284,0,1.024849e-05
23285,0,6.353576e-05
23286,0,2.4814863e-05
23287,0,3.791954e-05
23288,0,2.8726887e-05
23289,0,9.5909425e-05
23290,0,0.000144803
23291,0,2.9092816e-06
23292,0,9.655081e-06
23293,0,2.2251466e-05
23294,0,7.417704e-05
23295,0,2.746133e-07
23296,0,9.700758e-06
23297,0,4.0373245e-05
23298,0,0.00028089626
23299,0,1.4998336e-05
23300,0,5.9189765e-06
23301,0,6.674474e-06
23302,0,1.1828037e-05
23303,0,5.001281e-06
23304,0,9.278055e-07
23305,0,9.765504e-05
23306,0,8.4902e-07
23307,0,6.577545e-05
23308,0,9.055275e-06
23309,0,0.00014838474
23310,0,0.00032354845
23311,0,2.5567902e-05
23312,0,3.6680896e-05
23313,0,1.2003107e-06
23314,0,2.0097794e-05
23315,0,4.2914526e-06
23316,0,5.539813e-06
23317,0,2.9548958e-06
23318,0,1.1270222e-06
23319,0,0.8852056
23320,0,1.5638554e-06
23321,0,1.2929951e-06
23322,0,0.0003413084
23323,0,0.0001725979
23324,0,8.033483e-05
23325,0,0.0002869873
23326,0,4.1264166e-06
23327,0,7.0640963e-06
23328,0,5.7628226e-06
23329,0,3.1135805e-05
23330,0,0.00013953571
23331,0,1.5070692e-07
23332,0,9.980163e-06
23333,0,7.43351e-07
23334,0,5.2811114e-08
23335,0,1.1450203e-06
23336,0,0.00084009086
23337,0,6.4328702e-09
23338,0,0.0013603462
23339,0,4.106418e-05
23340,0,2.6572375e-08
23341,0,1.8297329e-05
23342,0,5.0373535e-05
23343,0,1.0052463e-06
23344,0,1.6746466e-06
23345,0,2.650985e-05
23346,0,8.567798e-05
23347,0,6.1390087e-06
23348,0,3.9078977e-06
23349,0,6.770985e-05
23350,0,2.9411842e-06
23351,0,0.0068754535
23352,0,0.00052391697
23353,0,0.00023757706
23354,0,8.334093e-06
23355,0,6.251734e-05
23356,0,6.503226e-05
23357,0,2.4982594e-06
23358,0,0.00013846808
23359,0,0.00012759615
23360,0,9.010266e-06
23361,0,0.0059151105
23362,0,3.1054584e-05
23363,0,0.0001942378
23364,0,0.0001269625
23365,0,2.3375665e-05
23366,0,6.159886e-06
23367,0,5.1718484e-07
23368,0,5.31882e-06
23369,0,1.540697e-07
23370,0,6.6888715e-05
23371,0,2.0768073e-06
23372,0,3.949404e-05
23373,0,5.520809e-07
23374,0,0.00015244792
23375,0,8.769983e-06
23376,0,0.00030710004
23377,0,0.00038256572
23378,0,7.860926e-07
23379,0,0.00034434546
23380,0,1.362317e-05
23381,0,9.484939e-05
23382,0,5.603189e-07
23383,0,2.1186686e-05
23384,0,1.2855237e-05
23385,0,4.3668566e-05
23386,0,7.05636e-06
23387,0,0.0002904991
23388,0,0.0069178184
23389,0,7.5747764e-08
23390,0,6.309641e-07
23391,0,0.000103672246
23392,0,1.9405741e-05
23393,0,0.00025906437
23394,0,0.00034941162
23395,0,9.881288e-07
23396,0,0.00071371405
23397,0,1.3251163e-06
23398,0,3.9142797e-06
23399,0,5.4798543e-06
23400,0,1.1168193e-05
23401,0,3.1157695e-05
23402,0,0.00017417691
23403,0,5.607968e-07
23404,0,2.9293099e-06
23405,0,2.9243523e-05
23406,0,0.0010644048
23407,0,0.0017195703
23408,0,4.8817057e-08
23409,0,2.1748401e-05
23410,0,5.3130734e-05
23411,0,2.0086113e-06
23412,0,2.7989103e-05
23413,0,1.6904276e-06
23414,0,2.4456173e-07
23415,0,4.962754e-06
23416,0,8.109328e-06
23417,0,3.8203e-06
23418,0,3.4198488e-06
23419,0,5.6262525e-06
23420,0,6.066754e-05
23421,0,3.7445373e-06
23422,0,0.0004142594
23423,0,6.682987e-05
23424,0,3.8622227e-05
23425,0,6.9896494e-05
23426,0,6.1463725e-06
23427,0,1.275085e-06
23428,0,2.1151588e-06
23429,0,4.2452393e-06
23430,0,0.00015112881
23431,0,8.851908e-06
23432,0,4.710213e-05
23433,0,4.1482297e-05
23434,0,1.913461e-05
23435,0,1.07258065e-05
23436,0,2.0989207e-06
23437,0,1.5539007e-06
23438,0,1.879739e-06
23439,0,4.0863e-05
23440,0,5.057798e-06
23441,0,1.7631239e-06
23442,0,2.4995893e-06
23443,0,1.8495784e-05
23444,0,1.7046714e-05
23445,0,0.00013061165
23446,0,8.6573355e-06
23447,0,2.6050995e-05
23448,0,0.000117697564
23449,0,2.4094636e-05
23450,0,1.574582e-05
23451,0,2.8806167e-07
23452,0,3.1324416e-06
23453,0,0.00010085268
23454,0,4.8951133e-06
23455,0,2.7912781e-06
23456,0,1.0527505e-05
23457,0,2.0967474e-05
23458,0,0.00024605473
23459,0,3.0078474e-05
23460,0,0.0005459907
23461,0,4.3788663e-05
23462,0,6.682127e-05
23463,0,2.1951397e-05
23464,0,0.0077634626
23465,0,3.775e-06
23466,0,2.6777675e-06
23467,0,4.391839e-05
23468,0,3.1431007e-06
23469,0,5.3377036e-05
23470,0,6.7605934e-06
23471,0,3.5551202e-05
23472,0,0.00017093193
23473,0,1.839971e-05
23474,0,0.00037322147
23475,0,6.455464e-05
23476,0,2.3192852e-05
23477,0,3.0991865e-05
23478,0,3.5076435e-05
23479,0,5.836313e-05
23480,0,1.4701402e-05
23481,0,3.5911414e-06
23482,0,7.450511e-06
23483,0,0.001575695
23484,0,5.72305e-06
23485,0,0.0017496403
23486,0,1.0463645e-05
23487,0,1.1094425e-06
23488,0,1.52328075e-05
23489,0,0.0001934008
23490,0,4.3999236e-07
23491,0,8.295938e-07
23492,0,1.6662922e-05
23493,0,8.702703e-07
23494,0,1.6098379e-06
23495,0,7.425613e-06
23496,0,4.105382e-06
23497,0,1.049865e-05
23498,0,1.6590096e-06
23499,0,6.3860985e-05
23500,0,9.722449e-06
23501,0,0.0015303136
23502,0,4.367577e-05
23503,0,0.000112224145
23504,0,4.7089097e-06
23505,0,4.4752787e-06
23506,0,0.001313533
23507,0,2.2261016e-05
23508,0,1.9356115e-05
23509,0,4.7491832e-07
23510,0,1.7387747e-06
23511,0,2.1377996e-07
23512,0,0.00011303975
23513,0,2.1422975e-05
23514,0,4.6989207e-05
23515,0,1.8409486e-05
23516,0,1.4108625e-07
23517,0,3.4191705e-06
23518,0,1.7627755e-05
23519,0,1.5873627e-05
23520,0,4.4055223e-06
23521,0,4.740445e-05
23522,0,9.457255e-06
23523,0,2.3704604e-06
23524,0,1.9618315e-05
23525,0,0.011236532
23526,0,1.15103596e-07
23527,0,1.3344616e-06
23528,0,8.723064e-06
23529,0,7.2347475e-06
23530,0,5.1726543e-05
23531,0,4.2747553e-05
23532,0,0.00035318075
23533,0,9.925943e-07
23534,0,4.673744e-07
23535,0,3.0851854e-05
23536,1,0.9999237
23537,0,0.00012583713
23538,0,0.0011821634
23539,0,8.006495e-07
23540,0,0.008380251
23541,0,0.00013383297
23542,0,2.5982494e-05
23543,0,5.001453e-06
23544,0,3.8378912e-05
23545,0,5.5674176e-05
23546,0,9.63634e-05
23547,0,0.00010462336
23548,0,0.00014059966
23549,0,1.6513664e-05
23550,0,1.2056043e-05
23551,0,6.8348722e-06
23552,0,3.4785557e-05
23553,0,3.3367534e-05
23554,0,2.115435e-06
23555,0,5.0447153e-07
23556,0,6.660693e-05
23557,0,3.5668259e-06
23558,0,1.3057809e-06
23559,0,1.4256011e-06
23560,0,1.6130004e-06
23561,0,0.00011668556
23562,0,0.004728872
23563,0,5.010209e-07
23564,0,1.5389526e-06
23565,0,3.7420843e-08
23566,0,0.00059579255
23567,0,1.6938714e-06
23568,0,4.7257536e-06
23569,0,2.6375828e-06
23570,0,1.7696899e-05
23571,0,1.686178e-05
23572,0,0.0004176481
23573,0,0.00019141981
23574,0,3.9457066e-07
23575,0,5.7421537e-05
23576,0,4.6400633e-06
23577,0,0.0002189651
23578,0,3.3006575e-06
23579,0,0.000112591486
23580,0,2.109258e-05
23581,0,3.2453545e-06
23582,0,6.47802e-06
23583,0,2.4739298e-05
23584,0,8.925878e-06
23585,0,2.3108118e-05
23586,0,3.5573143e-05
23587,0,1.9601726e-05
23588,0,0.000264291
23589,0,6.949831e-06
23590,0,0.0005975424
23591,0,9.077003e-06
23592,0,1.12668895e-05
23593,0,3.153733e-06
23594,0,1.0934483e-05
23595,0,2.1492979e-05
23596,0,1.5810241e-06
23597,0,4.6189375e-06
23598,0,9.379732e-05
23599,0,1.32298865e-05
23600,0,3.9260205e-05
23601,0,2.8621247e-07
23602,0,1.877227e-05
23603,0,1.4036508e-05
23604,0,1.5531776e-05
23605,0,1.8331838e-06
23606,0,4.5724428e-05
23607,0,0.00085976446
23608,0,0.000119148615
23609,0,5.9692127e-07
23610,0,3.815412e-05
23611,0,8.156912e-06
23612,0,1.4252341e-06
23613,0,0.011800786
23614,0,1.4156827e-05
23615,0,0.0006510845
23616,0,2.9298208e-05
23617,0,2.5553107e-05
23618,0,4.7598437e-06
23619,0,2.67417e-05
23620,0,0.0001033618
23621,0,5.436335e-05
23622,0,1.7982943e-06
23623,0,9.265171e-07
23624,0,6.771876e-05
23625,0,0.00037719842
23626,0,5.2516978e-05
23627,0,1.0900396e-05
23628,0,1.072015e-05
23629,0,6.2152776e-06
23630,0,0.00016238423
23631,0,9.11794e-05
23632,0,3.3860415e-05
23633,0,0.00015964075
23634,0,5.1029915e-06
23635,0,3.5485114e-05
23636,0,9.233797e-05
23637,0,7.284317e-06
23638,0,5.10125e-06
23639,0,0.002436961
23640,0,1.5691261e-06
23641,0,3.008628e-05
23642,0,9.005413e-06
23643,0,3.1023206e-05
23644,0,4.677673e-06
23645,0,0.00011343485
23646,0,1.1409604e-07
23647,0,1.8399254e-05
23648,0,4.034265e-05
23649,0,4.982921e-05
23650,0,6.966015e-06
23651,0,1.2240934e-05
23652,0,0.00025298313
23653,0,0.0011197153
23654,0,0.00051709276
23655,0,6.161886e-05
23656,0,3.9544615e-05
23657,0,5.1817042e-05
23658,0,2.8032535e-05
23659,0,2.93805e-06
23660,0,3.7098985e-06
23661,0,8.9664036e-07
23662,0,4.212488e-06
23663,0,2.1399853e-06
23664,0,1.1055959e-05
23665,0,2.6824531e-05
23666,0,2.0600264e-06
23667,0,0.00014375495
23668,0,7.998619e-07
23669,0,8.3438885e-05
23670,0,4.2790867e-05
23671,0,1.3786146e-05
23672,0,2.1640342e-05
23673,0,2.9737234e-06
23674,0,0.00035768704
23675,0,0.00011471122
23676,0,9.6131295e-08
23677,0,2.5526924e-05
23678,0,2.255797e-07
23679,0,1.7902308e-05
23680,0,4.816773e-07
23681,0,0.00015083425
23682,0,0.0014318812
23683,0,1.0452658e-06
23684,0,2.4486924e-05
23685,0,4.0773786e-05
23686,0,1.6101266e-06
23687,0,2.1130215e-06
23688,0,0.00014436527
23689,0,1.3866778e-05
23690,0,2.9510424e-05
23691,0,1.4559867e-05
23692,0,0.00060222327
23693,0,9.227341e-06
23694,0,0.00015431216
23695,0,3.0976666e-06
23696,0,0.0011516431
23697,0,1.1058205e-05
23698,0,4.1590265e-06
23699,0,6.3833872e-06
23700,0,5.528273e-05
23701,0,2.858533e-05
23702,0,1.0316073e-06
23703,0,3.123728e-06
23704,0,3.8288495e-06
23705,0,1.9807452e-05
23706,0,0.00033655824
23707,0,2.9948635e-06
23708,0,0.00061809836
23709,0,1.4346927e-05
23710,0,0.00020430246
23711,0,3.5246596e-06
23712,0,1.4073221e-05
23713,0,2.8963866e-06
23714,0,1.7014658e-08
23715,0,5.210536e-06
23716,0,7.785498e-07
23717,0,0.048417147
23718,1,7.338902e-05
23719,0,0.0022583662
23720,0,1.0159605e-05
23721,0,4.970768e-06
23722,0,8.2327364e-07
23723,0,9.9344375e-05
23724,0,0.00021846795
23725,0,2.8450722e-07
23726,0,1.2187986e-07
23727,0,2.293759e-05
23728,0,5.8340956e-06
23729,0,1.9326862e-05
23730,0,2.5969017e-05
23731,0,1.7067454e-05
23732,0,9.949193e-06
23733,0,8.176893e-05
23734,0,1.6854867e-05
23735,0,1.9611186e-06
23736,0,1.0950679e-05
23737,0,6.833549e-06
23738,0,4.7084166e-05
23739,0,6.412907e-06
23740,0,8.633809e-07
23741,0,3.5823017e-05
23742,0,0.0001881514
23743,0,1.0029165e-06
23744,0,3.956962e-08
23745,0,1.1608582e-05
23746,0,6.2583817e-06
23747,0,8.423668e-05
23748,0,1.3665161e-05
23749,0,2.002111e-06
23750,0,0.0014178663
23751,0,3.8523864e-05
23752,0,4.3381422e-07
23753,0,1.6305345e-06
23754,0,2.1944095e-06
23755,0,2.3231303e-07
23756,0,2.7449602e-07
23757,0,9.576092e-05
23758,0,3.5512096e-06
23759,0,4.0597665e-06
23760,0,0.00091614656
23761,0,8.878302e-07
23762,0,5.7202664e-07
23763,0,8.1160506e-05
23764,0,6.5045846e-05
23765,0,0.00023836257
23766,0,1.174813e-05
23767,0,0.0008587218
23768,0,0.00010132569
23769,0,0.00019084828
23770,0,3.0955787e-06
23771,0,1.0833372e-06
23772,0,7.787816e-05
23773,0,3.646056e-05
23774,0,0.026124064
23775,0,5.0311846e-06
23776,0,3.1797578e-07
23777,0,9.187326e-05
23778,0,6.674013e-05
23779,0,1.0816962e-05
23780,0,6.020091e-05
23781,0,8.2386236e-05
23782,0,0.00010589143
23783,0,1.776376e-06
23784,0,6.205967e-06
23785,0,0.000114963295
23786,0,2.6357852e-06
23787,0,1.2516871e-05
23788,0,5.570705e-06
23789,0,0.0011093635
23790,0,7.950069e-07
23791,0,1.1139909e-05
23792,0,2.5467594e-05
23793,0,0.00023667632
23794,0,0.0010755858
23795,0,9.443421e-06
23796,0,0.00014268851
23797,0,2.609085e-05
23798,0,0.00017715564
23799,0,1.0066125e-05
23800,0,0.011837609
23801,0,0.00018878521
23802,0,3.0644026e-06
23803,0,2.0478023e-05
23804,0,5.0019057e-06
23805,0,2.1759977e-06
23806,0,6.1162764e-06
23807,0,0.0005980312
23808,0,1.2977788e-05
23809,0,5.491646e-06
23810,0,3.6324825e-05
23811,0,1.8179855e-05
23812,0,7.055377e-05
23813,0,5.426726e-05
23814,0,0.0005707007
23815,0,1.3356762e-06
23816,0,4.8957405e-05
23817,0,5.628158e-06
23818,0,6.798072e-06
23819,0,4.732482e-05
23820,0,3.417698e-05
23821,0,5.8492324e-06
23822,0,1.0166632e-05
23823,0,0.0025390754
23824,0,3.393768e-05
23825,0,1.234605e-06
23826,0,2.9209857e-06
23827,0,1.0135209e-06
23828,0,5.2770858e-05
23829,0,0.00044858578
23830,0,0.00026205738
23831,0,1.5999773e-05
23832,0,1.7939394e-05
23833,0,0.0005316414
23834,0,1.5853084e-05
23835,0,6.654566e-05
23836,0,1.4666496e-06
23837,0,1.2285902e-06
23838,0,1.5433867e-05
23839,0,3.2252728e-07
23840,0,5.854629e-07
23841,0,1.87288e-05
23842,0,0.00037236584
23843,0,3.730566e-05
23844,0,3.4425124e-05
23845,0,3.0599887e-05
23846,0,2.8434164e-05
23847,0,3.157313e-05
23848,0,2.3161451e-06
23849,0,1.4596e-05
23850,0,6.8662575e-06
23851,0,0.0013129745
23852,0,0.002874665
23853,0,1.5248141e-05
23854,0,5.6112844e-05
23855,0,2.2381234e-06
23856,0,0.042765014
23857,0,0.00018772438
23858,0,7.214375e-07
23859,0,4.9300446e-08
23860,0,1.0764737e-07
23861,0,0.004982485
23862,0,1.7084503e-05
23863,0,0.00037265936
23864,0,0.00030039862
23865,0,3.3016365e-06
23866,0,2.5699092e-07
23867,0,6.872741e-05
23868,0,0.001899201
23869,0,8.0817525e-05
23870,0,1.289309e-05
23871,0,5.6043555e-06
23872,0,6.254751e-05
23873,0,7.327308e-05
23874,0,4.98246e-05
23875,0,2.7847773e-06
23876,0,8.1498496e-05
23877,0,6.0941516e-06
23878,0,0.0010680931
23879,0,4.2737975e-05
23880,0,1.13038905e-05
23881,0,7.602313e-05
23882,0,3.8428457e-06
23883,0,0.00011182154
23884,0,5.3541444e-05
23885,0,0.0005397414
23886,0,4.284474e-07
23887,0,8.129412e-05
23888,0,1.3207134e-05
23889,0,5.468812e-06
23890,0,6.047339e-07
23891,0,0.37668744
23892,0,4.8957405e-05
23893,0,3.0876802e-06
23894,0,1.4905233e-06
23895,0,2.426283e-06
23896,0,7.90921e-05
23897,0,0.0001498624
23898,0,1.9354745e-06
23899,0,3.7821674e-06
23900,0,1.8408258e-05
23901,0,0.000100918
23902,0,1.2375343e-06
23903,0,0.0012805547
23904,0,5.897278e-05
23905,0,1.0316888e-05
23906,0,5.4870866e-06
23907,0,0.0005026353
23908,0,3.324255e-06
23909,0,4.447906e-07
23910,0,3.992726e-05
23911,0,7.0480073e-06
23912,0,0.00012980647
23913,0,3.1363124e-05
23914,0,0.00019318536
23915,0,2.96906e-07
23916,0,1.0901602e-05
23917,0,7.1248123e-06
23918,0,0.00032274067
23919,0,1.0292507e-05
23920,0,1.4745532e-08
23921,0,6.2331205e-06
23922,0,0.00014001873
23923,0,6.6120388e-06
23924,0,5.556268e-06
23925,0,1.2517635e-05
23926,0,0.0004874771
23927,0,9.223844e-08
23928,0,0.00017083075
23929,0,1.3332149e-05
23930,0,1.0724936e-05
23931,0,0.00015439135
23932,0,2.5904583e-05
23933,0,4.429974e-05
23934,0,4.584553e-06
23935,0,2.1347108e-05
23936,0,7.0470055e-06
23937,0,1.5792804e-07
23938,0,1.9151368e-05
23939,0,0.00014862037
23940,0,4.1509127e-05
23941,0,8.167842e-06
23942,0,5.3130785e-05
23943,0,0.00015568474
23944,0,2.1482816e-05
23945,0,0.00014366095
23946,0,0.0036519677
23947,0,3.858033e-06
23948,0,0.0006175337
23949,0,8.7575023e-07
23950,0,1.9859717e-06
23951,0,7.673318e-06
23952,0,0.001507013
23953,0,0.00012887102
23954,0,6.9821243e-07
23955,0,0.0001786477
23956,0,1.6893237e-06
23957,0,2.4713588e-06
23958,0,4.782973e-06
23959,0,1.4507767e-05
23960,0,6.595243e-06
23961,0,1.7693626e-05
23962,0,3.9391467e-05
23963,0,2.234567e-05
23964,0,0.00019274966
23965,0,2.6987514e-06
23966,0,0.0001873126
23967,0,1.4319699e-05
23968,0,0.00076131785
23969,0,3.86135e-05
23970,0,2.5200516e-06
23971,0,9.130004e-06
23972,0,2.7475214e-06
23973,0,2.6619737e-06
23974,0,4.3810583e-06
23975,0,6.976347e-06
23976,0,0.0003611248
23977,0,0.0009100114
23978,0,0.00249522
23979,0,1.232405e-05
23980,0,5.5406414e-08
23981,0,0.0004015459
23982,0,4.7421312e-05
23983,0,5.048464e-07
23984,0,4.860092e-07
23985,0,2.1819824e-05
23986,0,6.158641e-06
23987,0,3.2064694e-05
23988,0,5.5013857e-06
23989,0,3.2480403e-07
23990,0,0.00052485144
23991,0,7.4503546e-06
23992,0,1.3349439e-06
23993,0,0.00011702218
23994,0,1.1415389e-06
23995,0,4.5179764e-05
23996,0,0.0009334494
23997,0,1.0626303e-05
23998,0,9.238612e-06
23999,0,0.00015180025
24000,0,1.431205e-07
24001,0,0.006142035
24002,0,1.5158173e-06
24003,0,2.9373132e-06
24004,0,0.00011117362
24005,0,0.00021200135
24006,0,6.764229e-07
24007,0,4.2558154e-06
24008,0,2.6894639e-05
24009,0,4.0521195e-06
24010,0,4.3766286e-05
24011,0,2.2100116e-06
24012,0,4.3958908e-06
24013,0,0.00041563893
24014,0,1.3746512e-05
24015,0,5.976595e-05
24016,0,7.827217e-05
24017,0,2.013696e-06
24018,0,7.854687e-05
24019,0,2.2112612e-05
24020,0,3.3677883e-05
24021,0,2.3982444e-05
24022,0,5.372768e-06
24023,0,8.101027e-06
24024,0,8.2486355e-07
24025,0,3.4714045e-05
24026,0,0.00029604178
24027,0,2.2382387e-06
24028,0,0.00029245656
24029,0,0.0004114486
24030,0,2.4458848e-05
24031,0,6.964161e-05
24032,0,6.2797636e-07
24033,0,3.967637e-05
24034,0,5.5185837e-06
24035,0,7.644532e-06
24036,0,1.9504666e-06
24037,0,2.3784834e-05
24038,0,6.0496248e-05
24039,0,1.8543774e-07
24040,0,1.2189444e-06
24041,0,0.00024255177
24042,0,1.1625932e-05
24043,0,1.8878305e-06
24044,0,8.0606685e-07
24045,0,0.00013024514
24046,0,4.960888e-05
24047,0,8.5549065e-05
24048,0,6.7724022e-06
24049,0,3.8350036e-06
24050,0,0.00017270028
24051,0,6.096605e-06
24052,0,1.4098637e-05
24053,0,0.00028458604
24054,0,2.8824848e-06
24055,0,3.1867457e-05
24056,0,6.7530473e-06
24057,0,1.887195e-06
24058,0,1.7262212e-06
24059,0,2.100827e-06
24060,0,1.1719277e-06
24061,0,6.2163525e-07
24062,0,1.5981632e-06
24063,0,3.0406447e-05
24064,0,5.0447153e-07
24065,0,6.453876e-08
24066,0,6.6428884e-06
24067,0,8.758047e-05
24068,0,1.2858408e-06
24069,0,1.8367925e-07
24070,0,5.0658076e-07
24071,0,7.806964e-06
24072,0,4.590201e-06
24073,0,5.0217986e-06
24074,0,3.7998274e-05
24075,0,0.001617295
24076,0,1.9227351e-05
24077,0,1.19258075e-05
24078,0,4.0829542e-05
24079,0,3.3935105e-06
24080,0,0.00017988402
24081,0,4.676872e-05
24082,0,3.8968104e-05
24083,0,0.00014847107
24084,0,0.0011351429
24085,0,5.356192e-06
24086,0,9.649365e-06
24087,0,4.837032e-05
24088,0,0.000639922
24089,0,1.244035e-07
24090,0,0.00013796672
24091,0,7.0893507e-06
24092,0,4.967051e-05
24093,0,3.4469733e-06
24094,0,1.783607e-05
24095,0,1.588647e-05
24096,0,3.0054589e-05
24097,0,0.00050074403
24098,0,7.861811e-06
24099,0,1.3609435e-06
24100,0,2.5591141e-06
24101,0,0.00026717415
24102,0,0.0024428824
24103,0,2.1559905e-05
24104,0,2.7898836e-06
24105,0,1.5711066e-05
24106,0,3.7391357e-05
24107,0,6.996575e-06
24108,0,3.624367e-06
24109,0,5.2811114e-08
24110,0,9.298885e-05
24111,0,0.0049732924
24112,0,2.4136152e-06
24113,0,3.992658e-06
24114,0,3.191454e-05
24115,0,1.2614872e-05
24116,0,1.7793006e-06
24117,0,2.718663e-06
24118,0,6.057036e-07
24119,0,0.0011267951
24120,0,1.6529359e-05
24121,0,1.747334e-06
24122,0,0.00022670915
24123,0,3.4025597e-05
24124,0,4.637554e-05
24125,0,6.245366e-09
24126,0,0.0001458552
24127,0,3.9136925e-05
24128,0,2.3425095e-05
24129,0,8.319331e-06
24130,0,2.9146135e-05
24131,0,0.00024163102
24132,0,4.5902354e-07
24133,0,2.7095983e-05
24134,0,2.141797e-05
24135,0,6.074939e-06
24136,0,1.3749795e-06
24137,0,7.3536205e-05
24138,0,3.259124e-07
24139,0,6.457884e-05
24140,0,7.360973e-05
24141,0,4.7330373e-06
24142,0,8.424182e-06
24143,0,0.0002815717
24144,0,2.3698449e-07
24145,0,0.00035093675
24146,0,0.00032710243
24147,0,0.000100848156
24148,0,3.296906e-07
24149,0,3.1397874e-06
24150,0,0.004266101
24151,0,9.838156e-05
24152,0,0.000102954065
24153,0,0.0047810115
24154,0,0.00050799595
24155,0,8.997718e-05
24156,0,1.7298962e-06
24157,0,7.58764e-06
24158,0,4.1995133e-08
24159,0,0.00020854519
24160,0,1.4511088e-05
24161,0,3.499541e-05
24162,0,1.7998591e-06
24163,0,1.9534452e-06
24164,0,2.1635461e-07
24165,0,6.839045e-06
24166,0,0.006863378
24167,0,1.7582424e-05
24168,0,1.1999882e-08
24169,0,5.4175052e-06
24170,0,1.2092349e-05
24171,0,0.28617683
24172,0,3.009162e-07
24173,0,0.0022899169
24174,0,3.5341608e-07
24175,0,9.24019e-06
24176,0,9.702535e-06
24177,0,4.5899877e-05
24178,0,0.0002599385
24179,0,2.3130939e-05
24180,0,3.0106596e-06
24181,0,4.839698e-05
24182,0,9.902187e-05
24183,0,1.1969092e-05
24184,0,8.5414154e-05
24185,0,1.1600924e-05
24186,0,0.00021511281
24187,0,6.983822e-07
24188,0,1.7186616e-06
24189,0,5.9034388e-05
24190,0,2.1620377e-05
24191,0,9.710992e-07
24192,0,1.9799184e-06
24193,0,9.958795e-05
24194,0,7.835771e-06
24195,0,6.135395e-05
24196,0,0.0001634446
24197,0,0.00012720183
24198,0,0.00015613042
24199,0,0.00014553248
24200,0,2.8951059e-05
24201,0,2.233423e-05
24202,0,5.1409013e-05
24203,0,5.611579e-08
24204,0,1.6279711e-05
24205,0,2.0985797e-05
24206,0,4.592308e-05
24207,0,4.975445e-08
24208,0,9.858541e-06
24209,0,9.965103e-05
24210,0,1.1579039e-05
24211,0,2.345419e-06
24212,0,0.00014846725
24213,0,1.0701254e-05
24214,0,0.005024188
24215,0,2.1151538e-05
24216,0,4.1440526e-06
24217,0,5.6372537e-05
24218,0,1.3368231e-06
24219,0,1.5525987e-06
24220,0,9.4244915e-06
24221,0,3.0119894e-05
24222,0,4.484833e-05
24223,0,5.400395e-06
24224,0,5.01102e-06
24225,0,4.860817e-09
24226,0,0.00019030606
24227,0,2.7429346e-06
24228,0,0.00016868283
24229,0,2.733147e-05
24230,0,1.8851673e-05
24231,0,1.8594152e-06
24232,0,0.0004892155
24233,0,0.00031174527
24234,0,1.9348919e-07
24235,0,3.2251086e-05
24236,0,0.00018246313
24237,0,0.00053365726
24238,0,2.5187128e-05
24239,0,1.1902557e-06
24240,0,9.0778685e-06
24241,0,2.3170014e-05
24242,0,2.1161728e-05
24243,0,0.0005489345
24244,0,4.1734174e-06
24245,0,3.6055094e-06
24246,0,4.901275e-06
24247,0,0.0039037757
24248,0,0.00095432566
24249,0,7.625216e-06
24250,0,1.1784324e-06
24251,1,0.99686474
24252,0,1.5034332e-06
24253,0,0.00088020397
24254,0,0.00040731987
24255,0,1.6510171e-06
24256,0,8.213796e-05
24257,0,9.253551e-05
24258,0,2.0753619e-06
24259,0,2.4180617e-06
24260,0,4.3618566e-06
24261,0,1.319769e-06
24262,0,1.2722688e-05
24263,0,4.0981445e-06
24264,0,6.689324e-05
24265,0,0.00018155602
24266,0,1.10152236e-07
24267,0,0.00021102768
24268,0,4.2838693e-07
24269,0,5.070648e-05
24270,0,2.4674614e-06
24271,0,6.43493e-05
24272,0,1.9758363e-05
24273,0,7.566186e-06
24274,0,1.1200148e-05
24275,0,0.000108983135
24276,0,1.2606332e-05
24277,0,1.6370942e-06
24278,0,2.6048588e-06
24279,0,2.302561e-06
24280,0,3.0821622e-07
24281,0,2.4301896e-06
24282,0,3.339813e-06
24283,0,5.97386e-05
24284,0,6.7432206e-06
24285,0,8.535367e-06
24286,0,6.9344455e-06
24287,0,6.7483656e-05
24288,0,1.0299233e-05
24289,0,6.105943e-05
24290,0,6.8953756e-05
24291,0,1.4349022e-06
24292,0,0.00013394047
24293,0,3.0793093e-05
24294,0,3.2934227e-06
24295,0,3.1573403e-05
24296,0,3.915641e-05
24297,0,5.4079683e-05
24298,0,4.8627066e-06
24299,0,5.635022e-06
24300,0,3.7827808e-06
24301,0,4.782836e-06
24302,0,2.1346501e-07
24303,0,4.2778133e-06
24304,0,0.0001801336
24305,0,1.8518394e-05
24306,0,4.0252894e-06
24307,0,3.7544783e-06
24308,0,5.9123363e-06
24309,0,4.8761478e-05
24310,0,1.7916012e-06
24311,0,6.6567496e-05
24312,0,2.1670721e-06
24313,0,0.00020251506
24314,0,8.9489333e-07
24315,0,8.092425e-06
24316,0,7.084417e-06
24317,0,5.056856e-05
24318,0,1.3005268e-05
24319,0,2.8936509e-05
24320,0,2.7770026e-05
24321,0,4.0242656e-07
24322,0,2.1123438e-05
24323,0,0.0002334457
24324,0,0.000214023
24325,0,2.7898836e-06
24326,0,0.00013529624
24327,0,0.00013465683
24328,0,7.0418187e-06
24329,0,3.0705123e-05
24330,0,2.0700703e-05
24331,0,6.844264e-05
24332,0,2.4320945e-05
24333,0,5.599878e-06
24334,0,1.385948e-05
24335,0,4.516417e-05
24336,0,2.17957e-05
24337,0,6.405249e-05
24338,0,4.4599594e-05
24339,0,1.6053322e-06
24340,0,5.982993e-07
24341,0,1.2917321e-05
24342,0,0.0013941142
24343,0,2.0039652e-05
24344,0,1.743118e-05
24345,0,1.8946993e-07
24346,0,2.8778624e-07
24347,0,4.5993245e-05
24348,0,7.677849e-05
24349,0,1.531255e-05
24350,0,7.1901486e-06
24351,0,5.0078097e-06
24352,0,4.590375e-08
24353,0,1.2413e-05
24354,0,2.9747048e-06
24355,0,0.00018126196
24356,0,1.778656e-06
24357,0,0.0007173697
24358,0,9.735206e-06
24359,0,6.438215e-06
24360,0,1.1045387e-06
24361,0,4.0549116e-07
24362,0,6.396864e-08
24363,0,3.5704772e-07
24364,0,0.0041907444
24365,0,1.1046422e-05
24366,0,2.2773549e-05
24367,0,0.00033120599
24368,0,2.904871e-05
24369,0,1.6283204e-05
24370,0,3.1113872e-05
24371,0,2.375842e-06
24372,0,3.9747642e-06
24373,0,0.0003869645
24374,0,0.0017930057
24375,0,1.7081538e-05
24376,0,4.9371534e-05
24377,0,6.226194e-06
24378,0,6.161857e-05
24379,0,6.3216844e-06
24380,0,5.278369e-05
24381,0,0.0002736241
24382,0,7.807298e-07
24383,0,0.0055577387
24384,0,6.9914386e-06
24385,0,6.0358445e-08
24386,0,9.272011e-06
24387,0,1.5190112e-06
24388,0,2.076938e-05
24389,0,1.4066498e-05
24390,0,2.7928843e-05
24391,0,0.0001843193
24392,0,2.1055528e-06
24393,0,6.53775e-06
24394,0,8.8137356e-05
24395,0,4.084442e-06
24396,0,1.0803333e-05
24397,0,6.47802e-06
24398,0,1.17674e-06
24399,0,1.8923849e-05
24400,0,4.41854e-05
24401,0,0.00042233913
24402,0,4.988146e-05
24403,0,0.0008278279
24404,0,0.0001895218
24405,0,2.9943247e-05
24406,0,3.8632137e-05
24407,0,2.992377e-06
24408,0,7.755234e-07
24409,0,1.7373046e-06
24410,0,0.000864965
24411,0,7.001174e-07
24412,0,1.4985097e-05
24413,0,8.850549e-06
24414,0,9.3057287e-07
24415,0,6.1046217e-06
24416,0,7.3297233e-06
24417,0,6.430606e-06
24418,0,0.000111923626
24419,0,5.165487e-05
24420,0,0.00015990355
24421,0,3.3465654e-05
24422,0,0.011456818
24423,0,4.4536358e-07
24424,0,1.4566425e-07
24425,0,1.1231969e-05
24426,0,1.4270145e-06
24427,0,4.0425934e-06
24428,0,0.0002596472
24429,0,0.0057443255
24430,0,5.4960924e-07
24431,0,7.4756105e-07
24432,0,0.00022312983
24433,0,1.205173e-06
24434,0,4.3327273e-06
24435,0,1.1056107e-05
24436,0,3.626521e-06
24437,0,0.013410301
24438,0,4.3623804e-06
24439,0,7.4870644e-05
24440,0,4.2268143e-06
24441,0,8.078622e-06
24442,0,5.139852e-06
24443,0,7.271188e-07
24444,0,7.9320576e-05
24445,0,0.0016639718
24446,0,0.00010700107
24447,0,3.1030095e-06
24448,0,3.1596965e-06
24449,0,5.254526e-08
24450,0,9.127005e-05
24451,0,9.948525e-05
24452,0,2.7936803e-06
24453,0,0.00017840258
24454,0,9.912258e-06
24455,0,0.000423888
24456,0,9.661028e-07
24457,0,3.5046418e-07
24458,0,0.00027925885
24459,0,5.7025426e-07
24460,0,5.719094e-06
24461,0,2.0431007e-06
24462,0,9.640848e-06
24463,0,5.792886e-06
24464,0,0.0013674456
24465,0,5.0577603e-07
24466,0,1.196562e-06
24467,0,1.2895696e-05
24468,0,3.1955854e-06
24469,0,2.154274e-06
24470,0,0.00010063279
24471,0,1.663555e-05
24472,0,1.689162e-05
24473,0,2.573036e-06
24474,0,4.2989646e-05
24475,0,0.002525015
24476,0,2.47201e-05
24477,0,1.1591683e-06
24478,0,0.0006506029
24479,0,0.00035386253
24480,0,8.358019e-06
24481,0,9.871292e-05
24482,0,1.4229486e-05
24483,0,3.353038e-06
24484,0,4.869166e-06
24485,0,0.00014256175
24486,0,5.2154894e-07
24487,0,4.044487e-06
24488,0,3.1931393e-06
24489,0,4.847495e-05
24490,0,7.02199e-07
24491,0,2.3544579e-05
24492,0,1.6678487e-05
24493,0,5.470283e-06
24494,0,1.3241993e-05
24495,0,0.0006299282
24496,0,7.9173157e-07
24497,0,0.0005894632
24498,0,2.1233147e-07
24499,0,9.956131e-06
24500,0,3.4488705e-06
24501,0,4.5758366e-05
24502,0,3.5534016e-05
24503,0,0.0006650365
24504,0,2.1635082e-05
24505,0,1.3203015e-05
24506,0,4.019953e-06
24507,0,9.436439e-05
24508,0,1.2860485e-05
24509,0,8.234352e-06
24510,0,0.00011709563
24511,0,3.0255864e-05
24512,0,0.00025667535
24513,0,1.8808903e-06
24514,0,1.0480033e-05
24515,0,0.00016081303
24516,0,7.114654e-06
24517,0,3.1074705e-07
24518,0,6.8432073e-06
24519,0,1.0932783e-05
24520,0,0.00013399118
24521,0,0.006183562
24522,0,0.00064641674
24523,0,2.6924556e-06
24524,0,6.5512554e-06
24525,0,6.843044e-07
24526,0,0.000954402
24527,0,0.00022169143
24528,0,0.00070199446
24529,0,7.240511e-05
24530,0,8.7181706e-07
24531,0,0.00015120521
24532,0,6.9335792e-06
24533,0,5.965667e-06
24534,0,5.125472e-05
24535,0,9.438099e-06
24536,0,6.861419e-05
24537,0,3.0886735e-05
24538,0,0.0001691604
24539,0,8.78314e-06
24540,0,3.693737e-06
24541,0,3.8193546e-05
24542,0,2.718533e-05
24543,0,5.424874e-05
24544,0,1.2279482e-05
24545,0,2.7200608e-07
24546,0,0.00010837904
24547,0,2.570201e-06
24548,0,3.3422282e-05
24549,0,5.871258e-05
24550,0,8.679652e-05
24551,0,9.949791e-06
24552,0,9.497783e-06
24553,0,3.2106887e-05
24554,0,1.409115e-05
24555,0,5.9362687e-06
24556,0,5.5163924e-05
24557,0,4.0227833e-06
24558,0,7.396286e-07
24559,0,6.8543035e-05
24560,0,5.812127e-06
24561,0,1.070207e-05
24562,0,8.7182286e-07
24563,0,0.00041652328
24564,0,5.0071998e-05
24565,0,2.1378924e-06
24566,0,7.951073e-05
24567,0,2.5280167e-06
24568,0,7.419041e-05
24569,0,3.7812335e-06
24570,0,0.00039391135
24571,0,2.2332633e-05
24572,0,1.1305574e-06
24573,0,5.591371e-05
24574,0,0.0005602425
24575,0,6.668052e-05
24576,0,2.2186912e-06
24577,0,7.9695326e-07
24578,0,0.0004570819
24579,0,7.93691e-06
24580,0,0.000266262
24581,0,0.00011975744
24582,0,5.8437456e-07
24583,0,0.0005608075
24584,0,8.440715e-05
24585,0,6.008294e-06
24586,0,7.3929614e-06
24587,0,1.04664105e-05
24588,0,0.000113200906
24589,0,4.919008e-06
24590,0,4.0289975e-05
24591,0,1.1180373e-05
24592,1,0.99948174
24593,0,2.0064395e-05
24594,0,7.859947e-05
24595,0,8.312946e-06
24596,0,1.9974983e-07
24597,0,3.0493968e-05
24598,0,0.00016774164
24599,0,0.0013064494
24600,0,0.0002972069
24601,0,5.1828624e-06
24602,0,3.0012663e-07
24603,0,1.0952339e-05
24604,0,9.04209e-07
24605,0,3.7700785e-05
24606,0,0.00014840158
24607,0,1.3837412e-05
24608,0,0.00022696891
24609,0,3.115315e-05
24610,0,0.000117960255
24611,0,1.0214612e-05
24612,0,1.3393446e-06
24613,0,0.00024622862
24614,0,1.4700085e-05
24615,0,1.818308e-05
24616,0,2.7617849e-05
24617,0,0.0007170608
24618,0,6.4077963e-06
24619,0,6.4340657e-06
24620,0,2.1493918e-06
24621,0,0.0001396426
24622,0,1.4288325e-05
24623,0,1.724196e-05
24624,0,4.3396398e-05
24625,0,3.4904497e-06
24626,0,4.5243534e-05
24627,0,0.0020943985
24628,0,3.6909655e-06
24629,0,0.00050346367
24630,0,0.000112886366
24631,0,1.6805048e-05
24632,0,1.2782133e-05
24633,0,3.9341185e-06
24634,0,2.4313684e-05
24635,0,1.6654918e-06
24636,0,0.0002723924
24637,0,0.00014399929
24638,0,3.384708e-05
24639,0,5.713903e-08
24640,0,1.505495e-06
24641,0,4.7637746e-05
24642,0,0.00024346812
24643,0,4.9756985e-09
24644,0,0.00019825395
24645,0,9.041503e-06
24646,0,6.064133e-06
24647,0,1.5847496e-06
24648,0,8.865483e-07
24649,0,0.00018605663
24650,0,0.00246859
24651,0,7.8012704e-08
24652,0,8.0902195e-05
24653,0,1.5589621e-05
24654,0,1.8851156e-06
24655,0,7.271188e-07
24656,0,8.273373e-07
24657,0,0.00022325132
24658,0,3.2177613e-07
24659,0,2.3222243e-05
24660,0,5.2298383e-05
24661,0,5.8680216e-06
24662,0,6.370178e-06
24663,0,0.00037023373
24664,0,6.905694e-05
24665,0,3.938394e-06
24666,0,6.0182956e-06
24667,0,4.9416238e-05
24668,0,0.00023299652
24669,0,2.9070075e-06
24670,0,4.8914237e-05
24671,0,2.833277e-05
24672,0,0.0010220215
24673,0,4.671686e-06
24674,0,1.5173795e-06
24675,0,4.2790867e-05
24676,0,0.00011582686
24677,0,1.6838576e-05
24678,0,7.450433e-06
24679,0,8.199544e-06
24680,0,5.963046e-05
24681,0,0.0012862079
24682,0,9.2929406e-07
24683,0,0.00033247174
24684,0,0.00012397638
24685,0,8.27822e-05
24686,0,3.0147308e-05
24687,0,1.1861212e-05
24688,0,4.874653e-06
24689,0,3.3076215e-06
24690,0,0.00023001165
24691,0,7.1935224e-06
24692,0,8.358798e-05
24693,0,0.00025951356
24694,0,0.00037235892
24695,0,6.209835e-07
24696,0,1.5606593e-05
24697,0,0.0008052499
24698,0,6.1262224e-05
24699,0,6.640937e-05
24700,0,1.5811447e-06
24701,0,3.1956205e-07
24702,0,1.4516803e-05
24703,0,5.760071e-05
24704,0,8.2502665e-05
24705,0,0.0006701046
24706,0,3.2190954e-05
24707,0,1.1278941e-05
24708,0,0.00036066998
24709,0,0.004963274
24710,0,2.2651031e-07
24711,0,3.5262667e-06
24712,0,2.9486437e-06
24713,0,3.911946e-05
24714,0,5.5073044e-05
24715,0,8.5793914e-07
24716,0,5.6559367e-07
24717,0,1.7914612e-06
24718,0,6.135097e-05
24719,0,8.7181004e-05
24720,0,1.8353358e-05
24721,0,2.0259187e-05
24722,0,0.000639066
24723,0,2.289351e-05
24724,0,1.7486542e-05
24725,0,5.3608783e-05
24726,0,8.4646e-06
24727,0,3.6246092e-06
24728,0,0.00032930836
24729,0,2.7593129e-05
24730,0,9.083342e-07
24731,0,6.148914e-05
24732,0,1.2116589e-06
24733,0,1.8940747e-05
24734,0,0.0006680943
24735,0,9.239531e-05
24736,0,1.5531776e-05
24737,0,0.0015397796
24738,0,1.4492501e-05
24739,0,1.6474592e-05
24740,0,3.333255e-05
24741,0,9.2417495e-06
24742,0,1.1726605e-05
24743,0,1.8014827e-05
24744,0,3.4781442e-05
24745,0,1.0547266e-06
24746,0,0.0006846641
24747,0,0.00030761136
24748,0,1.5324878e-06
24749,0,6.4340014e-07
24750,0,9.51769e-07
24751,0,7.947485e-06
24752,0,2.3071739e-07
24753,0,1.6525843e-05
24754,0,6.670634e-05
24755,0,1.3223315e-05
24756,0,5.8224846e-06
24757,0,1.770531e-06
24758,0,3.7935526e-05
24759,0,2.4992912e-06
24760,0,8.262056e-06
24761,0,9.973668e-05
24762,0,7.021159e-06
24763,0,6.0891445e-05
24764,0,0.00026770425
24765,0,6.495964e-07
24766,0,0.0025506625
24767,0,0.00012737358
24768,0,3.1828705e-07
24769,0,2.291273e-05
24770,0,0.0005874682
24771,0,0.00032270004
24772,0,0.00014121301
24773,0,0.000114983806
24774,0,9.881224e-06
24775,0,5.220177e-05
24776,0,2.046676e-05
24777,0,3.828723e-05
24778,0,0.00010548468
24779,0,8.654776e-06
24780,0,4.7477784e-05
24781,0,6.7406872e-06
24782,0,3.261161e-05
24783,0,3.7218422e-05
24784,0,5.857276e-06
24785,0,6.4343353e-06
24786,0,4.2345913e-05
24787,0,3.1612244e-06
24788,0,8.06445e-06
24789,0,0.00012531003
24790,0,0.00019395722
24791,0,0.00041226757
24792,0,2.820458e-05
24793,0,6.472376e-06
24794,0,5.339531e-05
24795,0,0.00028309767
24796,0,9.6113414e-05
24797,0,3.6209654e-05
24798,0,0.00011337656
24799,0,0.00047714196
24800,0,2.2219892e-07
24801,0,0.00037731873
24802,0,2.0864044e-07
24803,0,1.0412751e-06
24804,0,4.2388515e-06
24805,0,0.0001057436
24806,0,6.6054145e-06
24807,0,1.6335838e-05
24808,0,2.1169479e-05
24809,0,5.894714e-05
24810,0,4.3853597e-06
24811,0,9.5159885e-06
24812,0,3.82073e-06
24813,0,0.02504551
24814,0,3.82132e-06
24815,0,7.9454085e-06
24816,0,4.10101e-05
24817,0,6.039445e-05
24818,0,2.6416576e-05
24819,0,6.6437947e-06
24820,0,9.703728e-06
24821,0,1.6906703e-05
24822,0,4.097121e-06
24823,0,0.00014162618
24824,0,9.27868e-06
24825,0,4.7996327e-06
24826,0,1.14667e-05
24827,0,0.00049732486
24828,0,0.00012767369
24829,0,8.736865e-07
24830,0,0.00030394347
24831,0,1.1505052e-06
24832,0,4.518062e-08
24833,0,1.4086914e-06
24834,0,3.0481272e-06
24835,0,3.270365e-06
24836,0,7.499133e-05
24837,0,2.5990745e-05
24838,0,1.4882969e-05
24839,0,0.0006783818
24840,0,0.00011884235
24841,0,2.760604e-07
24842,0,4.421941e-07
24843,0,0.00095202756
24844,0,1.5961275e-05
24845,0,8.8426594e-07
24846,0,1.2072057e-05
24847,0,1.2950353e-05
24848,0,1.771772e-05
24849,0,0.0012449714
24850,0,3.7054187e-06
24851,0,2.0634912e-05
24852,0,3.5963712e-06
24853,0,0.00031152836
24854,0,4.44157e-06
24855,0,1.5773298e-06
24856,0,7.983362e-06
24857,0,6.971556e-05
24858,0,2.4119601e-05
24859,0,1.26998375e-05
24860,0,1.4310853e-05
24861,0,2.8220456e-06
24862,0,3.7998577e-06
24863,0,6.1211317e-06
24864,0,2.4901246e-05
24865,0,4.591266e-05
24866,0,0.00022704032
24867,0,0.00020323833
24868,0,6.8183945e-06
24869,0,7.343766e-06
24870,0,8.308289e-07
24871,0,4.2333577e-06
24872,0,1.7995184e-05
24873,0,0.0002496935
24874,0,3.6464344e-06
24875,0,1.2504465e-06
24876,0,3.020161e-05
24877,0,1.3140034e-05
24878,0,1.9775407e-06
24879,0,0.0001268005
24880,0,2.1199176e-05
24881,0,0.00013879777
24882,1,0.8027992
24883,0,0.00042403286
24884,0,5.735964e-05
24885,0,2.716882e-05
24886,0,1.7931749e-05
24887,0,3.9563542e-06
24888,0,3.7390241e-06
24889,0,6.8056543e-06
24890,0,1.3024208e-08
24891,0,1.7748822e-05
24892,0,4.562947e-05
24893,0,0.0001741349
24894,0,0.00049987255
24895,0,2.9884852e-05
24896,0,7.078636e-06
24897,0,3.3747812e-05
24898,0,4.0308864e-06
24899,0,7.4105206e-05
24900,0,5.6519684e-07
24901,0,1.349054e-06
24902,0,8.684454e-05
24903,0,2.4468825e-06
24904,0,1.4580571e-05
24905,0,1.980279e-06
24906,0,3.63731e-07
24907,0,4.597513e-06
24908,0,6.61838e-05
24909,0,4.2705697e-06
24910,0,7.752011e-06
24911,0,2.0945236e-06
24912,0,1.03191815e-05
24913,0,1.4628329e-05
24914,0,5.7195738e-08
24915,0,7.1396394e-06
24916,0,7.259116e-05
24917,0,6.6174136e-05
24918,0,6.3308307e-06
24919,0,6.539207e-05
24920,0,0.00066749734
24921,0,0.00011969967
24922,0,1.381113e-06
24923,0,4.8179995e-06
24924,0,1.0121725e-05
24925,0,0.00013136645
24926,0,1.1194563e-05
24927,0,1.0228258e-05
24928,0,1.4810522e-07
24929,0,2.4803787e-06
24930,0,1.6990687e-05
24931,0,2.8949394e-06
24932,0,0.00010227538
24933,0,3.0792316e-06
24934,0,6.244042e-05
24935,0,5.5312717e-06
24936,0,2.0255747e-07
24937,0,1.397794e-07
24938,0,1.7136061e-06
24939,0,0.0003117334
24940,0,5.13095e-07
24941,0,4.178897e-06
24942,0,1.2223202e-06
24943,0,0.0008193136
24944,0,2.5989977e-05
24945,0,2.3622351e-05
24946,0,5.847057e-07
24947,0,3.9288543e-06
24948,0,8.887299e-06
24949,0,8.4984384e-07
24950,0,1.7733483e-07
24951,0,2.1696187e-07
24952,0,4.3980376e-06
24953,0,2.1298123e-05
24954,0,1.2397253e-05
24955,0,4.8680563e-06
24956,0,0.0002491793
24957,0,0.00016533355
24958,0,3.331116e-06
24959,0,1.887974e-05
24960,0,0.00012231016
24961,0,4.921345e-07
24962,0,8.641547e-06
24963,0,1.1670331e-05
24964,0,3.1088304e-05
24965,0,1.7882941e-05
24966,0,2.4599756e-06
24967,0,0.00013023036
24968,0,3.1309783e-06
24969,0,0.00083725026
24970,0,4.4166113e-06
24971,0,1.1213807e-05
24972,0,9.8540426e-05
24973,0,0.00015350281
24974,0,0.00015601731
24975,0,3.946775e-06
24976,0,0.00018458944
24977,0,9.4110175e-05
24978,0,1.1988133e-06
24979,0,0.0001236885
24980,0,0.00027737752
24981,0,4.3305918e-06
24982,0,4.943199e-07
24983,0,0.00050979655
24984,0,0.0010162978
24985,0,1.0719436e-07
24986,0,2.041656e-05
24987,0,0.00016272523
24988,0,1.6633201e-05
24989,0,4.754652e-05
24990,0,0.00020798184
24991,0,4.370334e-06
24992,0,3.529335e-06
24993,0,1.3462057e-05
24994,0,7.230774e-06
24995,0,2.0377075e-07
24996,0,1.6699812e-05
24997,0,1.5138284e-05
24998,0,3.883993e-06
24999,0,7.0160326e-07
25000,0,1.0829633e-06
25001,0,7.473981e-06
25002,0,1.0491854e-05
25003,0,7.034001e-05
25004,0,4.67239e-06
25005,0,2.6463588e-06
25006,0,2.6957368e-06
25007,0,4.467241e-06
25008,0,5.963785e-05
25009,0,2.271299e-06
25010,0,3.3361903e-06
25011,0,0.00057684013
25012,0,1.415426e-06
25013,0,0.0009200682
25014,0,0.0001082295
25015,0,1.8906645e-06
25016,0,2.7729033e-05
25017,0,2.8717957e-05
25018,0,0.00025704465
25019,0,1.0110321e-05
25020,0,0.000109087
25021,0,1.4946098e-06
25022,0,4.901929e-06
25023,0,3.4886332e-06
25024,0,3.0005243e-08
25025,0,8.930972e-08
25026,0,8.536572e-06
25027,0,2.7306774e-05
25028,0,8.675269e-08
25029,0,5.1575575e-05
25030,0,5.573878e-06
25031,0,0.00022170729
25032,0,0.00012062375
25033,1,0.9994723
25034,0,1.5869804e-06
25035,0,0.00040005808
25036,0,5.653151e-05
25037,0,8.0118485e-07
25038,0,6.305392e-05
25039,0,0.0034911544
25040,0,0.0003034521
25041,0,1.6554063e-06
25042,0,8.03308e-06
25043,0,1.6838623e-05
25044,0,4.687189e-06
25045,0,2.061196e-05
25046,0,0.00014370863
25047,0,0.00030039175
25048,0,2.2366734e-05
25049,0,0.00012508547
25050,0,0.0001974377
25051,0,3.4697107e-06
25052,0,1.7548789e-06
25053,0,0.00011844944
25054,0,0.0004770251
25055,0,3.0271794e-06
25056,0,0.00014291113
25057,0,1.0367257e-05
25058,0,6.9639085e-05
25059,0,1.0891543e-05
25060,0,7.5751245e-06
25061,0,6.4376563e-06
25062,0,9.645998e-06
25063,0,6.076967e-06
25064,0,1.5396748e-06
25065,0,6.389046e-05
25066,0,5.8489044e-05
25067,0,6.871673e-05
25068,0,9.917115e-07
25069,0,4.8654645e-05
25070,0,1.0979727e-06
25071,0,3.1505012e-06
25072,0,0.008220637
25073,0,9.136729e-06
25074,0,2.8867302e-05
25075,0,4.108699e-06
25076,0,4.807622e-06
25077,0,0.0004125235
25078,0,2.6707266e-05
25079,0,8.460593e-07
25080,0,3.93451e-05
25081,0,0.003614773
25082,0,1.712695e-05
25083,0,3.9414676e-06
25084,0,6.997105e-05
25085,0,5.743643e-05
25086,0,1.2534346e-07
25087,0,0.00015402447
25088,0,1.2508699e-06
25089,0,2.5881839e-06
25090,0,3.9136153e-06
25091,0,2.2127788e-06
25092,0,0.0005228808
25093,0,6.996174e-06
25094,0,2.5391108e-05
25095,0,1.1865274e-05
25096,0,0.0001097867
25097,0,4.2198303e-06
25098,0,5.9501153e-06
25099,0,1.3608295e-06
25100,0,1.506496e-06
25101,0,1.1319025e-05
25102,0,7.910614e-06
25103,0,3.504341e-07
25104,0,1.5463835e-05
25105,0,1.07456586e-07
25106,0,2.1217397e-07
25107,0,4.848555e-06
25108,0,0.000121236306
25109,0,3.452174e-05
25110,0,8.598163e-05
25111,0,1.1812015e-06
25112,0,6.3546366e-05
25113,0,0.00015017911
25114,0,2.1330173e-08
25115,0,6.218651e-06
25116,0,9.771305e-06
25117,0,5.612196e-06
25118,0,2.070864e-05
25119,0,0.00015815895
25120,0,0.0013264188
25121,0,7.739756e-06
25122,0,2.5357956e-05
25123,0,1.5711965e-05
25124,0,5.646185e-05
25125,0,3.0012663e-07
25126,0,0.0004307451
25127,0,4.253188e-05
25128,0,1.6435095e-05
25129,0,2.2211236e-06
25130,0,1.3553561e-06
25131,0,1.5046811e-06
25132,0,6.456492e-07
25133,0,1.0180934e-05
25134,0,4.1792522e-05
25135,0,4.581224e-05
25136,0,2.9569723e-05
25137,0,3.1582316e-05
25138,0,4.8977467e-06
25139,0,1.0752351e-05
25140,0,0.00019455771
25141,0,1.0892214e-06
25142,0,1.0948223e-06
25143,0,0.0007305866
25144,0,8.5695615e-07
25145,0,2.5095682e-05
25146,0,2.5165087e-05
25147,0,2.5819323e-05
25148,0,2.768071e-05
25149,0,0.000994693
25150,0,7.2182347e-06
25151,0,5.2425827e-07
25152,0,5.890516e-05
25153,0,9.619e-06
25154,0,9.80016e-06
25155,0,3.4825757e-07
25156,0,1.922174e-05
25157,0,5.7145127e-05
25158,0,3.584321e-05
25159,0,0.0001041568
25160,0,0.00044331056
25161,0,0.00010034665
25162,0,2.0904621e-05
25163,0,4.2709075e-06
25164,0,4.136945e-06
25165,0,6.0723625e-05
25166,0,2.717732e-05
25167,0,1.9675987e-05
25168,0,0.0011038865
25169,0,1.2180194e-05
25170,0,2.5609768e-06
25171,0,1.3636728e-05
25172,0,1.452719e-05
25173,0,7.4913364e-06
25174,0,1.1961878e-06
25175,0,1.0353593e-05
25176,0,0.00023965555
25177,0,3.99995e-07
25178,0,4.195142e-08
25179,0,2.7415615e-06
25180,0,1.172834e-07
25181,0,1.9461133e-06
25182,0,0.00014725601
25183,0,8.193723e-08
25184,0,1.3318513e-06
25185,0,0.00022483207
25186,0,1.5678276e-06
25187,0,1.9414697e-06
25188,0,2.0562504e-05
25189,0,3.658912e-05
25190,0,2.8838933e-05
25191,0,0.0030115386
25192,0,9.56538e-07
25193,0,2.9553457e-05
25194,0,5.6063386e-06
25195,0,0.00060430664
25196,0,2.4098495e-05
25197,0,5.206826e-06
25198,0,2.0910506e-06
25199,0,9.4155473e-07
25200,0,6.531193e-05
25201,0,8.0409745e-07
25202,0,2.9497294e-06
25203,0,1.5303542e-05
25204,0,0.00014160633
25205,0,0.00014691225
25206,0,0.0005685835
25207,0,2.3101817e-05
25208,0,3.6683664e-06
25209,0,6.854912e-06
25210,0,0.00031051724
25211,0,1.4198931e-05
25212,0,6.3588645e-06
25213,0,2.1620765e-06
25214,0,8.853378e-06
25215,0,9.815553e-07
25216,0,7.4810094e-07
25217,0,1.92232e-06
25218,0,8.1970666e-07
25219,0,1.14678705e-05
25220,0,0.00083962985
25221,0,1.655089e-05
25222,0,1.7976661e-05
25223,0,3.3878807e-06
25224,0,1.46363e-06
25225,0,6.1074343e-06
25226,0,1.1640093e-06
25227,0,2.3856595e-05
25228,0,0.0002845337
25229,0,7.089357e-06
25230,0,0.0008675762
25231,0,1.757696e-05
25232,0,6.8793133e-07
25233,0,2.9724404e-05
25234,0,0.00017717996
25235,0,5.293723e-07
25236,0,1.87964e-05
25237,0,3.2240325e-05
25238,0,5.809195e-06
25239,0,4.4717194e-07
25240,0,3.3523218e-06
25241,0,2.3089597e-06
25242,0,5.964739e-06
25243,0,8.6178835e-07
25244,0,2.1154049e-06
25245,0,2.9628306e-06
25246,0,7.5926127e-06
25247,0,1.6196058e-05
25248,0,0.0010190133
25249,0,1.1321392e-06
25250,0,6.283418e-07
25251,0,6.373669e-05
25252,0,1.0366786e-08
25253,0,2.2021842e-07
25254,0,1.8840745e-05
25255,0,2.9473672e-06
25256,0,7.868361e-05
25257,0,0.00020806752
25258,0,8.881174e-06
25259,0,0.000972549
25260,0,7.048586e-07
25261,0,1.0894243e-05
25262,0,0.0001555669
25263,0,3.6253903e-06
25264,0,2.3089597e-06
25265,0,2.0099758e-06
25266,0,2.1720172e-05
25267,0,3.7580496e-06
25268,0,0.00016650681
25269,0,2.7537793e-05
25270,0,1.0487523e-05
25271,0,3.2172288e-06
25272,0,0.00050779915
25273,0,6.384138e-05
25274,0,1.1032618e-05
25275,0,0.0028504
25276,0,3.851658e-06
25277,0,0.00043675513
25278,0,0.00034495478
25279,0,9.856566e-06
25280,0,1.1485721e-05
25281,0,0.01325164
25282,0,4.4518115e-06
25283,0,0.0041659456
25284,0,3.737074e-07
25285,0,1.0511092e-05
25286,0,1.9255094e-07
25287,0,4.9146107e-05
25288,0,1.4844624e-05
25289,0,0.00010173785
25290,0,1.4267845e-05
25291,0,7.391507e-05
25292,0,1.1569397e-06
25293,0,1.5327365e-05
25294,0,2.897705e-07
25295,0,3.3818637e-06
25296,0,3.1220586e-07
25297,0,2.2402996e-06
25298,0,0.00012894304
25299,0,1.1591711e-05
25300,0,2.3092258e-05
25301,0,4.746326e-07
25302,0,1.5141441e-07
25303,0,5.9808823e-05
25304,0,6.4293854e-06
25305,0,2.2738373e-05
25306,0,0.00015624122
25307,0,1.2921224e-06
25308,0,0.00032721067
25309,0,4.1544135e-05
25310,0,1.0473299e-05
25311,0,7.4709744e-05
25312,0,2.4630845e-05
25313,0,0.000285111
25314,0,1.1632332e-05
25315,0,3.7557888e-06
25316,0,5.1470937e-07
25317,0,4.933247e-05
25318,0,4.9651095e-05
25319,0,0.00016476023
25320,0,1.730337e-05
25321,0,2.311564e-06
25322,0,4.252487e-07
25323,0,3.903261e-08
25324,0,0.00017682166
25325,0,6.9456306e-05
25326,0,1.7585847e-06
25327,0,1.3719787e-06
25328,0,2.7623326e-05
25329,0,7.08507e-05
25330,0,2.7450951e-05
25331,0,0.0005110528
25332,0,1.5646681e-05
25333,0,6.887552e-06
25334,0,2.8160828e-06
25335,0,1.2434184e-05
25336,0,0.10586319
25337,0,5.2659516e-06
25338,0,2.354776e-06
25339,0,2.5552608e-06
25340,0,0.001037511
25341,0,5.3518215e-06
25342,0,1.1255045e-06
25343,0,0.0001942478
25344,0,8.180041e-06
25345,0,7.1946756e-06
25346,0,1.1174969e-05
25347,0,1.15967205e-05
25348,0,5.1262883e-05
25349,0,5.273842e-06
25350,0,4.612559e-06
25351,0,1.8345203e-05
25352,0,1.6463144e-05
25353,0,4.5121683e-06
25354,0,3.4687005e-07
25355,0,2.2178936e-06
25356,0,1.974339e-06
25357,0,1.5884667e-05
25358,0,0.016960988
25359,0,4.1795326e-07
25360,0,2.284603e-06
25361,0,1.51172935e-05
25362,0,1.1194243e-06
25363,0,1.4391148e-06
25364,0,0.0014704816
25365,0,9.524965e-05
25366,0,4.8493457e-06
25367,0,0.0012692708
25368,0,3.5581284e-05
25369,0,4.4884695e-05
25370,0,4.9795835e-06
25371,0,0.0012590549
25372,0,0.0002131591
25373,0,1.4977481e-05
25374,0,0.00014125205
25375,0,7.292804e-06
25376,0,7.3112386e-07
25377,0,4.7536105e-06
25378,0,4.533475e-05
25379,0,8.24692e-07
25380,0,0.006203597
25381,0,4.542576e-05
25382,0,2.629571e-06
25383,0,0.0012538162
25384,0,5.244216e-06
25385,0,5.021915e-07
25386,0,3.3884837e-05
25387,0,4.215315e-07
25388,0,1.1864029e-05
25389,0,4.2981205e-06
25390,0,9.5635605e-06
25391,0,2.191858e-06
25392,0,5.2723623e-05
25393,0,4.0554954e-05
25394,0,0.00013149378
25395,0,9.401216e-06
25396,0,1.0975343e-05
25397,0,1.1478911e-05
25398,0,7.656386e-07
25399,0,1.827929e-06
25400,0,6.0009995e-07
25401,0,5.27624e-05
25402,0,3.4927994e-05
25403,0,0.00014951642
25404,0,8.3904325e-08
25405,0,3.3338017e-06
25406,0,3.4339705e-06
25407,0,2.2185452e-06
25408,0,1.3856678e-05
25409,0,1.25693705e-05
25410,0,2.7558453e-06
25411,0,1.23742675e-05
25412,0,3.4183424e-06
25413,0,1.4886304e-05
25414,0,2.4523747e-06
25415,0,1.7968184e-06
25416,0,9.052668e-07
25417,0,3.597646e-05
25418,0,5.5635323e-06
25419,0,6.7610895e-06
25420,0,1.696822e-06
25421,0,7.9850145e-07
25422,0,1.5100061e-05
25423,0,2.6690252e-06
25424,0,0.001612213
25425,0,0.00025130104
25426,0,9.70012e-06
25427,0,0.00087258825
25428,0,6.624365e-06
25429,0,7.478951e-06
25430,0,1.4860268e-06
25431,0,0.033179425
25432,0,0.00056341966
25433,0,8.534813e-06
25434,0,2.84825e-05
25435,0,1.147331e-06
25436,0,0.0005538999
25437,0,4.7840496e-07
25438,0,4.8773036e-06
25439,0,1.0685509e-05
25440,0,1.7646242e-05
25441,0,0.00067303557
25442,0,6.463941e-07
25443,0,1.7833305e-07
25444,0,1.5298682e-06
25445,0,1.9669644e-05
25446,0,3.3706106e-06
25447,0,7.929103e-06
25448,0,3.6252727e-06
25449,0,3.3841465e-05
25450,0,0.000711026
25451,0,7.3468145e-05
25452,0,2.2713166e-06
25453,0,8.154245e-06
25454,0,1.26663335e-05
25455,0,0.02591162
25456,0,4.9490286e-06
25457,0,0.00056496897
25458,0,1.6936494e-05
25459,0,1.4670678e-06
25460,0,1.2556648e-05
25461,0,0.00021613522
25462,0,7.8561185e-05
25463,0,2.8882723e-05
25464,0,2.4224864e-06
25465,0,1.6121567e-05
25466,0,7.938649e-05
25467,0,1.797469e-05
25468,0,1.4069839e-05
25469,0,6.747799e-07
25470,0,8.398777e-06
25471,0,6.237555e-05
25472,0,0.0010693673
25473,0,1.8480127e-06
25474,0,5.5642754e-06
25475,0,9.457241e-07
25476,0,3.4950117e-05
25477,0,0.00018152589
25478,0,3.78465e-06
25479,0,1.8786906e-06
25480,0,9.095312e-06
25481,0,1.2139989e-05
25482,0,0.0008780093
25483,0,4.8455815e-05
25484,0,3.5780168e-08
25485,0,0.00020502174
25486,0,3.9370607e-06
25487,0,1.4189591e-05
25488,0,6.616234e-06
25489,0,3.7331984e-07
25490,0,4.7554786e-07
25491,0,3.1877748e-06
25492,0,1.2907815e-05
25493,0,9.0654714e-05
25494,0,5.2374907e-07
25495,0,1.1430858e-06
25496,0,8.89432e-06
25497,0,3.0572908e-05
25498,0,4.6403762e-05
25499,0,1.1555455e-05
25500,0,7.78541e-06
25501,0,4.9659855e-05
25502,0,3.0623713e-05
25503,0,1.3974477e-06
25504,0,0.00042416708
25505,0,6.3998937e-06
25506,0,4.097895e-06
25507,0,7.0856244e-05
25508,0,2.5228042e-05
25509,0,3.6498195e-06
25510,0,8.825078e-07
25511,0,0.00012437363
25512,0,8.038889e-06
25513,0,4.255237e-05
25514,0,9.365001e-06
25515,0,5.9619987e-07
25516,0,5.0342755e-06
25517,0,1.6633106e-05
25518,0,4.9530654e-06
25519,0,3.3186934e-05
25520,0,6.455602e-06
25521,0,7.2833915e-05
25522,0,0.0004240725
25523,0,0.00013698854
25524,0,9.25294e-06
25525,0,0.00022869479
25526,0,4.8546008e-05
25527,0,0.00018373586
25528,0,1.5886833e-05
25529,0,5.3379736e-05
25530,0,2.7889605e-06
25531,0,1.9484457e-06
25532,0,0.00046667454
25533,0,3.570678e-05
25534,0,0.00013538517
25535,0,3.9129347e-05
25536,0,1.5282001e-05
25537,0,9.2016526e-05
25538,0,5.3590156e-07
25539,0,0.0010103538
25540,0,0.0010030856
25541,0,2.8060272e-06
25542,0,0.00030390057
25543,0,9.36601e-06
25544,0,7.676949e-05
25545,0,2.6664327e-06
25546,0,2.1899127e-06
25547,0,0.00030164298
25548,0,5.575035e-07
25549,0,1.0709278e-05
25550,0,6.032087e-07
25551,0,1.7331477e-07
25552,0,2.1304706e-05
25553,0,4.8613897e-06
25554,0,1.6263015e-05
25555,0,2.8978343e-06
25556,0,4.4139313e-08
25557,0,0.0030492845
25558,0,0.0011815267
25559,0,9.312382e-05
25560,0,1.0837447e-05
25561,0,1.5463777e-06
25562,0,0.00019960443
25563,0,2.3240233e-05
25564,0,1.0614449e-06
25565,0,3.882278e-06
25566,0,4.1650474e-06
25567,0,6.519992e-05
25568,0,0.0003704164
25569,0,1.14954955e-05
25570,0,4.3393917e-05
25571,0,1.9101682e-05
25572,0,8.640278e-06
25573,0,0.00016609959
25574,0,4.6749215e-06
25575,0,0.000313418
25576,0,0.0035179697
25577,0,0.00040758497
25578,0,3.42014e-05
25579,0,1.2071079e-05
25580,0,4.6749083e-06
25581,0,0.00010843528
25582,0,1.2859762e-05
25583,0,1.1825341e-05
25584,0,2.5852387e-05
25585,0,7.046441e-06
25586,0,3.0070842e-06
25587,0,0.00033831148
25588,0,4.1102616e-05
25589,0,0.004868711
25590,0,0.00028395592
25591,0,0.040056083
25592,0,8.831605e-06
25593,0,6.342911e-06
25594,0,7.383006e-06
25595,0,2.9854657e-05
25596,0,7.33132e-05
25597,0,1.612273e-07
25598,0,4.97015e-05
25599,0,2.5897e-05
25600,0,2.3920704e-05
25601,0,0.00051961135
25602,0,2.2669517e-06
25603,0,1.2480898e-05
25604,0,0.00012105551
25605,0,1.5340262e-05
25606,0,2.395136e-05
25607,0,9.524296e-06
25608,0,2.424441e-05
25609,0,6.625477e-06
25610,0,1.4231371e-05
25611,0,3.0562715e-06
25612,0,2.8707662e-05
25613,0,1.7618917e-05
25614,0,7.906374e-05
25615,0,0.005905462
25616,0,0.0004438423
25617,0,0.00023917572
25618,0,0.0017297931
25619,0,0.00043340397
25620,0,7.7685756e-05
25621,0,7.2981397e-06
25622,0,8.222495e-06
25623,0,0.0005935642
25624,0,0.0029494308
25625,0,1.6483613e-05
25626,0,0.002383586
25627,0,2.4800667e-05
25628,0,0.00016416666
25629,0,1.1321899e-06
25630,0,1.2416936e-08
25631,0,8.59529e-06
25632,0,2.031419e-05
25633,0,4.703147e-07
25634,0,2.4790357e-05
25635,0,0.00026890196
25636,0,2.765898e-06
25637,0,0.0010634784
25638,0,9.407227e-07
25639,0,8.539771e-06
25640,0,3.932676e-05
25641,0,1.410178e-06
25642,0,3.4644097e-05
25643,0,2.583346e-05
25644,0,6.098554e-08
25645,0,6.483053e-05
25646,0,0.0022965174
25647,0,4.5060654e-07
25648,0,1.0326112e-05
25649,0,3.1547126e-05
25650,0,3.9747112e-05
25651,0,1.9846084e-06
25652,0,1.845563e-05
25653,0,0.00010605302
25654,0,4.9657788e-06
25655,0,2.301803e-05
25656,0,3.4971654e-05
25657,0,3.4392033e-07
25658,0,2.2139304e-07
25659,0,0.00012385302
25660,0,8.782529e-06
25661,0,1.819687e-05
25662,0,8.115269e-05
25663,0,0.0010750203
25664,0,1.47440005e-05
25665,0,8.664554e-06
25666,0,1.7311111e-05
25667,0,1.549875e-05
25668,0,5.357679e-06
25669,0,3.2965032e-05
25670,0,7.689052e-06
25671,0,1.1860105e-05
25672,0,2.8434815e-05
25673,0,2.6410617e-06
25674,0,5.623136e-06
25675,0,7.425602e-05
25676,0,6.300866e-05
25677,0,6.417434e-05
25678,0,2.0831347e-05
25679,0,4.324554e-06
25680,0,2.6933496e-05
25681,0,2.8908403e-07
25682,0,3.0344518e-06
25683,0,1.0235725e-06
25684,0,1.5599022e-06
25685,0,0.00015588572
25686,0,6.8422282e-06
25687,0,0.00062029046
25688,0,0.00010027806
25689,0,5.060881e-06
25690,0,1.7155182e-05
25691,0,0.00014275314
25692,0,6.3705455e-05
25693,0,6.454937e-06
25694,0,7.0000256e-06
25695,0,0.0051361234
25696,0,8.4575135e-05
25697,0,0.00034937778
25698,0,2.5405773e-06
25699,0,3.298743e-07
25700,0,2.7019396e-06
25701,0,5.6795475e-06
25702,0,1.985091e-05
25703,0,8.550341e-06
25704,0,2.8840136e-06
25705,0,4.6219643e-06
25706,0,4.3133546e-06
25707,0,5.1415776e-05
25708,0,0.00998045
25709,0,3.8052249e-06
25710,0,8.9033904e-07
25711,0,6.423637e-06
25712,0,1.9350893e-05
25713,0,6.3199e-05
25714,0,0.00015500336
25715,0,4.446773e-07
25716,0,3.3903132e-05
25717,0,3.6063364e-05
25718,0,1.9229752e-05
25719,0,3.0897903e-05
25720,0,3.3196898e-06
25721,0,2.9243414e-05
25722,0,1.0650562e-05
25723,0,6.024101e-06
25724,0,9.649535e-05
25725,0,9.96515e-05
25726,0,8.2797504e-07
25727,0,4.0307364e-06
25728,0,0.00035460803
25729,0,0.00013726745
25730,0,8.640382e-07
25731,0,0.00020955555
25732,0,1.0811784e-05
25733,0,1.7252489e-05
25734,0,5.6487256e-06
25735,0,2.9059072e-05
25736,0,1.848427e-05
25737,0,1.8135829e-06
25738,0,6.131839e-05
25739,0,5.6581433e-07
25740,0,1.7019067e-05
25741,0,6.329306e-07
25742,0,0.0019117349
25743,0,1.588225e-06
25744,0,8.552656e-06
25745,0,3.829726e-06
25746,0,1.8401992e-05
25747,0,4.090741e-06
25748,0,4.1505722e-05
25749,0,2.4615526e-06
25750,0,2.3502449e-05
25751,0,0.000115595816
25752,0,3.6807053e-06
25753,0,1.2058227e-05
25754,0,0.00015383514
25755,0,5.1058687e-06
25756,0,9.261116e-05
25757,0,1.4262948e-05
25758,0,9.536966e-06
25759,0,1.9693838e-05
25760,0,2.734415e-06
25761,0,1.2950304e-05
25762,0,2.8439155e-05
25763,0,2.6642247e-05
25764,0,1.5383331e-07
25765,0,0.00028550514
25766,0,2.3089597e-06
25767,0,0.00014380609
25768,0,1.8916415e-05
25769,0,2.3450979e-05
25770,0,1.3259772e-05
25771,0,5.1797724e-05
25772,0,2.3932866e-06
25773,0,0.034185015
25774,0,3.859248e-05
25775,0,0.0001730466
25776,0,1.3870474e-06
25777,0,0.0008017795
25778,0,0.00036510377
25779,0,1.1015672e-05
25780,0,6.1417904e-06
25781,0,1.2199952e-07
25782,0,2.41367e-07
25783,0,4.657147e-05
25784,0,5.2437863e-05
25785,0,9.610738e-06
25786,0,0.00029595062
25787,0,8.49555e-06
25788,0,0.00021858817
25789,0,1.689762e-06
25790,0,4.3458727e-05
25791,0,4.0549152e-05
25792,0,0.0008140866
25793,0,8.1559256e-07
25794,0,1.1045387e-06
25795,0,4.7302485e-05
25796,0,1.5807904e-06
25797,0,5.5078453e-05
25798,0,4.1594398e-05
25799,0,1.5857968e-05
25800,0,7.0191054e-05
25801,0,0.00071683875
25802,0,3.2304768e-05
25803,0,2.5357094e-06
25804,0,7.1422494e-07
25805,0,1.2347473e-05
25806,0,8.876406e-06
25807,0,6.400114e-05
25808,0,1.0453505e-06
25809,0,1.5417127e-06
25810,0,7.0691235e-06
25811,0,0.00029461985
25812,0,1.0929831e-06
25813,0,1.1282945e-06
25814,0,0.00086954056
25815,0,0.004787725
25816,0,0.00013833848
25817,0,0.00010986651
25818,0,3.0024856e-05
25819,0,2.8186565e-05
25820,0,0.00021888912
25821,0,0.00016657922
25822,0,0.00012339493
25823,0,0.0003139129
25824,0,6.270063e-05
25825,0,0.004385394
25826,0,0.0013244477
25827,0,5.9778147e-05
25828,0,9.652586e-06
25829,0,0.00035916196
25830,0,7.4553245e-05
25831,0,1.6960213e-06
25832,0,2.0681879e-05
25833,0,7.0557944e-05
25834,0,5.296394e-07
25835,0,0.00011099779
25836,0,4.032829e-07
25837,0,1.020074e-05
25838,0,7.9488906e-05
25839,0,6.69277e-05
25840,0,7.971488e-05
25841,0,2.5288744e-05
25842,0,0.0002827664
25843,0,1.1557107e-05
25844,0,8.175053e-05
25845,0,0.00040052956
25846,0,2.4599014e-05
25847,0,1.6406328e-05
25848,0,0.0002218959
25849,0,2.7330982e-06
25850,0,4.391994e-05
25851,0,2.9878743e-06
25852,0,9.584907e-06
25853,0,6.420146e-06
25854,0,8.194744e-06
25855,0,4.7103746e-05
25856,0,4.4092323e-07
25857,0,0.000716585
25858,0,4.3200434e-05
25859,0,0.013118524
25860,0,0.011981628
25861,0,3.813435e-06
25862,0,0.00013620598
25863,0,7.0509384e-05
25864,0,0.00018032934
25865,0,3.0386533e-05
25866,0,0.00028396322
25867,0,2.9715702e-05
25868,0,0.00026044555
25869,0,9.149302e-06
25870,0,3.0425945e-06
25871,0,0.000354348
25872,0,4.371452e-05
25873,0,2.6268586e-05
25874,0,2.0269641e-05
25875,0,0.0036959562
25876,0,2.7194408e-06
25877,0,4.0230366e-06
25878,0,3.40503e-05
25879,0,4.051278e-05
25880,1,0.9999535
25881,0,1.9216719e-05
25882,0,1.818497e-05
25883,0,0.00016172983
25884,0,6.146872e-07
25885,0,1.1034302e-05
25886,0,1.4270472e-05
25887,0,5.5152063e-06
25888,0,0.0011322955
25889,0,2.7236865e-05
25890,0,9.992668e-06
25891,0,8.216326e-06
25892,0,6.0374614e-06
25893,0,1.1673231e-06
25894,0,0.00028964537
25895,0,1.7996592e-05
25896,0,1.3180507e-06
25897,0,0.00028434032
25898,0,4.2056604e-06
25899,0,6.73791e-06
25900,0,2.0831347e-05
25901,0,7.7421464e-07
25902,0,2.4154682e-05
25903,0,5.9367194e-05
25904,0,0.00011804847
25905,0,1.5303718e-05
25906,0,2.0014155e-05
25907,0,9.367262e-05
25908,0,2.0909049e-05
25909,0,2.4256306e-06
25910,0,6.1644425e-07
25911,0,0.0005073565
25912,0,4.6519493e-05
25913,0,6.248932e-05
25914,0,1.8656585e-06
25915,0,1.7732917e-08
25916,0,7.066193e-07
25917,0,0.00019439026
25918,0,9.256537e-08
25919,0,0.00016993737
25920,0,2.9724915e-05
25921,0,3.950782e-06
25922,0,6.820958e-05
25923,0,5.8969017e-06
25924,0,3.2100917e-05
25925,0,3.2862205e-05
25926,0,5.2391744e-07
25927,0,1.8003415e-06
25928,0,4.918178e-05
25929,0,4.6399822e-05
25930,0,4.283974e-06
25931,0,2.9611508e-07
25932,0,2.2892682e-06
25933,0,3.2113708e-06
25934,0,8.12584e-06
25935,0,0.0007308588
25936,0,2.2976474e-06
25937,0,1.2949572e-06
25938,0,7.0000256e-06
25939,0,1.6616207e-06
25940,0,1.1370904e-05
25941,0,0.0007686394
25942,0,8.430056e-05
25943,0,0.00020250096
25944,0,2.961546e-07
25945,0,3.2339692e-06
25946,0,3.587448e-06
25947,0,5.9333543e-06
25948,0,4.26427e-06
25949,0,4.8887377e-05
25950,0,2.7672262e-05
25951,0,3.0888652e-05
25952,0,2.4820849e-05
25953,0,1.3502842e-05
25954,0,2.7746783e-05
25955,0,2.1536292e-05
25956,0,4.721145e-06
25957,0,0.000120759105
25958,0,7.6253514e-07
25959,0,2.4483237e-05
25960,0,1.9678575e-05
25961,0,2.5306088e-05
25962,0,1.2095669e-06
25963,0,0.027159687
25964,0,7.94969e-06
25965,0,4.156843e-07
25966,0,0.0002789345
25967,0,5.7318e-07
25968,0,1.1295281e-05
25969,0,0.00276059
25970,0,1.4434926e-05
25971,0,1.64111e-06
25972,0,7.664952e-05
25973,0,4.762477e-07
25974,0,0.00029595062
25975,0,0.00026632854
25976,0,1.2537538e-05
25977,0,2.8286711e-05
25978,0,2.4605148e-07
25979,0,1.9721995e-06
25980,0,0.00010382728
25981,0,6.9630005e-07
25982,0,1.6706795e-06
25983,0,0.000118598175
25984,0,6.162648e-06
25985,0,9.2762764e-07
25986,0,0.00011341019
25987,0,2.1502058e-06
25988,0,1.8043145e-05
25989,0,3.9104463e-05
25990,0,5.0182713e-05
25991,0,2.046611e-06
25992,0,2.0958423e-06
25993,0,2.1854852e-05
25994,0,0.0011877652
25995,0,1.3307329e-05
25996,0,0.00067016046
25997,0,6.6665602e-06
25998,0,6.472246e-06
25999,0,5.6773053e-05
26000,0,8.973323e-05
26001,0,4.3195407e-05
26002,0,6.1188257e-06
26003,0,0.0007794337
26004,0,0.004900664
26005,0,7.0698857e-06
26006,0,4.903468e-07
26007,0,7.3333825e-07
26008,0,4.568762e-06
26009,0,0.00015966267
26010,0,5.118418e-06
26011,0,2.0922032e-05
26012,0,2.2460433e-06
26013,0,9.133531e-06
26014,0,8.24198e-06
26015,0,6.853022e-05
26016,0,0.002544858
26017,0,9.567972e-07
26018,0,0.00021114037
26019,0,4.5054436e-05
26020,0,0.0016162937
26021,0,9.835861e-06
26022,0,2.4668802e-06
26023,0,4.7809337e-08
26024,0,1.1270196e-07
26025,0,1.2073945e-06
26026,0,0.00018319479
26027,0,2.685494e-05
26028,0,8.433047e-05
26029,0,3.8674014e-07
26030,0,1.5720598e-05
26031,0,7.230762e-05
26032,0,1.2272176e-05
26033,0,2.403341e-06
26034,0,4.801743e-06
26035,0,0.0021296863
26036,0,7.563171e-06
26037,0,1.5754762e-06
26038,0,0.00026324307
26039,0,2.0264906e-05
26040,0,5.5626197e-06
26041,0,2.2866236e-05
26042,0,7.539978e-07
26043,0,0.00013225405
26044,0,1.3516834e-05
26045,0,5.237469e-05
26046,0,0.00021886115
26047,0,6.3559664e-06
26048,0,0.00042748757
26049,0,1.6956734e-06
26050,0,0.00033250914
26051,0,3.189703e-06
26052,0,7.0778665e-06
26053,0,1.2569348e-05
26054,0,7.0028924e-05
26055,0,0.00012766298
26056,0,1.4653573e-05
26057,0,3.1508405e-06
26058,0,3.26299e-05
26059,0,1.11305e-05
26060,0,2.3713988e-05
26061,0,1.833016e-06
26062,0,2.8762952e-06
26063,0,2.0651448e-06
26064,0,4.0612347e-05
26065,0,0.03649663
26066,0,4.4927333e-07
26067,0,6.199756e-05
26068,0,3.5036916e-05
26069,0,1.8098943e-07
26070,0,0.00018469825
26071,0,2.0115858e-05
26072,0,1.9425961e-05
26073,0,2.7850356e-05
26074,0,0.0002264089
26075,0,5.6619123e-05
26076,0,7.4999e-06
26077,0,3.7448022e-05
26078,0,1.4341115e-05
26079,0,0.00015500114
26080,0,2.5278543e-05
26081,0,1.83177e-06
26082,0,1.592891e-06
26083,0,2.4576166e-06
26084,0,9.210065e-06
26085,0,0.009123003
26086,0,0.00013761553
26087,0,2.6517246e-06
26088,0,2.688166e-06
26089,0,4.3158566e-06
26090,0,6.3197643e-07
26091,0,1.2098068e-06
26092,0,5.037935e-05
26093,0,5.2669853e-05
26094,0,1.9101682e-05
26095,0,0.00046585943
26096,0,1.2293426e-06
26097,0,5.0663616e-06
26098,0,4.6757305e-05
26099,0,0.0001324858
26100,0,5.595234e-06
26101,0,6.0915772e-06
26102,0,0.00030481085
26103,0,0.00038997954
26104,0,4.7053418e-05
26105,0,3.948982e-05
26106,0,4.6282005e-07
26107,0,3.428225e-05
26108,0,2.682207e-06
26109,0,4.112529e-06
26110,0,6.350505e-05
26111,0,2.1968443e-05
26112,0,5.6178375e-05
26113,0,5.9026734e-05
26114,0,0.000112316746
26115,0,1.2527308e-05
26116,0,1.2216928e-07
26117,0,1.7755914e-05
26118,0,0.0024611626
26119,0,0.0003794379
26120,0,0.00039905804
26121,0,1.01375e-05
26122,0,0.00019445943
26123,0,3.947047e-05
26124,0,2.9741048e-05
26125,0,0.00037630126
26126,0,4.7009726e-06
26127,0,1.1836952e-05
26128,0,8.792963e-06
26129,0,0.00012876648
26130,0,0.00029024496
26131,0,4.852987e-06
26132,0,1.5191026e-05
26133,0,3.7450803e-07
26134,0,3.363321e-05
26135,0,0.00015726402
26136,0,0.0003270669
26137,0,3.9423904e-09
26138,0,7.4081986e-06
26139,0,4.570754e-06
26140,0,2.4112518e-05
26141,0,6.6620654e-05
26142,0,4.4308654e-05
26143,0,6.5158085e-05
26144,0,3.893888e-06
26145,0,8.5755954e-07
26146,0,1.2178324e-05
26147,0,4.598893e-08
26148,0,2.3372231e-05
26149,0,0.000618967
26150,0,0.00022338761
26151,0,3.6051106e-06
26152,0,0.0030703258
26153,0,3.0224313e-05
26154,0,6.7061155e-05
26155,0,0.00012084331
26156,0,3.8928403e-05
26157,0,2.4282495e-05
26158,0,8.0652615e-05
26159,0,0.011164673
26160,0,9.724115e-07
26161,0,3.1347547e-05
26162,0,6.813838e-06
26163,0,0.00029050963
26164,0,2.132918e-05
26165,0,1.1360323e-07
26166,0,4.750914e-06
26167,0,0.00045811615
26168,0,1.0245949e-05
26169,0,0.0020476242
26170,0,4.7309886e-06
26171,0,4.487921e-06
26172,0,1.685797e-05
26173,0,2.2630743e-06
26174,0,9.526536e-05
26175,0,1.7682446e-06
26176,0,8.1409475e-05
26177,0,4.3912928e-07
26178,0,0.00013788689
26179,0,2.7655457e-05
26180,0,0.00014289218
26181,0,3.0974314e-07
26182,0,8.1037484e-08
26183,0,3.414032e-06
26184,0,0.0021023343
26185,0,3.348812e-07
26186,0,1.4405318e-05
26187,0,8.609485e-05
26188,0,6.766429e-07
26189,0,2.6411118e-07
26190,0,0.00012780816
26191,0,9.085073e-05
26192,0,8.112724e-06
26193,0,0.0012274905
26194,0,1.9362315e-06
26195,0,1.6688668e-05
26196,0,0.00041046645
26197,0,7.941241e-06
26198,0,1.3406072e-06
26199,0,1.2103361e-07
26200,0,9.5933945e-05
26201,0,6.0309332e-05
26202,0,5.750422e-05
26203,0,1.6787091e-05
26204,0,5.660594e-07
26205,0,2.0045259e-06
26206,0,7.201885e-07
26207,0,8.613178e-06
26208,0,2.7840072e-06
26209,0,4.693729e-06
26210,0,4.3821623e-05
26211,0,8.8963884e-07
26212,0,9.4456044e-07
26213,0,2.5174114e-07
26214,0,9.552117e-07
26215,0,1.4668604e-05
26216,0,3.3687487e-05
26217,0,2.6631555e-05
26218,0,7.2237854e-06
26219,0,9.2475166e-05
26220,0,1.828426e-06
26221,0,0.00024053735
26222,0,0.00012332248
26223,0,6.567038e-06
26224,0,4.5181707e-05
26225,0,2.1128131e-05
26226,0,1.7794246e-06
26227,0,1.7500872e-05
26228,0,7.393051e-05
26229,0,3.1500956e-06
26230,0,4.152982e-06
26231,0,1.6498649e-05
26232,0,7.818982e-08
26233,0,1.5013863e-05
26234,0,0.0015345906
26235,0,7.891061e-05
26236,0,5.8527867e-06
26237,0,0.00042046956
26238,0,1.5776302e-05
26239,0,0.0013521899
26240,0,1.056118e-07
26241,0,0.004477912
26242,0,0.00031885138
26243,0,1.7239316e-05
26244,0,4.377567e-06
26245,0,1.2068466e-05
26246,0,2.9889031e-06
26247,0,2.6376006e-06
26248,0,3.0988496e-05
26249,0,5.051324e-06
26250,0,7.90998e-06
26251,0,7.736529e-07
26252,0,1.7505079e-05
26253,0,2.0202849e-07
26254,0,4.91951e-06
26255,0,1.22479505e-05
26256,0,9.558728e-06
26257,0,1.5640266e-05
26258,0,3.8913964e-05
26259,0,5.7466783e-05
26260,0,8.5590995e-07
26261,0,9.756229e-06
26262,0,1.720745e-05
26263,0,5.6019885e-06
26264,0,7.277712e-05
26265,0,3.286462e-05
26266,0,0.00021196093
26267,0,1.7669126e-05
26268,0,0.00013117243
26269,0,1.8913895e-06
26270,0,0.0012808107
26271,0,5.248063e-05
26272,0,3.3324316e-06
26273,0,0.0011254412
26274,0,1.1631665e-05
26275,0,1.4226689e-05
26276,0,0.0020940923
26277,0,3.6777747e-05
26278,0,5.4972948e-06
26279,0,1.4761565e-06
26280,0,2.5148393e-06
26281,0,2.0590052e-05
26282,0,5.530391e-06
26283,0,0.0013881795
26284,0,9.4466486e-05
26285,0,0.00010767312
26286,0,1.3528272e-07
26287,0,4.0794905e-05
26288,0,6.4940896e-06
26289,0,4.35321e-05
26290,0,2.3306027e-06
26291,0,9.943415e-07
26292,0,1.037796e-05
26293,0,7.271188e-07
26294,0,2.8285258e-06
26295,0,2.643989e-05
26296,0,1.52272005e-05
26297,0,1.2103228e-05
26298,0,9.103747e-06
26299,0,0.0014751708
26300,0,0.002064019
26301,0,5.3619926e-05
26302,0,7.26704e-06
26303,0,0.00027003314
26304,0,2.275145e-06
26305,0,0.00040768777
26306,0,9.8904756e-08
26307,0,9.071931e-06
26308,0,6.1070095e-06
26309,0,1.1877147e-06
26310,0,3.4569712e-06
26311,0,1.06662455e-07
26312,0,2.1442243e-06
26313,0,5.0193765e-05
26314,0,4.7921365e-08
26315,0,3.936698e-05
26316,0,6.8053955e-06
26317,0,8.9414025e-05
26318,0,4.746167e-05
26319,0,0.00030853538
26320,0,0.00064751983
26321,0,1.2902346e-06
26322,0,1.7810751e-07
26323,0,1.9361871e-06
26324,0,0.0001910278
26325,0,3.971025e-05
26326,0,0.0026202854
26327,0,0.00027665755
26328,0,4.9081273e-06
26329,0,2.4028943e-06
26330,0,3.1992218e-07
26331,0,5.5366985e-05
26332,0,3.627981e-06
26333,0,0.00015983814
26334,0,1.1398558e-05
26335,0,6.530562e-07
26336,0,3.956404e-07
26337,0,4.0686235e-05
26338,0,1.699093e-05
26339,0,5.5861376e-05
26340,0,0.0004741035
26341,0,4.6592145e-06
26342,0,3.5650435e-05
26343,0,7.350345e-06
26344,0,4.501346e-06
26345,0,0.000121000696
26346,0,0.00015285007
26347,0,4.005254e-05
26348,0,5.550961e-06
26349,0,6.0182956e-06
26350,0,2.7494441e-05
26351,0,4.4056484e-05
26352,0,0.0027110286
26353,0,2.6862226e-08
26354,0,1.5171685e-05
26355,0,7.656695e-06
26356,0,1.7575383e-05
26357,0,9.997025e-05
26358,0,5.8209353e-06
26359,0,0.00014029685
26360,0,3.0920157e-05
26361,0,6.2397403e-06
26362,0,9.879565e-07
26363,0,0.00016351817
26364,0,0.0003640677
26365,0,4.098039e-06
26366,0,3.8916974e-06
26367,0,3.3431395e-05
26368,0,6.6093025e-06
26369,0,0.00030785313
26370,0,2.2876924e-05
26371,0,7.0475704e-05
26372,0,4.2955104e-05
26373,0,1.0713855e-05
26374,0,1.4436332e-06
26375,0,2.6040118e-06
26376,0,4.47491e-07
26377,0,0.00010911779
26378,0,1.7561968e-07
26379,0,1.6714823e-05
26380,0,1.7107363e-05
26381,0,0.00029891246
26382,0,7.728941e-07
26383,0,2.4128713e-05
26384,0,1.189863e-06
26385,0,2.1444703e-05
26386,0,1.2623265e-06
26387,0,0.00018939497
26388,0,8.239552e-06
26389,0,7.059455e-09
26390,0,3.3422948e-06
26391,0,2.125591e-06
26392,0,1.1759698e-05
26393,0,1.1330258e-05
26394,0,8.040312e-05
26395,0,4.234609e-06
26396,0,1.3226242e-05
26397,0,8.3815684e-07
26398,0,5.8157453e-05
26399,0,2.9012604e-06
26400,0,1.731423e-05
26401,0,0.00038037432
26402,0,2.249203e-06
26403,0,0.0001613006
26404,0,0.00085265964
26405,0,2.0138488e-05
26406,0,1.0450103e-05
26407,0,1.9560608e-05
26408,0,7.398414e-06
26409,0,3.3778884e-05
26410,0,2.47892e-05
26411,0,1.6497783e-05
26412,0,3.0615185e-05
26413,0,7.223436e-07
26414,0,1.4157435e-05
26415,0,1.9875783e-06
26416,0,8.78314e-06
26417,0,0.00055242045
26418,0,1.7858281e-05
26419,0,0.00062892993
26420,0,1.176091e-05
26421,0,3.444144e-05
26422,0,1.3723451e-06
26423,0,2.2514841e-06
26424,0,3.8805756e-06
26425,0,4.6949143e-08
26426,0,0.0006726637
26427,0,7.736211e-05
26428,0,7.885112e-05
26429,0,0.00010074819
26430,0,2.2206111e-06
26431,0,0.0022373677
26432,0,7.488214e-06
26433,0,0.00015856499
26434,0,0.00016311766
26435,0,1.1315442e-05
26436,0,0.00017379038
26437,0,1.707807e-05
26438,0,1.8956384e-06
26439,0,2.1268238e-06
26440,0,1.8152699e-06
26441,0,3.622927e-05
26442,0,0.00016971359
26443,0,3.0263684e-06
26444,0,1.5175284e-06
26445,0,5.1077404e-05
26446,0,5.61248e-06
26447,0,1.5339589e-05
26448,0,5.062503e-06
26449,0,0.00015944238
26450,0,2.1424283e-05
26451,0,2.2682883e-05
26452,0,6.7863994e-06
26453,0,5.85808e-06
26454,0,8.2588704e-05
26455,0,8.308953e-05
26456,0,2.564325e-06
26457,0,1.2086226e-05
26458,0,8.225281e-07
26459,0,8.577275e-06
26460,0,2.1612395e-06
26461,0,5.8469694e-05
26462,0,0.00014140057
26463,0,1.1669341e-05
26464,0,0.001673138
26465,0,0.0031276036
26466,0,2.046849e-06
26467,0,2.6426578e-05
26468,0,1.4558094e-06
26469,0,6.21039e-06
26470,0,6.061271e-07
26471,0,8.370518e-06
26472,0,7.207634e-06
26473,0,2.9081666e-05
26474,0,1.7669514e-06
26475,0,5.399533e-05
26476,0,2.0300266e-05
26477,0,6.73462e-07
26478,0,0.0005001251
26479,0,4.670147e-05
26480,0,2.4944598e-05
26481,0,0.00029699077
26482,0,1.3859417e-07
26483,0,1.3506796e-05
26484,0,6.773259e-05
26485,0,4.7821018e-06
26486,0,0.018995805
26487,0,7.215099e-05
26488,0,5.726817e-06
26489,0,1.08146605e-05
26490,0,3.0636693e-06
26491,0,9.028303e-06
26492,0,0.004981199
26493,0,7.0000256e-06
26494,0,1.0779374e-05
26495,0,8.236707e-05
26496,0,1.4284482e-05
26497,0,1.255114e-05
26498,0,2.1540853e-05
26499,0,3.5524186e-05
26500,0,5.4904995e-06
26501,0,4.495568e-05
26502,0,3.6506722e-06
26503,0,0.00017922951
26504,0,8.544723e-05
26505,0,3.9361485e-06
26506,0,4.521399e-06
26507,0,1.327931e-06
26508,0,0.00065627496
26509,0,6.7069523e-06
26510,0,7.5960966e-06
26511,0,4.196317e-06
26512,0,8.955218e-05
26513,0,4.590375e-08
26514,0,2.8687677e-07
26515,0,2.385505e-05
26516,0,0.0005408203
26517,0,1.743597e-05
26518,0,8.729822e-05
26519,0,3.5489957e-05
26520,0,1.8681156e-06
26521,0,2.7654232e-06
26522,0,9.294e-05
26523,0,1.5325377e-05
26524,0,1.4205622e-05
26525,0,3.0622555e-06
26526,0,3.5986548e-05
26527,0,3.6136055e-07
26528,0,5.7163546e-05
26529,0,6.1390965e-06
26530,0,5.388747e-06
26531,0,3.4967587e-05
26532,0,0.00018875787
26533,0,5.9642683e-05
26534,0,2.863511e-06
26535,0,4.45882e-05
26536,0,0.00953424
26537,0,1.6961635e-06
26538,0,3.7219227e-06
26539,0,8.057632e-07
26540,0,1.8003415e-06
26541,0,4.3314532e-07
26542,0,1.0664725e-06
26543,0,0.00014286044
26544,0,0.00016611241
26545,0,1.187726e-06
26546,0,2.1482121e-05
26547,0,0.00032376256
26548,0,0.000104994346
26549,0,4.975572e-06
26550,0,1.1018192e-06
26551,0,2.7357131e-05
26552,0,9.168667e-06
26553,0,5.981544e-06
26554,0,4.1568255e-06
26555,0,5.847057e-07
26556,0,4.1524726e-07
26557,0,6.7825164e-07
26558,0,1.004504e-07
26559,0,4.0318014e-06
26560,0,0.00017686331
26561,0,5.7047623e-06
26562,0,0.004433845
26563,0,1.5618847e-05
26564,0,4.8366117e-05
26565,0,0.00086680567
26566,0,1.8230967e-05
26567,0,4.197258e-06
26568,0,1.3972829e-05
26569,0,7.9538455e-07
26570,0,1.3745201e-05
26571,0,0.00016588227
26572,0,5.3294178e-05
26573,0,2.4282936e-05
26574,0,1.0949708e-05
26575,0,3.2577358e-05
26576,0,5.3481276e-06
26577,0,5.484793e-07
26578,0,0.00013773289
26579,0,0.0001316894
26580,0,0.00019899254
26581,0,0.00039881354
26582,0,1.1440136e-05
26583,0,5.320783e-06
26584,0,8.394056e-07
26585,0,0.0002508601
26586,0,2.4991172e-05
26587,0,8.496404e-07
26588,0,1.0553741e-05
26589,0,0.0011380624
26590,0,6.022376e-05
26591,0,2.5961142e-06
26592,0,3.130426e-05
26593,0,7.870184e-08
26594,0,0.0008654984
26595,0,0.00019047779
26596,0,0.0003798402
26597,0,5.013813e-05
26598,0,3.1392065e-06
26599,0,0.00016146756
26600,0,5.120303e-05
26601,0,1.0261517e-05
26602,0,4.334077e-08
26603,0,2.6684e-05
26604,0,1.1939861e-08
26605,0,0.0024719234
26606,0,0.0003012981
26607,0,6.8459417e-06
26608,0,3.074902e-05
26609,0,2.6335758e-05
26610,0,2.4627838e-05
26611,0,4.5458433e-05
26612,0,5.656531e-06
26613,0,0.00018213599
26614,0,0.0001938012
26615,0,0.00014309987
26616,0,0.0005372664
26617,0,1.0371332e-05
26618,0,3.5387582e-06
26619,0,2.557089e-07
26620,0,2.1732354e-05
26621,0,1.5409836e-06
26622,0,0.0006856612
26623,0,3.3372626e-06
26624,0,4.4733715e-06
26625,0,4.783276e-05
26626,0,0.0013401161
26627,0,6.292418e-05
26628,0,0.0005934298
26629,0,7.2154224e-05
26630,0,1.2921203e-05
26631,0,5.536671e-06
26632,0,0.0039626504
26633,0,2.7325614e-06
26634,0,5.954578e-07
26635,0,1.46854e-05
26636,0,0.0028426137
26637,0,9.1847854e-05
26638,0,4.2660778e-07
26639,0,6.288428e-05
26640,0,3.4878598e-05
26641,0,1.9033167e-05
26642,0,9.854241e-05
26643,0,8.93116e-05
26644,0,1.7784673e-08
26645,0,6.6513436e-05
26646,0,8.390771e-06
26647,0,7.734396e-05
26648,0,3.1557788e-06
26649,0,1.770531e-06
26650,0,0.00024144404
26651,0,1.3055892e-06
26652,0,2.4320945e-05
26653,0,8.857752e-06
26654,0,9.268979e-05
26655,0,3.0271794e-06
26656,0,0.00033758077
26657,0,3.2915323e-06
26658,0,6.66211e-05
26659,0,4.2838693e-07
26660,0,3.9581137e-05
26661,0,6.7418828e-06
26662,0,7.918515e-05
26663,0,4.6625595e-05
26664,0,5.9283513e-05
26665,0,9.563679e-06
26666,0,1.1376153e-05
26667,0,6.651743e-05
26668,0,0.0006876267
26669,0,0.00010746633
26670,0,1.1003842e-07
26671,0,1.0219329e-06
26672,0,1.5571006e-06
26673,0,1.214476e-05
26674,0,5.309867e-05
26675,0,1.323546e-07
26676,0,2.4361718e-06
26677,0,8.161902e-07
26678,0,2.1510755e-06
26679,0,2.9620762e-06
26680,0,7.947465e-05
26681,0,0.00028395889
26682,0,6.886761e-05
26683,0,3.278337e-06
26684,0,6.124126e-09
26685,0,0.0039009082
26686,0,1.9235304e-06
26687,0,8.621273e-06
26688,0,1.4270377e-05
26689,0,7.145437e-05
26690,0,0.00014169223
26691,0,2.992417e-06
26692,0,3.8529333e-06
26693,0,1.2179845e-06
26694,0,1.3614058e-06
26695,0,1.278356e-05
26696,0,0.00042766344
26697,0,0.00010207126
26698,0,3.4831264e-05
26699,0,1.1084896e-06
26700,0,4.4228276e-05
26701,0,4.88965e-06
26702,0,2.5788955e-05
26703,0,0.00025663472
26704,0,1.3996782e-05
26705,0,2.6075134e-06
26706,0,0.0003430399
26707,0,4.7145268e-06
26708,0,0.0003692246
26709,0,3.69055e-06
26710,0,1.947218e-06
26711,0,3.372738e-05
26712,0,2.903658e-07
26713,0,5.2072974e-06
26714,0,1.5740629e-06
26715,0,1.3400996e-05
26716,0,1.27501635e-05
26717,0,6.552841e-05
26718,0,6.932442e-06
26719,0,0.00016668027
26720,0,2.056458e-06
26721,0,0.00017135427
26722,0,1.3798814e-05
26723,0,1.5897047e-05
26724,0,3.7190453e-06
26725,0,0.0008052012
26726,0,5.9295585e-06
26727,0,0.0005501387
26728,0,1.399495e-06
26729,0,1.3090029e-05
26730,0,4.53562e-05
26731,0,0.00010216201
26732,0,8.989453e-06
26733,0,1.0364868e-06
26734,0,0.00018202333
26735,0,5.6838708e-05
26736,0,2.7124008e-07
26737,0,9.770673e-05
26738,0,1.9231231e-06
26739,0,2.913524e-05
26740,0,8.933611e-06
26741,0,2.3665283e-05
26742,0,5.2492496e-06
26743,0,1.5529777e-05
26744,0,5.3606277e-06
26745,0,2.8153366e-07
26746,0,1.2161158e-05
26747,0,0.00011039959
26748,0,3.704124e-05
26749,0,1.0939708e-05
26750,0,0.0044676145
26751,0,0.0003472988
26752,0,9.729829e-05
26753,0,2.4424107e-06
26754,0,4.183345e-07
26755,0,0.00021626716
26756,0,2.3984228e-05
26757,0,3.6105277e-05
26758,0,1.2633827e-06
26759,0,9.057218e-06
26760,0,0.00013795003
26761,0,0.0001129849
26762,0,2.2382387e-06
26763,0,0.024894815
26764,0,3.5837678e-07
26765,0,1.740243e-05
26766,0,1.856481e-06
26767,0,0.00012969847
26768,0,0.00021682172
26769,0,4.847316e-06
26770,0,1.043225e-05
26771,0,0.0006276434
26772,0,1.12130265e-05
26773,0,2.3030595e-06
26774,0,1.8654504e-06
26775,0,4.3207098e-07
26776,0,4.6786636e-06
26777,0,5.4139155e-06
26778,0,5.6478584e-06
26779,0,0.00042958034
26780,0,1.5149097e-06
26781,0,1.6468324e-06
26782,0,1.1451095e-05
26783,0,4.8881907e-06
26784,0,0.000118635726
26785,0,2.262723e-05
26786,0,6.6245543e-06
26787,0,2.9812609e-05
26788,0,6.7943637e-07
26789,0,6.395821e-07
26790,0,1.2292863e-06
26791,0,2.0101857e-05
26792,0,0.00017932986
26793,0,5.031487e-06
26794,0,0.0001407323
26795,0,3.458712e-05
26796,0,5.419109e-05
26797,0,9.391809e-07
26798,0,0.0003031939
26799,0,0.0003419963
26800,0,3.2141975e-07
26801,0,6.3905287e-07
26802,0,0.0031732712
26803,0,2.7499777e-06
26804,0,1.7691686e-05
26805,0,3.1192332e-05
26806,0,4.9945003e-05
26807,0,3.8884327e-06
26808,0,0.0016629377
26809,0,1.0919196e-05
26810,0,6.975063e-07
26811,0,0.0033121642
26812,0,5.563845e-06
26813,0,0.0006205785
26814,0,4.3943665e-08
26815,0,2.1794805e-05
26816,0,8.789366e-06
26817,0,4.7021064e-07
26818,0,4.984061e-05
26819,0,4.680645e-06
26820,0,1.4408424e-05
26821,0,6.7885645e-05
26822,0,8.860126e-06
26823,0,5.1732477e-06
26824,0,6.6239922e-06
26825,0,2.7844117e-05
26826,0,1.082529e-05
26827,0,0.008821535
26828,0,1.8923548e-06
26829,0,0.00029059884
26830,0,1.1240243e-06
26831,0,6.752344e-05
26832,0,2.5548843e-05
26833,0,6.362507e-05
26834,0,9.397074e-06
26835,0,3.1983458e-05
26836,0,6.918453e-06
26837,0,3.5384917e-06
26838,0,0.00013217828
26839,0,7.821689e-06
26840,0,7.564261e-05
26841,0,1.1377816e-06
26842,0,8.471064e-07
26843,0,9.968406e-06
26844,0,7.8429366e-05
26845,0,2.4336614e-06
26846,0,0.00024094846
26847,0,7.4362674e-07
26848,0,1.9013392e-05
26849,0,6.190676e-05
26850,0,5.8822927e-05
26851,0,9.0990425e-06
26852,0,2.7303935e-05
26853,0,1.3459644e-05
26854,0,4.62686e-06
26855,0,2.0715257e-05
26856,0,0.00030014096
26857,0,1.6931124e-06
26858,0,2.682737e-05
26859,0,7.712884e-06
26860,0,1.8439552e-07
26861,0,7.130931e-07
26862,0,7.1273876e-06
26863,0,1.8076715e-05
26864,0,0.0010997107
26865,0,0.00031401406
26866,0,8.450228e-06
26867,0,0.00021026045
26868,0,0.00018506526
26869,0,8.8634464e-05
26870,0,6.467878e-06
26871,0,2.5805612e-05
26872,0,7.181745e-05
26873,0,4.1869675e-06
26874,0,7.2078495e-07
26875,0,0.0006462627
26876,0,9.2967434e-07
26877,0,2.6687857e-07
26878,0,0.000118749354
26879,0,5.973944e-06
26880,0,3.3462784e-05
26881,0,0.011769953
26882,0,0.00010123771
26883,0,1.7367829e-05
26884,0,1.1009527e-05
26885,0,2.252492e-05
26886,0,9.376181e-06
26887,0,0.0016122207
26888,0,1.1431911e-07
26889,0,3.8125293e-06
26890,0,0.0002179393
26891,0,4.2505402e-05
26892,0,1.6380734e-06
26893,0,3.007681e-05
26894,0,4.1027783e-05
26895,0,9.658738e-06
26896,0,1.1857073e-05
26897,0,1.4862147e-05
26898,0,1.8714463e-05
26899,0,9.99998e-06
26900,0,5.059297e-05
26901,0,6.587589e-05
26902,0,8.125848e-06
26903,0,0.00021692946
26904,0,2.6541381e-06
26905,0,7.5936623e-06
26906,0,1.7740246e-06
26907,0,1.9178802e-05
26908,0,3.2760858e-05
26909,0,2.9447936e-06
26910,0,4.127979e-06
26911,0,3.162137e-05
26912,0,2.8443357e-05
26913,0,7.349854e-06
26914,0,2.385025e-05
26915,0,0.00026799337
26916,0,0.00010325817
26917,0,4.4493816e-05
26918,0,0.000100249956
26919,0,1.8189523e-06
26920,0,1.4769304e-05
26921,0,5.062593e-05
26922,0,9.31581e-05
26923,0,1.1747783e-05
26924,0,6.9067123e-06
26925,0,1.2039475e-05
26926,0,0.00017493505
26927,0,5.5200036e-07
26928,0,1.5444999e-05
26929,0,6.9663874e-06
26930,0,0.00029912486
26931,0,0.0019777091
26932,0,1.5699354e-05
26933,0,4.8658144e-06
26934,0,7.898929e-06
26935,0,8.721782e-06
26936,0,3.6928235e-05
26937,0,1.4345311e-07
26938,0,3.6914198e-06
26939,0,2.8356399e-06
26940,0,1.5365651e-05
26941,0,5.770985e-05
26942,0,8.622713e-05
26943,0,3.9128117e-05
26944,0,1.4442996e-05
26945,0,1.310392e-05
26946,0,1.9962381e-05
26947,0,2.284017e-05
26948,0,0.00013936604
26949,0,2.9741288e-06
26950,0,2.8134467e-05
26951,0,0.00010292412
26952,0,0.00077077124
26953,0,9.248813e-05
26954,0,2.821023e-05
26955,0,8.5688676e-05
26956,0,0.00012182117
26957,0,0.00013477785
26958,0,0.0005087112
26959,0,0.00021299333
26960,0,2.8472969e-05
26961,0,8.753695e-07
26962,0,3.090683e-05
26963,0,0.00014710976
26964,0,8.908339e-05
26965,0,3.3735873e-07
26966,0,0.00021592347
26967,0,3.1040158e-06
26968,0,7.9909034e-05
26969,0,9.889663e-06
26970,0,1.1616223e-05
26971,0,3.5412704e-05
26972,0,1.857099e-06
26973,0,4.7846106e-07
26974,0,9.10749e-06
26975,0,4.0495786e-07
26976,0,0.00015124558
26977,0,1.7717116e-06
26978,0,2.1761637e-06
26979,0,1.3659856e-05
26980,0,3.673751e-06
26981,0,0.00010972318
26982,0,0.00019235181
26983,0,9.924242e-06
26984,0,5.650618e-05
26985,0,0.00054185896
26986,0,0.00012862621
26987,0,3.1578197e-06
26988,0,4.592215e-06
26989,0,8.3248786e-05
26990,0,7.174848e-07
26991,0,1.4866739e-05
26992,0,5.1222225e-05
26993,0,4.546378e-06
26994,0,9.3024283e-07
26995,0,1.3876839e-06
26996,0,0.00015810768
26997,0,0.00070372457
26998,0,1.511233e-06
26999,0,2.7516373e-05
27000,0,0.00027762595
27001,0,0.0011988214
27002,0,9.179086e-05
27003,0,2.5771575e-05
27004,0,0.00035217244
27005,0,1.8108608e-06
27006,0,8.6394875e-06
27007,0,5.2265164e-06
27008,0,6.9591164e-07
27009,0,1.0722068e-06
27010,0,4.2001444e-05
27011,0,4.8631887e-06
27012,0,5.2280033e-05
27013,0,6.413207e-06
27014,0,4.782517e-06
27015,0,0.0004467131
27016,0,1.4298752e-05
27017,0,1.9807283e-05
27018,0,1.4879838e-06
27019,0,6.717777e-06
27020,0,0.00041203108
27021,0,0.0021354682
27022,0,2.6292125e-06
27023,0,6.009056e-06
27024,0,0.000116559124
27025,0,7.707347e-06
27026,0,1.7633136e-05
27027,0,7.2930125e-06
27028,0,4.2594615e-06
27029,0,4.02379e-07
27030,0,1.1597599e-06
27031,0,3.0019874e-05
27032,0,5.4106196e-05
27033,0,0.00010359112
27034,0,8.6804226e-07
27035,0,8.430837e-06
27036,0,1.3068514e-05
27037,0,1.3615105e-05
27038,0,4.299855e-05
27039,0,1.9317183e-06
27040,0,4.2346755e-07
27041,0,0.0005715668
27042,0,7.264573e-05
27043,0,5.8379082e-06
27044,0,5.789197e-06
27045,0,1.980341e-05
27046,0,4.3997705e-05
27047,0,2.4000104e-07
27048,0,2.532121e-06
27049,0,3.5672165e-05
27050,0,3.6641813e-06
27051,0,4.2978786e-06
27052,0,3.654553e-05
27053,0,2.7000258e-05
27054,0,2.1312583e-06
27055,0,4.2430133e-06
27056,0,1.2146358e-05
27057,0,2.6500498e-05
27058,0,3.7475097e-06
27059,0,9.421639e-05
27060,0,2.3613973e-05
27061,0,2.5944732e-06
27062,0,0.00015245867
27063,0,0.00038991933
27064,0,6.676905e-07
27065,0,9.661387e-07
27066,0,4.4246198e-07
27067,0,7.256742e-05
27068,0,1.407337e-05
27069,0,3.2402377e-07
27070,0,0.00029303238
27071,0,9.521296e-05
27072,0,7.920138e-05
27073,0,5.0480203e-06
27074,0,3.0341537e-06
27075,0,3.9652537e-06
27076,0,9.681429e-07
27077,0,3.598641e-05
27078,0,0.00047399936
27079,0,6.367272e-05
27080,0,1.8649364e-06
27081,0,2.7059752e-05
27082,0,1.8376335e-05
27083,0,5.708017e-06
27084,0,6.5453983e-06
27085,0,9.9839135e-06
27086,0,9.0232454e-05
27087,0,2.0710577e-05
27088,0,0.00020744215
27089,0,6.7555516e-07
27090,0,1.8266433e-05
27091,0,6.413207e-06
27092,0,1.5596714e-05
27093,0,0.00016168095
27094,0,0.00017402187
27095,0,2.710521e-06
27096,0,0.0015248924
27097,0,3.6211863e-05
27098,0,1.4274392e-05
27099,0,2.0330139e-05
27100,0,1.983897e-06
27101,0,2.4866006e-06
27102,0,6.5086766e-07
27103,0,0.00017360505
27104,0,2.9668134e-05
27105,0,5.9614067e-06
27106,0,2.0713302e-05
27107,0,0.001252715
27108,0,0.0015941482
27109,0,1.1254293e-05
27110,0,1.0477066e-05
27111,0,9.2531365e-05
27112,0,0.0008734688
27113,0,3.1309783e-06
27114,0,2.0437481e-05
27115,0,3.9549745e-05
27116,0,3.2274285e-05
27117,0,0.00029157015
27118,0,3.908079e-05
27119,0,4.519622e-07
27120,0,0.000153769
27121,0,0.0003196738
27122,0,2.4733347e-06
27123,0,7.226776e-06
27124,0,2.7108283e-05
27125,0,3.6899623e-06
27126,0,1.5175284e-06
27127,0,3.377052e-06
27128,0,2.4948429e-06
27129,0,5.9111862e-06
27130,0,0.00011430808
27131,0,1.3700223e-07
27132,0,1.7417606e-05
27133,0,1.6336367e-05
27134,0,6.0216025e-06
27135,0,9.837248e-07
27136,0,5.465359e-07
27137,0,4.197886e-05
27138,0,3.4678712e-06
27139,0,2.623409e-05
27140,0,2.9315677e-05
27141,0,0.00027128623
27142,0,0.0005213485
27143,0,3.3486492e-07
27144,0,3.377685e-05
27145,0,1.422731e-07
27146,0,0.0002634741
27147,0,1.7072789e-07
27148,0,3.3868135e-05
27149,0,0.00018333214
27150,0,1.4595056e-06
27151,0,7.5232e-07
27152,0,1.0209442e-06
27153,0,1.2509221e-05
27154,0,1.5383536e-07
27155,0,4.5764023e-06
27156,0,5.237254e-06
27157,0,2.9335644e-05
27158,0,3.946775e-06
27159,0,1.5187996e-06
27160,0,4.85777e-06
27161,0,0.033654492
27162,0,4.8867012e-05
27163,0,6.679242e-07
27164,0,6.0872335e-06
27165,0,2.4436451e-07
27166,0,1.4398163e-05
27167,0,0.0031105636
27168,0,0.00021532006
27169,0,9.30654e-05
27170,0,1.8834979e-05
27171,0,5.836313e-05
27172,0,0.0012371253
27173,0,0.00061567576
27174,0,3.726594e-05
27175,0,1.0573334e-05
27176,0,1.970887e-06
27177,0,9.906746e-07
27178,0,1.2272833e-06
27179,0,1.8697036e-06
27180,0,2.9094093e-05
27181,0,3.7278598e-05
27182,0,1.3228083e-06
27183,0,0.0001327544
27184,0,5.2705986e-06
27185,0,0.0001295898
27186,0,0.00023016325
27187,0,2.6958935e-06
27188,0,4.4228276e-05
27189,0,3.3291474e-06
27190,0,1.2312703e-05
27191,0,0.00013467328
27192,0,0.00022812746
27193,0,2.647391e-06
27194,0,5.412191e-06
27195,0,8.4122064e-07
27196,0,0.00343008
27197,0,4.9220962e-05
27198,0,3.9946113e-05
27199,0,3.4882356e-05
27200,0,5.251791e-07
27201,0,2.0144307e-05
27202,0,9.081661e-07
27203,0,4.0130417e-05
27204,0,2.5644888e-06
27205,0,3.3053132e-06
27206,0,0.00039136907
27207,0,1.2937072e-05
27208,0,2.5972484e-05
27209,0,2.824334e-05
27210,0,1.3457502e-06
27211,0,3.5106234e-06
27212,0,2.0499945e-05
27213,0,2.9961861e-06
27214,0,9.277628e-06
27215,0,7.351547e-08
27216,0,1.2590186e-05
27217,0,0.00012336716
27218,0,5.402625e-06
27219,0,5.6571847e-05
27220,0,1.0447741e-05
27221,0,2.0577098e-05
27222,0,2.3413204e-06
27223,0,7.351547e-08
27224,0,4.7945512e-05
27225,0,8.167986e-05
27226,0,3.0407025e-05
27227,0,2.2563981e-06
27228,0,2.5715723e-05
27229,0,2.8571187e-05
27230,0,6.158614e-05
27231,0,2.235605e-05
27232,0,2.5461657e-06
27233,0,7.635024e-06
27234,0,4.263027e-05
27235,0,5.3952676e-06
27236,0,2.8288036e-06
27237,0,7.796821e-07
27238,0,0.0004076285
27239,0,1.1355083e-05
27240,0,6.685473e-05
27241,0,3.6528283e-05
27242,0,3.3256724e-06
27243,0,4.3284515e-05
27244,0,8.4869935e-05
27245,0,1.1768392e-05
27246,0,7.3550573e-06
27247,0,2.7578237e-05
27248,0,5.1305045e-07
27249,0,1.7189752e-05
27250,0,1.7402514e-05
27251,0,3.8141553e-07
27252,0,0.00021394262
27253,0,4.24776e-05
27254,0,5.5876335e-08
27255,0,2.0860472e-05
27256,0,2.3188525e-06
27257,0,0.0033146744
27258,0,3.957169e-06
27259,0,6.1946615e-05
27260,0,8.5666534e-07
27261,0,2.0094114e-05
27262,0,3.8816562e-08
27263,0,5.7676778e-05
27264,0,2.0258067e-05
27265,0,9.4526246e-07
27266,0,7.762287e-06
27267,0,1.6361002e-05
27268,0,8.5199725e-05
27269,0,3.3291474e-06
27270,0,9.997065e-08
27271,0,2.5646062e-07
27272,0,5.5606893e-06
27273,0,7.324925e-05
27274,0,4.831458e-05
27275,0,4.8801744e-06
27276,0,3.7265256e-06
27277,0,6.6646153e-06
27278,0,9.1876675e-05
27279,0,0.00015560295
27280,0,6.6255907e-06
27281,0,2.386208e-05
27282,0,3.3534568e-06
27283,0,0.00010478111
27284,0,1.6345171e-05
27285,0,2.5081637e-05
27286,0,2.0470561e-06
27287,0,6.8099675e-05
27288,0,0.00020871486
27289,0,1.9060076e-06
27290,0,0.00014600604
27291,0,1.0096245e-06
27292,0,3.5833e-07
27293,0,1.6357693e-05
27294,0,3.6349109e-06
27295,0,0.0001619329
27296,0,1.5243994e-06
27297,0,6.6068054e-07
27298,0,3.0856136e-06
27299,0,1.3262466e-05
27300,0,5.3290614e-06
27301,0,1.2611865e-05
27302,0,2.846529e-06
27303,0,4.605083e-05
27304,0,0.00010660276
27305,0,2.9382794e-05
27306,0,3.7362697e-05
27307,0,1.3422202e-05
27308,0,5.2378236e-05
27309,0,9.745318e-05
27310,0,5.8134406e-06
27311,0,7.878916e-07
27312,0,8.426399e-06
27313,0,9.3848585e-06
27314,0,9.672225e-05
27315,0,1.1172283e-05
27316,0,2.6312939e-05
27317,0,9.002527e-06
27318,0,2.789618e-07
27319,0,0.00010390156
27320,0,0.00016254147
27321,0,1.3286658e-05
27322,0,9.942656e-07
27323,0,2.3559687e-06
27324,0,0.0012401119
27325,0,1.2068604e-05
27326,0,4.3810796e-06
27327,0,0.00010006591
27328,0,1.4270281e-06
27329,0,2.4153993e-05
27330,0,1.3960043e-05
27331,0,5.1401854e-05
27332,0,1.5620231e-05
27333,0,6.037727e-07
27334,0,1.7347982e-05
27335,0,1.0827248e-06
27336,0,4.93584e-06
27337,0,1.3495684e-05
27338,0,0.000103021135
27339,0,8.082298e-06
27340,0,0.00027938109
27341,0,1.4728752e-05
27342,0,8.6447035e-05
27343,0,1.7091364e-05
27344,0,2.2941962e-05
27345,0,6.966839e-07
27346,0,2.21584e-05
27347,0,1.7979067e-06
27348,0,0.00010633271
27349,0,5.847057e-07
27350,0,0.00049994997
27351,0,0.00022859535
27352,0,0.00037841435
27353,0,3.105056e-07
27354,0,2.8771183e-06
27355,0,4.9231244e-07
27356,0,7.367146e-05
27357,0,1.7730251e-07
27358,0,0.00012413466
27359,0,5.5753117e-07
27360,0,1.2951107e-05
27361,0,2.335893e-05
27362,0,9.019577e-06
27363,0,7.066473e-05
27364,0,3.2629348e-06
27365,0,0.00041244883
27366,0,1.9340965e-05
27367,0,2.791584e-08
27368,0,0.00016670188
27369,0,3.375689e-05
27370,0,8.8178336e-07
27371,0,0.00031933933
27372,0,7.726199e-05
27373,0,1.4450297e-05
27374,0,4.492979e-05
27375,0,4.9686923e-06
27376,0,1.2497909e-06
27377,0,2.7702302e-07
27378,0,3.5691428e-07
27379,0,2.6257446e-06
27380,0,4.11731e-07
27381,0,2.2893968e-05
27382,0,9.644236e-05
27383,0,9.5310327e-07
27384,0,1.1995933e-06
27385,0,3.6925675e-07
27386,0,0.0004787046
27387,0,4.022703e-06
27388,0,0.00014869805
27389,0,5.2274805e-07
27390,0,8.793843e-06
27391,0,5.789114e-05
27392,0,4.6858747e-07
27393,0,5.51417e-06
27394,0,5.2890508e-05
27395,0,0.00047993066
27396,0,6.742467e-07
27397,0,6.463941e-07
27398,0,0.00012798989
27399,0,7.530567e-06
27400,0,2.072579e-06
27401,0,4.9456266e-06
27402,0,0.00015670226
27403,0,5.530097e-05
27404,0,3.901105e-05
27405,0,1.4637376e-06
27406,0,3.385409e-05
27407,0,1.6533869e-06
27408,0,6.3067746e-05
27409,0,8.853267e-05
27410,0,8.5156626e-07
27411,0,1.1644041e-05
27412,0,1.8761946e-06
27413,0,0.00040951106
27414,0,8.321513e-06
27415,0,1.13565875e-05
27416,0,0.000365556
27417,0,9.36169e-05
27418,0,4.0183747e-07
27419,0,7.723917e-06
27420,0,5.6748804e-06
27421,0,6.727272e-05
27422,0,0.00021634428
27423,0,8.808339e-06
27424,0,3.0117997e-06
27425,0,6.062492e-05
27426,0,2.0362853e-05
27427,0,5.6471367e-06
27428,0,0.0006670922
27429,0,5.1792704e-06
27430,0,0.00028630218
27431,0,4.1751493e-05
27432,0,2.9738467e-05
27433,0,1.7752398e-06
27434,0,6.965795e-05
27435,0,6.970122e-06
27436,0,0.0006611484
27437,0,6.458484e-06
27438,0,9.681997e-06
27439,0,4.2491524e-06
27440,0,0.00011519231
27441,0,5.0084545e-06
27442,0,3.5135977e-06
27443,0,0.00011043959
27444,0,9.501199e-06
27445,0,2.6761438e-06
27446,0,1.4410692e-05
27447,0,6.1995015e-06
27448,0,0.0017903944
27449,0,4.330962e-05
27450,0,3.0249199e-05
27451,0,0.02604763
27452,0,8.805517e-06
27453,0,3.169942e-05
27454,0,1.3598287e-05
27455,0,2.065567e-07
27456,0,9.767836e-07
27457,0,8.9749324e-07
27458,0,4.4586814e-06
27459,0,1.2934543e-05
27460,0,1.3123322e-07
27461,0,0.00017278247
27462,0,2.1135656e-06
27463,0,3.9327617e-05
27464,0,7.384982e-08
27465,0,2.8035208e-06
27466,0,0.00027289722
27467,0,1.1582794e-05
27468,0,4.1244627e-07
27469,0,7.3819847e-06
27470,0,2.8077347e-06
27471,0,3.0068804e-06
27472,0,2.7990674e-05
27473,0,0.00013447899
27474,0,4.462059e-06
27475,0,7.5213093e-06
27476,0,8.810408e-05
27477,0,1.8217706e-05
27478,0,1.3578051e-06
27479,0,3.703677e-06
27480,0,3.6678803e-06
27481,0,7.1801032e-06
27482,0,9.427728e-06
27483,0,2.498898e-05
27484,0,0.00043167654
27485,0,2.8090793e-05
27486,0,7.5979433e-06
27487,0,1.1929971e-05
27488,0,5.2218284e-06
27489,0,2.1008332e-06
27490,0,1.1886098e-06
27491,0,0.00017498742
27492,0,4.0199247e-05
27493,0,1.931367e-07
27494,0,3.0984556e-06
27495,0,3.4364377e-05
27496,0,0.00091166084
27497,0,0.00037860617
27498,0,2.0634558e-05
27499,0,2.141364e-05
27500,0,9.150072e-05
27501,0,8.3138053e-07
27502,0,5.937619e-05
27503,0,2.4196397e-06
27504,0,0.000118908094
27505,0,1.026786e-05
27506,0,8.5890215e-06
27507,0,3.0331437e-05
27508,0,1.0317341e-05
27509,0,1.6095251e-05
27510,0,6.223634e-05
27511,0,1.8014827e-05
27512,0,3.432614e-07
27513,0,3.8407325e-05
27514,0,6.0225098e-06
27515,0,9.586389e-05
27516,0,0.00017667167
27517,0,0.0010829392
27518,0,1.4635389e-05
27519,0,4.7789552e-08
27520,0,0.00046689258
27521,0,2.8820918e-06
27522,0,0.0016177401
27523,0,1.8719247e-05
27524,0,5.6865927e-05
27525,0,2.6364037e-06
27526,0,0.0013013701
27527,0,8.02533e-06
27528,0,0.0001395425
27529,0,4.864854e-06
27530,0,4.5886838e-05
27531,0,2.280913e-06
27532,0,1.7761845e-06
27533,0,3.7637774e-06
27534,0,1.8233923e-05
27535,0,2.9119246e-07
27536,0,1.1686794e-07
27537,0,1.9782367e-06
27538,0,4.18803e-05
27539,0,0.00019471119
27540,0,9.714299e-07
27541,0,9.456049e-05
27542,0,2.7153872e-05
27543,0,1.9978628e-05
27544,0,0.0021458126
27545,0,1.1699891e-06
27546,0,1.6704021e-06
27547,0,3.241361e-05
27548,0,1.5868163e-05
27549,0,1.1190262e-05
27550,0,0.00015592779
27551,0,2.1376825e-06
27552,0,0.00011302046
27553,0,9.861836e-05
27554,0,4.7229594e-07
27555,0,0.00023133832
27556,0,0.0001387541
27557,0,0.0025020002
27558,0,6.9265666e-06
27559,0,1.2606398e-06
27560,0,9.4970936e-05
27561,0,0.0001782577
27562,0,6.140661e-07
27563,0,9.231962e-06
27564,0,2.4471612e-05
27565,0,1.2434017e-05
27566,0,7.489369e-08
27567,0,9.8904755e-05
27568,0,0.00027308278
27569,0,1.2168884e-06
27570,0,2.5956266e-05
27571,0,2.410861e-05
27572,0,0.0006646573
27573,0,6.4026713e-06
27574,0,4.117103e-05
27575,0,1.7416559e-06
27576,0,2.3771523e-05
27577,0,0.0005079272
27578,0,2.2358377e-07
27579,0,9.917543e-05
27580,0,4.991057e-07
27581,0,1.6900176e-05
27582,0,0.0005777866
27583,0,0.00056450174
27584,0,8.436498e-06
27585,0,0.00013346582
27586,0,5.2535365e-06
27587,0,2.7965489e-05
27588,0,4.65526e-05
27589,0,0.0005308191
27590,0,1.662949e-05
27591,0,8.3709125e-07
27592,0,4.0965624e-06
27593,0,3.2742242e-05
27594,0,0.00061186054
27595,0,1.176037e-05
27596,0,9.603014e-05
27597,0,0.0056570643
27598,0,8.922716e-05
27599,0,6.72438e-05
27600,0,6.075479e-05
27601,0,4.5041415e-05
27602,0,2.2165626e-05
27603,0,4.365824e-05
27604,0,0.00043358497
27605,0,8.12578e-07
27606,0,1.0649718e-05
27607,0,5.742458e-06
27608,0,5.577887e-06
27609,0,9.482525e-05
27610,0,1.4862147e-05
27611,0,0.0070565045
27612,0,6.5896835e-08
27613,0,0.0001219153
27614,0,0.0002830507
27615,0,8.850077e-06
27616,0,1.0897943e-05
27617,0,3.211788e-05
27618,0,2.1991018e-05
27619,0,1.8302617e-05
27620,0,7.473345e-08
27621,0,0.003850755
27622,0,1.2156034e-05
27623,0,1.0607866e-05
27624,0,0.00053507596
27625,0,0.00032298107
27626,0,3.1821162e-06
27627,0,2.3333416e-05
27628,0,9.151694e-07
27629,0,6.5902486e-07
27630,0,1.9346446e-05
27631,0,5.0398336e-05
27632,0,1.8558667e-05
27633,0,9.655956e-06
27634,0,1.6207137e-05
27635,0,1.7856635e-06
27636,0,8.126871e-06
27637,0,2.7792172e-05
27638,0,5.202554e-07
27639,0,3.487329e-06
27640,0,0.00019306678
27641,0,8.640382e-07
27642,0,7.696761e-07
27643,0,1.7069098e-05
27644,0,4.0055716e-06
27645,0,6.744448e-07
27646,0,0.00033883052
27647,0,3.250387e-05
27648,0,4.8681377e-05
27649,0,0.0001633832
27650,0,1.6454196e-05
27651,0,3.2559628e-06
27652,0,5.2675136e-06
27653,0,0.0003217149
27654,0,3.1085783e-05
27655,0,1.5477333e-05
27656,0,1.2631068e-06
27657,0,1.2307325e-05
27658,0,5.8379937e-05
27659,0,0.00010086442
27660,0,4.0360833e-06
27661,0,1.7998591e-06
27662,0,8.78314e-06
27663,0,2.2325245e-05
27664,0,0.0001799391
27665,0,0.0002779019
27666,0,0.012079582
27667,0,4.5322687e-07
27668,0,0.00018641709
27669,0,0.0002285143
27670,0,6.311077e-06
27671,0,1.626638e-05
27672,0,8.692852e-06
27673,0,5.5965793e-06
27674,0,3.5399706e-05
27675,0,1.0110119e-06
27676,0,6.948367e-07
27677,0,2.8837886e-07
27678,0,7.155992e-05
27679,0,1.15764e-05
27680,0,7.530567e-06
27681,0,5.9920376e-06
27682,0,0.0006214603
27683,0,0.0012217707
27684,0,0.00024378311
27685,0,7.9454085e-06
27686,0,1.7729911e-06
27687,0,3.500911e-06
27688,0,0.00013018902
27689,0,1.41996625e-05
27690,0,0.00041981312
27691,0,0.00086762954
27692,0,2.3108037e-06
27693,0,1.2445311e-05
27694,0,1.571901e-05
27695,0,1.3388056e-05
27696,0,1.3098731e-06
27697,0,1.4074765e-05
27698,0,3.603464e-06
27699,0,1.1661298e-05
27700,0,7.863156e-05
27701,0,1.0018764e-06
27702,0,2.8726832e-05
27703,0,8.5695615e-07
27704,0,7.83956e-06
27705,0,3.0455058e-05
27706,0,1.0953195e-06
27707,0,4.9880628e-06
27708,0,1.3198844e-07
27709,0,8.175978e-06
27710,0,2.7604958e-06
27711,0,1.2429062e-05
27712,0,8.0454585e-05
27713,0,0.00024153589
27714,0,2.0727628e-05
27715,0,8.25157e-07
27716,0,4.7009766e-07
27717,0,0.00017687057
27718,0,7.5254843e-06
27719,0,0.0001223231
27720,0,3.4865465e-05
27721,0,8.025958e-07
27722,0,2.6453356e-05
27723,0,2.1598446e-06
27724,0,5.3237277e-06
27725,0,0.00019216537
27726,0,1.5170802e-05
27727,0,1.397574e-07
27728,0,7.693608e-06
27729,0,2.2366734e-05
27730,0,5.2702762e-05
27731,0,0.002688273
27732,0,2.0105433e-06
27733,0,5.868357e-06
27734,0,9.6965e-07
27735,0,5.3216413e-06
27736,0,9.534579e-05
27737,0,9.82804e-05
27738,0,2.1662272e-05
27739,0,2.778395e-06
27740,0,0.00030534546
27741,0,0.0006340913
27742,0,5.765412e-06
27743,0,8.6175176e-05
27744,0,8.5859265e-06
27745,0,7.275728e-05
27746,0,4.0604333e-05
27747,0,4.2256534e-06
27748,0,1.11296295e-05
27749,0,2.5746764e-05
27750,0,0.0004002994
27751,0,1.2007977e-05
27752,0,6.2912645e-06
27753,0,9.358888e-07
27754,0,3.912185e-05
27755,0,5.652838e-05
27756,0,9.8522905e-06
27757,0,8.0635283e-07
27758,0,7.617023e-08
27759,0,0.061140217
27760,0,0.0009317828
27761,0,1.5986739e-06
27762,0,0.00021876082
27763,0,3.0012663e-07
27764,0,2.0282619e-07
27765,0,1.1450287e-05
27766,0,3.2233925e-06
27767,0,1.7308139e-05
27768,0,3.2638095e-06
27769,0,0.0015879052
27770,0,1.0954418e-05
27771,0,8.612225e-06
27772,0,2.6612282e-05
27773,0,2.7740853e-05
27774,0,4.033503e-05
27775,0,9.547581e-07
27776,0,0.00013343465
27777,0,3.9595936e-05
27778,0,1.2292637e-07
27779,0,0.00013178035
27780,0,2.6913647e-06
27781,0,4.8285794e-05
27782,0,7.9446045e-07
27783,0,1.8275878e-05
27784,0,0.0008445755
27785,0,0.0008423421
27786,0,0.00019729034
27787,0,8.1348355e-07
27788,0,3.7840941e-06
27789,0,5.7049292e-05
27790,0,3.0421934e-05
27791,0,2.6399099e-05
27792,0,5.836327e-06
27793,0,0.0004973403
27794,0,7.9173157e-07
27795,0,3.2826358e-06
27796,0,0.00023152167
27797,0,9.787212e-07
27798,0,2.1019929e-05
27799,0,8.253556e-05
27800,0,1.8013643e-05
27801,0,4.7308302e-05
27802,0,1.2452755e-05
27803,0,0.00011371742
27804,0,0.00032063373
27805,0,9.060899e-05
27806,0,7.5723005e-06
27807,0,1.4744901e-05
27808,0,2.7208987e-06
27809,0,6.5828724e-05
27810,0,1.3025077e-05
27811,0,2.7171098e-05
27812,0,0.00044215188
27813,0,1.1246976e-05
27814,0,5.4569755e-06
27815,0,0.001894099
27816,0,3.236706e-05
27817,0,1.2875587e-06
27818,0,0.00016946036
27819,0,0.0001289192
27820,0,1.3343597e-05
27821,0,0.000119580334
27822,0,2.6306296e-07
27823,0,2.1925307e-05
27824,0,2.2213486e-08
27825,0,0.00010857237
27826,0,4.2667168e-07
27827,0,0.0026508814
27828,0,1.9992794e-06
27829,0,2.304975e-05
27830,0,9.268979e-05
27831,0,1.1313026e-06
27832,0,7.5129215e-06
27833,0,0.00011790447
27834,0,9.031412e-06
27835,0,2.072004e-06
27836,0,1.24434955e-05
27837,0,0.00011315591
27838,0,4.1644757e-06
27839,0,2.8416416e-06
27840,0,4.351052e-05
27841,0,1.2770668e-05
27842,0,5.4352245e-06
27843,0,0.00035683624
27844,0,7.2180765e-06
27845,0,1.2523413e-05
27846,0,0.0049365913
27847,0,1.3806947e-05
27848,0,9.365111e-07
27849,0,2.586634e-07
27850,0,6.043828e-07
27851,0,0.00016486725
27852,0,2.3329165e-05
27853,0,0.00026889786
27854,0,1.2822411e-05
27855,0,8.554566e-06
27856,0,3.1443867e-06
27857,0,3.24078e-05
27858,0,1.4356479e-07
27859,0,2.2063916e-06
27860,0,2.7183049e-05
27861,0,8.46886e-05
27862,0,1.2812981e-06
27863,0,1.0560083e-05
27864,0,1.1440235e-05
27865,0,3.411296e-05
27866,0,2.5097312e-05
27867,0,0.0022325912
27868,0,4.39395e-06
27869,0,5.3789404e-06
27870,0,3.5517887e-06
27871,0,9.689978e-06
27872,0,8.59534e-06
27873,0,6.3575644e-05
27874,0,3.251428e-07
27875,0,7.5958764e-07
27876,0,4.4082413e-09
27877,0,3.2108304e-07
27878,0,3.0361334e-06
27879,0,3.091072e-05
27880,0,0.00022073764
27881,0,7.5809606e-07
27882,0,0.0002920776
27883,0,5.358931e-06
27884,0,0.0036006442
27885,0,2.9827308e-05
27886,0,6.6899916e-06
27887,0,0.0005941865
27888,0,5.076712e-06
27889,0,0.0015948936
27890,0,0.0004123936
27891,0,1.867866e-05
27892,0,6.183224e-05
27893,0,1.47203e-05
27894,0,2.5530103e-06
27895,0,0.00022415763
27896,0,2.026568e-05
27897,0,2.6255943e-06
27898,0,4.0082284e-07
27899,0,5.178434e-05
27900,0,7.173066e-05
27901,0,3.317696e-06
27902,0,5.7747884e-06
27903,0,3.7534005e-07
27904,0,2.297583e-07
27905,0,1.5534458e-07
27906,0,0.000121855686
27907,0,6.5165664e-06
27908,0,4.246685e-06
27909,0,0.00010824364
27910,0,0.000559676
27911,0,5.2581177e-06
27912,0,0.000111751186
27913,0,1.8491056e-06
27914,0,5.1106348e-05
27915,1,0.003663724
27916,0,3.5214787e-05
27917,0,2.9956948e-06
27918,0,2.9070766e-06
27919,0,5.444565e-08
27920,0,4.632586e-05
27921,0,1.5957212e-05
27922,0,0.00014552499
27923,0,7.0785086e-07
27924,0,0.0016944604
27925,0,3.0251795e-05
27926,0,3.114792e-05
27927,0,1.4029332e-06
27928,0,4.8917926e-05
27929,0,4.139408e-06
27930,0,1.5479976e-05
27931,0,0.0026255746
27932,0,2.7712367e-06
27933,0,2.5335114e-05
27934,0,5.5340097e-06
27935,0,9.865887e-06
27936,0,0.0005139031
27937,0,0.00024375613
27938,0,8.087911e-06
27939,0,7.4577124e-06
27940,0,0.0040514143
27941,0,0.00031927877
27942,0,3.1130082e-07
27943,0,9.1326865e-06
27944,0,1.5046854e-06
27945,0,8.679652e-05
27946,0,2.791899e-07
27947,0,0.000105679894
27948,0,8.029924e-07
27949,0,1.5545838e-05
27950,0,2.042552e-05
27951,0,1.29267e-05
27952,0,3.2299332e-07
27953,0,8.6205e-06
27954,0,0.02295056
27955,0,1.4974603e-07
27956,0,1.2763971e-05
27957,0,0.00013376382
27958,0,8.483798e-07
27959,0,4.9108758e-06
27960,0,7.213612e-07
27961,0,2.466043e-06
27962,0,2.7520923e-06
27963,0,2.2815047e-05
27964,0,5.2834988e-08
27965,0,1.3691223e-05
27966,0,0.00011538327
27967,0,6.009525e-05
27968,0,7.7300615e-07
27969,0,3.8818007e-06
27970,0,3.395858e-06
27971,0,0.00069315307
27972,0,1.9028357e-05
27973,0,5.7679913e-06
27974,0,2.594852e-05
27975,0,1.0485662e-05
27976,0,1.6953775e-06
27977,0,1.1434061e-05
27978,0,3.0728804e-06
27979,0,9.873513e-05
27980,0,1.3558275e-05
27981,0,5.1808806e-06
27982,0,5.15398e-07
27983,0,1.8830044e-06
27984,0,5.0801505e-06
27985,0,6.04844e-06
27986,0,4.3475393e-05
27987,0,4.5359757e-06
27988,0,3.3558368e-05
27989,0,3.74462e-05
27990,0,0.00044753082
27991,0,0.0026240253
27992,0,1.2690739e-06
27993,0,0.00023019002
27994,0,2.4918016e-05
27995,0,3.0466042e-06
27996,0,4.6512895e-07
27997,0,3.2449457e-06
27998,0,8.149192e-06
27999,0,3.1048269e-06
28000,0,0.00041488308
28001,0,1.905804e-06
28002,0,5.8771057e-06
28003,0,2.8865652e-05
28004,0,2.1847536e-05
28005,0,3.7221037e-06
28006,0,3.366309e-06
28007,0,2.5931276e-05
28008,0,4.1655727e-05
28009,0,3.7786308e-06
28010,0,5.097393e-06
28011,0,0.00018183146
28012,0,0.0001107241
28013,0,6.5280365e-06
28014,0,0.012340418
28015,0,1.1957281e-06
28016,0,2.3710934e-06
28017,0,6.6161833e-06
28018,0,3.2135063e-06
28019,0,1.7367094e-08
28020,0,9.516869e-06
28021,0,0.00030103538
28022,0,5.951443e-06
28023,0,2.086123e-06
28024,0,2.8718307e-07
28025,0,4.2113144e-05
28026,0,5.0858638e-05
28027,0,6.153466e-05
28028,0,4.595309e-05
28029,0,0.00015767138
28030,0,3.18345e-05
28031,0,2.0529994e-06
28032,0,1.4581655e-05
28033,0,0.0019128924
28034,0,0.0014748281
28035,0,3.5230874e-05
28036,0,6.58942e-08
28037,0,1.2994329e-06
28038,0,1.3192606e-05
28039,0,8.516421e-06
28040,0,9.314676e-06
28041,0,0.0005379697
28042,0,4.850419e-06
28043,0,0.00045649323
28044,0,7.1828237e-07
28045,0,2.6168596e-05
28046,0,0.0019202104
28047,0,3.9703932e-07
28048,0,5.4148863e-06
28049,0,4.1962332e-05
28050,0,7.435119e-07
28051,0,0.00017874823
28052,0,0.00068893493
28053,0,0.00012927644
28054,0,0.0013732845
28055,0,0.00086335355
28056,0,3.2099877e-05
28057,0,0.0003339884
28058,0,0.00016286742
28059,0,0.0005176194
28060,0,1.6775217e-05
28061,0,1.0284128e-05
28062,0,1.2156313e-05
28063,0,0.00016868445
28064,0,9.9664485e-06
28065,0,0.0019578433
28066,0,3.043732e-06
28067,0,2.7423512e-06
28068,0,1.5756068e-07
28069,0,0.000490823
28070,0,6.466385e-06
28071,0,0.00011354373
28072,0,3.2644937e-05
28073,0,1.1698334e-05
28074,0,8.496404e-07
28075,0,2.462304e-06
28076,0,7.152276e-07
28077,0,2.2489297e-07
28078,0,0.008171654
28079,0,0.0005277769
28080,0,2.6249825e-08
28081,0,1.3585965e-06
28082,0,6.797348e-05
28083,0,0.0054063923
28084,0,4.7620365e-06
28085,0,0.00015242785
28086,0,9.111664e-05
28087,0,4.818418e-05
28088,0,1.9959165e-05
28089,0,2.9677667e-05
28090,0,7.262765e-06
28091,0,3.3917474e-06
28092,0,0.0002666525
28093,0,3.3038013e-05
28094,0,2.916137e-05
28095,0,3.865675e-05
28096,0,8.733902e-05
28097,0,3.1155494e-06
28098,0,3.676393e-05
28099,0,0.00052262965
28100,0,5.901277e-05
28101,0,1.0818107e-05
28102,0,0.0001702671
28103,0,4.1605508e-05
28104,0,4.3742227e-07
28105,0,6.8484824e-06
28106,0,1.4743565e-05
28107,0,3.0271794e-06
28108,0,6.76637e-05
28109,0,6.7389064e-06
28110,0,6.060307e-05
28111,0,6.646322e-05
28112,0,3.1152078e-06
28113,0,9.468292e-06
28114,0,0.00089404214
28115,0,2.4876681e-05
28116,0,2.7380813e-06
28117,0,7.308813e-07
28118,0,1.0586987e-05
28119,0,6.34271e-05
28120,0,2.4804567e-06
28121,0,4.173398e-05
28122,0,3.8238446e-05
28123,0,1.1132019e-08
28124,0,7.526202e-06
28125,0,0.000267752
28126,0,1.8609442e-05
28127,0,0.00022278438
28128,0,5.8680216e-06
28129,0,2.9078805e-08
28130,0,2.3711593e-05
28131,0,1.6240599e-06
28132,0,2.1233525e-08
28133,0,4.0386913e-05
28134,0,2.2806869e-06
28135,0,0.00039314845
28136,0,1.5905882e-06
28137,0,3.6915958e-06
28138,0,5.951695e-05
28139,0,1.155774e-06
28140,0,7.019969e-05
28141,0,8.183165e-05
28142,0,2.6150988e-06
28143,0,0.0002241292
28144,0,8.449544e-09
28145,0,1.934456e-06
28146,0,0.00020666115
28147,0,1.3836145e-05
28148,0,0.0006921834
28149,0,2.9493654e-05
28150,0,1.2905932e-05
28151,0,1.1325204e-06
28152,0,1.6336537e-06
28153,0,1.988627e-08
28154,0,0.00015148518
28155,0,5.1949023e-06
28156,0,0.00019558852
28157,0,0.00021365845
28158,0,5.6494905e-06
28159,0,0.008940194
28160,0,2.298905e-05
28161,0,2.647756e-05
28162,0,0.0002947272
28163,0,0.000112615744
28164,0,0.002576848
28165,0,4.5482734e-06
28166,0,8.100424e-07
28167,0,1.1122838e-06
28168,0,1.7171085e-06
28169,0,2.4117262e-06
28170,0,1.160479e-06
28171,0,1.9505338e-05
28172,0,0.062354103
28173,0,0.00013554185
28174,0,2.0103746e-06
28175,0,2.7682943e-06
28176,0,1.3297039e-05
28177,0,1.8291954e-05
28178,0,1.3457115e-05
28179,0,5.748728e-05
28180,0,8.7660754e-07
28181,0,8.710486e-06
28182,0,6.14212e-07
28183,0,1.6475788e-05
28184,0,0.0006843644
28185,0,6.5305807e-07
28186,0,1.4086471e-06
28187,0,0.00021310241
28188,0,9.840637e-06
28189,0,2.773431e-06
28190,0,7.081195e-06
28191,0,8.191166e-06
28192,0,3.1573168e-06
28193,0,7.547118e-06
28194,0,5.20714e-07
28195,0,6.1645997e-06
28196,0,4.059969e-07
28197,0,4.192897e-06
28198,0,0.00028433517
28199,0,3.8836374e-06
28200,0,0.0002457668
28201,0,1.6410006e-05
28202,0,1.3668705e-05
28203,0,3.2453545e-06
28204,0,3.535305e-05
28205,0,3.2157166e-06
28206,0,9.4785555e-06
28207,0,4.053914e-05
28208,0,1.0744762e-06
28209,0,7.667723e-05
28210,0,0.0016270749
28211,0,0.00026744127
28212,0,4.4990677e-05
28213,0,4.5171155e-06
28214,0,5.3176946e-06
28215,0,2.464174e-06
28216,0,0.00041348103
28217,0,2.1253213e-06
28218,0,5.502601e-05
28219,0,0.000109698696
28220,0,0.00017952609
28221,0,3.2021048e-06
28222,0,0.00017563718
28223,0,3.7905777e-06
28224,0,2.6853678e-07
28225,0,3.7139057e-07
28226,0,2.3457367e-06
28227,0,7.987901e-07
28228,0,4.322995e-06
28229,0,1.6569462e-06
28230,0,0.00030394
28231,0,5.3615126e-06
28232,0,8.01068e-06
28233,0,2.0499283e-05
28234,0,5.786934e-06
28235,0,2.6187674e-06
28236,0,0.00021781963
28237,0,3.1042003e-07
28238,0,2.344447e-05
28239,0,0.0003009398
28240,0,2.72627e-06
28241,0,0.00034704362
28242,0,2.3028833e-05
28243,0,0.00024260195
28244,0,8.770366e-05
28245,0,1.767617e-05
28246,0,4.3598792e-08
28247,0,8.047756e-06
28248,0,1.2422589e-07
28249,0,0.00032651046
28250,0,3.0932926e-05
28251,0,0.0001256133
28252,0,4.0901323e-05
28253,0,1.5750746e-05
28254,0,1.5811447e-06
28255,0,9.068497e-06
28256,0,2.058601e-05
28257,0,7.3317788e-06
28258,0,7.3723886e-06
28259,0,2.866828e-06
28260,0,4.1829848e-05
28261,0,0.0001935855
28262,0,8.19097e-06
28263,0,3.5772562e-05
28264,0,0.0005955901
28265,0,1.9870948e-05
28266,0,1.0277737e-06
28267,0,0.002786605
28268,0,6.3397165e-05
28269,0,7.2465828e-06
28270,0,1.4600639e-06
28271,0,1.5326018e-06
28272,0,1.8305358e-05
28273,0,1.8826021e-06
28274,0,5.863558e-06
28275,0,4.0920807e-07
28276,0,6.913731e-06
28277,0,1.0980449e-06
28278,0,7.333635e-08
28279,0,5.7781544e-05
28280,0,1.0453734e-06
28281,0,1.912567e-05
28282,0,9.967948e-07
28283,0,6.0628444e-08
28284,0,7.74017e-06
28285,0,1.1498362e-06
28286,0,6.785778e-06
28287,0,4.6396563e-06
28288,0,3.114284e-06
28289,0,0.0002860768
28290,0,4.082962e-06
28291,0,6.760264e-06
28292,0,1.1931381e-05
28293,0,0.00012755918
28294,0,1.6715938e-05
28295,0,6.612002e-05
28296,0,5.1577445e-05
28297,0,3.9264214e-05
28298,0,3.7518005e-06
28299,0,7.635073e-07
28300,0,3.63515e-06
28301,0,8.805441e-06
28302,0,3.4425124e-05
28303,0,1.739898e-05
28304,0,0.030576669
28305,0,1.4130294e-06
28306,0,4.818427e-06
28307,0,1.08099075e-05
28308,0,1.4491602e-05
28309,0,3.0078474e-05
28310,0,1.0599371e-05
28311,0,1.5060943e-05
28312,0,4.16672e-06
28313,0,2.6345638e-06
28314,0,1.993043e-06
28315,0,8.331145e-06
28316,0,2.1662025e-05
28317,0,0.00017231128
28318,0,3.738999e-06
28319,0,3.6253154e-05
28320,0,7.666831e-05
28321,0,2.274117e-05
28322,0,0.0009564739
28323,0,1.0684852e-06
28324,0,0.00010033364
28325,0,0.00026335655
28326,0,7.2439498e-06
28327,0,1.5577109e-06
28328,0,5.8405552e-05
28329,0,1.4849415e-07
28330,0,0.00084971596
28331,0,3.4448505e-05
28332,0,1.30265935e-05
28333,0,1.2790022e-05
28334,0,1.6182777e-06
28335,0,0.00036848336
28336,0,6.2797626e-05
28337,0,9.656684e-06
28338,0,7.7660276e-05
28339,0,0.00016071889
28340,0,6.600759e-07
28341,0,1.49881835e-05
28342,0,2.9290334e-08
28343,0,0.001164092
28344,0,5.9655815e-07
28345,0,1.8742044e-06
28346,0,5.023595e-06
28347,0,3.3636643e-05
28348,0,7.702233e-06
28349,0,9.879456e-05
28350,0,2.9633451e-08
28351,0,8.620376e-06
28352,0,3.9453408e-08
28353,0,1.9387928e-05
28354,0,0.00034981372
28355,0,6.9828144e-05
28356,0,0.0008525862
28357,0,1.5310403e-06
28358,0,1.3102105e-06
28359,0,5.176005e-05
28360,0,7.817787e-05
28361,0,1.4527164e-06
28362,0,1.0207348e-06
28363,0,2.1648124e-05
28364,0,5.9123363e-06
28365,0,2.775157e-05
28366,0,3.8489743e-06
28367,0,3.7362047e-06
28368,0,4.2121417e-05
28369,0,0.00060810114
28370,0,4.129251e-06
28371,0,9.381837e-07
28372,0,2.2644177e-05
28373,0,4.1435764e-05
28374,0,9.751e-07
28375,0,7.8950805e-05
28376,0,4.2039996e-05
28377,0,5.569048e-06
28378,0,0.00010026038
28379,0,0.0048883045
28380,0,1.8997387e-05
28381,0,1.4490427e-05
28382,0,1.0072058e-06
28383,1,0.9999808
28384,0,3.6359302e-06
28385,0,1.0641658e-05
28386,0,7.136156e-05
28387,0,8.7305125e-05
28388,0,0.000117759526
28389,0,0.0002649533
28390,0,1.9548745e-06
28391,0,0.00011975206
28392,0,0.00020978626
28393,0,1.6533064e-05
28394,0,4.202216e-05
28395,0,7.431004e-06
28396,0,7.202684e-05
28397,0,0.000102704114
28398,0,8.202189e-07
28399,0,0.0032833137
28400,0,9.326649e-06
28401,0,2.083409e-05
28402,0,0.00020078926
28403,0,4.771287e-07
28404,0,0.0005546763
28405,0,0.00041008746
28406,0,3.5382254e-06
28407,0,9.772432e-06
28408,0,2.9862345e-05
28409,0,2.0788443e-06
28410,0,6.339892e-05
28411,0,1.2228705e-06
28412,0,4.887165e-06
28413,0,2.8996483e-05
28414,0,1.8281753e-05
28415,0,9.87996e-07
28416,0,0.00013809717
28417,0,7.3008647e-07
28418,0,1.1903602e-06
28419,0,1.6737939e-06
28420,0,1.2917466e-06
28421,0,4.151501e-06
28422,0,1.4285246e-05
28423,0,2.1070484e-05
28424,0,0.00012343777
28425,0,8.7289984e-05
28426,0,2.3919014e-05
28427,0,9.111042e-06
28428,0,2.6326425e-06
28429,0,9.568076e-06
28430,0,6.2847457e-06
28431,0,4.927318e-05
28432,0,1.1536816e-06
28433,0,2.3128836e-08
28434,0,4.169786e-05
28435,0,3.046072e-05
28436,0,6.07311e-05
28437,0,3.1146105e-06
28438,0,3.4291766e-05
28439,0,3.5754495e-06
28440,0,8.0088e-05
28441,0,6.0771004e-06
28442,0,1.441828e-06
28443,0,2.36718e-06
28444,0,1.7286711e-05
28445,0,7.994639e-05
28446,0,1.6650329e-06
28447,0,3.9944895e-05
28448,0,0.00021149559
28449,0,2.2295968e-05
28450,0,1.0349841e-05
28451,0,6.364807e-05
28452,0,2.7365488e-06
28453,0,3.961841e-07
28454,0,5.318328e-06
28455,0,6.146466e-06
28456,0,4.4732774e-06
28457,0,3.1349133e-05
28458,0,7.603705e-05
28459,0,7.2631826e-07
28460,0,8.291176e-05
28461,0,1.3055555e-06
28462,0,0.0001368778
28463,0,3.8149064e-05
28464,0,7.6951534e-07
28465,0,5.861032e-05
28466,0,1.0283816e-06
28467,0,1.1394386e-06
28468,0,0.00020592904
28469,0,3.9651557e-05
28470,0,0.00011807752
28471,0,6.0727903e-06
28472,0,1.4432158e-05
28473,0,6.233099e-07
28474,0,9.19726e-06
28475,0,3.580537e-06
28476,0,0.005058798
28477,0,0.0001895404
28478,0,6.3598222e-06
28479,0,2.3700036e-06
28480,0,5.343784e-06
